date,consumption_gwh,slp_gwh,rlm_gwh,status,source
2021-08-01,603.311,172.241,431.070,final,Trading Hub Europe AggregatedConsumptionData
2021-08-02,727.789,186.285,541.504,final,Trading Hub Europe AggregatedConsumptionData
2021-08-03,797.353,204.142,593.211,final,Trading Hub Europe AggregatedConsumptionData
2021-08-04,813.640,205.845,607.795,final,Trading Hub Europe AggregatedConsumptionData
2021-08-05,775.661,198.377,577.284,final,Trading Hub Europe AggregatedConsumptionData
2021-08-06,687.755,183.612,504.143,final,Trading Hub Europe AggregatedConsumptionData
2021-08-07,602.714,173.091,429.624,final,Trading Hub Europe AggregatedConsumptionData
2021-08-08,613.278,180.734,432.544,final,Trading Hub Europe AggregatedConsumptionData
2021-08-09,720.999,185.618,535.380,final,Trading Hub Europe AggregatedConsumptionData
2021-08-10,729.574,179.234,550.340,final,Trading Hub Europe AggregatedConsumptionData
2021-08-11,731.799,162.267,569.531,final,Trading Hub Europe AggregatedConsumptionData
2021-08-12,714.334,141.773,572.561,final,Trading Hub Europe AggregatedConsumptionData
2021-08-13,629.104,130.066,499.038,final,Trading Hub Europe AggregatedConsumptionData
2021-08-14,541.802,125.906,415.896,final,Trading Hub Europe AggregatedConsumptionData
2021-08-15,539.373,122.184,417.189,final,Trading Hub Europe AggregatedConsumptionData
2021-08-16,692.754,149.654,543.100,final,Trading Hub Europe AggregatedConsumptionData
2021-08-17,755.788,190.901,564.887,final,Trading Hub Europe AggregatedConsumptionData
2021-08-18,753.279,200.990,552.289,final,Trading Hub Europe AggregatedConsumptionData
2021-08-19,758.865,200.040,558.824,final,Trading Hub Europe AggregatedConsumptionData
2021-08-20,722.238,183.529,538.709,final,Trading Hub Europe AggregatedConsumptionData
2021-08-21,577.500,156.214,421.287,final,Trading Hub Europe AggregatedConsumptionData
2021-08-22,593.334,163.567,429.767,final,Trading Hub Europe AggregatedConsumptionData
2021-08-23,756.557,174.741,581.816,final,Trading Hub Europe AggregatedConsumptionData
2021-08-24,809.278,197.525,611.754,final,Trading Hub Europe AggregatedConsumptionData
2021-08-25,784.656,208.748,575.908,final,Trading Hub Europe AggregatedConsumptionData
2021-08-26,831.017,231.538,599.480,final,Trading Hub Europe AggregatedConsumptionData
2021-08-27,837.325,256.873,580.452,final,Trading Hub Europe AggregatedConsumptionData
2021-08-28,730.541,262.337,468.204,final,Trading Hub Europe AggregatedConsumptionData
2021-08-29,749.041,271.475,477.566,final,Trading Hub Europe AggregatedConsumptionData
2021-08-30,867.124,254.650,612.474,final,Trading Hub Europe AggregatedConsumptionData
2021-08-31,903.216,250.132,653.085,final,Trading Hub Europe AggregatedConsumptionData
2021-09-01,925.390,244.832,680.557,final,Trading Hub Europe AggregatedConsumptionData
2021-09-02,888.165,231.938,656.226,final,Trading Hub Europe AggregatedConsumptionData
2021-09-03,821.214,222.623,598.591,final,Trading Hub Europe AggregatedConsumptionData
2021-09-04,669.582,205.627,463.955,final,Trading Hub Europe AggregatedConsumptionData
2021-09-05,667.228,188.755,478.473,final,Trading Hub Europe AggregatedConsumptionData
2021-09-06,838.912,184.771,654.141,final,Trading Hub Europe AggregatedConsumptionData
2021-09-07,846.602,177.818,668.784,final,Trading Hub Europe AggregatedConsumptionData
2021-09-08,824.772,167.837,656.934,final,Trading Hub Europe AggregatedConsumptionData
2021-09-09,825.120,158.662,666.458,final,Trading Hub Europe AggregatedConsumptionData
2021-09-10,787.243,159.482,627.760,final,Trading Hub Europe AggregatedConsumptionData
2021-09-11,622.960,160.586,462.375,final,Trading Hub Europe AggregatedConsumptionData
2021-09-12,643.554,172.436,471.117,final,Trading Hub Europe AggregatedConsumptionData
2021-09-13,853.640,189.155,664.485,final,Trading Hub Europe AggregatedConsumptionData
2021-09-14,834.060,179.315,654.745,final,Trading Hub Europe AggregatedConsumptionData
2021-09-15,836.265,171.298,664.968,final,Trading Hub Europe AggregatedConsumptionData
2021-09-16,861.729,190.669,671.060,final,Trading Hub Europe AggregatedConsumptionData
2021-09-17,863.984,219.548,644.436,final,Trading Hub Europe AggregatedConsumptionData
2021-09-18,705.209,239.133,466.077,final,Trading Hub Europe AggregatedConsumptionData
2021-09-19,761.489,270.381,491.108,final,Trading Hub Europe AggregatedConsumptionData
2021-09-20,1038.477,318.997,719.479,final,Trading Hub Europe AggregatedConsumptionData
2021-09-21,1072.900,373.392,699.508,final,Trading Hub Europe AggregatedConsumptionData
2021-09-22,1093.403,381.949,711.454,final,Trading Hub Europe AggregatedConsumptionData
2021-09-23,985.867,343.914,641.953,final,Trading Hub Europe AggregatedConsumptionData
2021-09-24,912.218,301.563,610.656,final,Trading Hub Europe AggregatedConsumptionData
2021-09-25,769.396,256.591,512.805,final,Trading Hub Europe AggregatedConsumptionData
2021-09-26,708.712,225.412,483.300,final,Trading Hub Europe AggregatedConsumptionData
2021-09-27,869.959,221.049,648.910,final,Trading Hub Europe AggregatedConsumptionData
2021-09-28,978.235,267.672,710.563,final,Trading Hub Europe AggregatedConsumptionData
2021-09-29,993.074,330.158,662.917,final,Trading Hub Europe AggregatedConsumptionData
2021-09-30,1128.451,428.140,700.311,final,Trading Hub Europe AggregatedConsumptionData
2021-10-01,2006.583,701.800,1304.783,final,Trading Hub Europe AggregatedConsumptionData
2021-10-02,1688.291,610.800,1077.491,final,Trading Hub Europe AggregatedConsumptionData
2021-10-03,1580.067,506.066,1074.001,final,Trading Hub Europe AggregatedConsumptionData
2021-10-04,1980.396,565.016,1415.380,final,Trading Hub Europe AggregatedConsumptionData
2021-10-05,2032.181,638.871,1393.310,final,Trading Hub Europe AggregatedConsumptionData
2021-10-06,2258.334,748.126,1510.209,final,Trading Hub Europe AggregatedConsumptionData
2021-10-07,2431.154,829.747,1601.407,final,Trading Hub Europe AggregatedConsumptionData
2021-10-08,2347.075,843.750,1503.324,final,Trading Hub Europe AggregatedConsumptionData
2021-10-09,2165.592,915.101,1250.491,final,Trading Hub Europe AggregatedConsumptionData
2021-10-10,2365.906,1063.766,1302.140,final,Trading Hub Europe AggregatedConsumptionData
2021-10-11,2652.941,1088.038,1564.902,final,Trading Hub Europe AggregatedConsumptionData
2021-10-12,2779.689,1139.334,1640.356,final,Trading Hub Europe AggregatedConsumptionData
2021-10-13,2897.807,1197.335,1700.472,final,Trading Hub Europe AggregatedConsumptionData
2021-10-14,2691.334,1108.066,1583.269,final,Trading Hub Europe AggregatedConsumptionData
2021-10-15,2594.789,1083.758,1511.031,final,Trading Hub Europe AggregatedConsumptionData
2021-10-16,2494.893,1134.084,1360.810,final,Trading Hub Europe AggregatedConsumptionData
2021-10-17,2491.427,1141.382,1350.045,final,Trading Hub Europe AggregatedConsumptionData
2021-10-18,2691.087,1097.848,1593.239,final,Trading Hub Europe AggregatedConsumptionData
2021-10-19,2445.904,932.878,1513.026,final,Trading Hub Europe AggregatedConsumptionData
2021-10-20,2142.345,769.157,1373.189,final,Trading Hub Europe AggregatedConsumptionData
2021-10-21,2357.724,864.752,1492.972,final,Trading Hub Europe AggregatedConsumptionData
2021-10-22,2589.510,1064.978,1524.532,final,Trading Hub Europe AggregatedConsumptionData
2021-10-23,2631.586,1199.402,1432.183,final,Trading Hub Europe AggregatedConsumptionData
2021-10-24,2749.923,1352.965,1396.957,final,Trading Hub Europe AggregatedConsumptionData
2021-10-25,3079.158,1348.021,1731.137,final,Trading Hub Europe AggregatedConsumptionData
2021-10-26,2880.168,1223.539,1656.630,final,Trading Hub Europe AggregatedConsumptionData
2021-10-27,2706.829,1101.114,1605.714,final,Trading Hub Europe AggregatedConsumptionData
2021-10-28,2703.047,1086.026,1617.021,final,Trading Hub Europe AggregatedConsumptionData
2021-10-29,2588.561,1057.770,1530.792,final,Trading Hub Europe AggregatedConsumptionData
2021-10-30,2421.027,1047.854,1373.173,final,Trading Hub Europe AggregatedConsumptionData
2021-10-31,2158.696,938.954,1219.742,final,Trading Hub Europe AggregatedConsumptionData
2021-11-01,2474.509,1013.529,1460.981,final,Trading Hub Europe AggregatedConsumptionData
2021-11-02,3022.945,1169.343,1853.603,final,Trading Hub Europe AggregatedConsumptionData
2021-11-03,3293.190,1352.162,1941.028,final,Trading Hub Europe AggregatedConsumptionData
2021-11-04,3373.110,1503.351,1869.759,final,Trading Hub Europe AggregatedConsumptionData
2021-11-05,3284.766,1513.710,1771.056,final,Trading Hub Europe AggregatedConsumptionData
2021-11-06,2940.989,1481.239,1459.750,final,Trading Hub Europe AggregatedConsumptionData
2021-11-07,2905.281,1451.199,1454.082,final,Trading Hub Europe AggregatedConsumptionData
2021-11-08,3436.598,1481.385,1955.213,final,Trading Hub Europe AggregatedConsumptionData
2021-11-09,3453.418,1528.393,1925.025,final,Trading Hub Europe AggregatedConsumptionData
2021-11-10,3751.838,1656.072,2095.766,final,Trading Hub Europe AggregatedConsumptionData
2021-11-11,3783.233,1689.239,2093.994,final,Trading Hub Europe AggregatedConsumptionData
2021-11-12,3694.842,1756.491,1938.351,final,Trading Hub Europe AggregatedConsumptionData
2021-11-13,3286.012,1621.645,1664.367,final,Trading Hub Europe AggregatedConsumptionData
2021-11-14,3193.843,1561.802,1632.042,final,Trading Hub Europe AggregatedConsumptionData
2021-11-15,3721.026,1622.783,2098.243,final,Trading Hub Europe AggregatedConsumptionData
2021-11-16,3776.859,1683.333,2093.526,final,Trading Hub Europe AggregatedConsumptionData
2021-11-17,3567.955,1647.718,1920.237,final,Trading Hub Europe AggregatedConsumptionData
2021-11-18,3380.613,1607.803,1772.810,final,Trading Hub Europe AggregatedConsumptionData
2021-11-19,3137.930,1449.347,1688.583,final,Trading Hub Europe AggregatedConsumptionData
2021-11-20,2860.232,1383.190,1477.041,final,Trading Hub Europe AggregatedConsumptionData
2021-11-21,3117.202,1480.015,1637.186,final,Trading Hub Europe AggregatedConsumptionData
2021-11-22,3808.138,1712.652,2095.486,final,Trading Hub Europe AggregatedConsumptionData
2021-11-23,4055.941,1858.477,2197.465,final,Trading Hub Europe AggregatedConsumptionData
2021-11-24,4145.252,1948.892,2196.359,final,Trading Hub Europe AggregatedConsumptionData
2021-11-25,4278.035,2087.353,2190.681,final,Trading Hub Europe AggregatedConsumptionData
2021-11-26,4154.886,2120.988,2033.897,final,Trading Hub Europe AggregatedConsumptionData
2021-11-27,3984.873,2117.457,1867.416,final,Trading Hub Europe AggregatedConsumptionData
2021-11-28,4090.833,2209.711,1881.122,final,Trading Hub Europe AggregatedConsumptionData
2021-11-29,4510.907,2296.560,2214.347,final,Trading Hub Europe AggregatedConsumptionData
2021-11-30,4132.578,2121.753,2010.825,final,Trading Hub Europe AggregatedConsumptionData
2021-12-01,3777.284,1890.716,1886.568,final,Trading Hub Europe AggregatedConsumptionData
2021-12-02,4290.130,2077.323,2212.808,final,Trading Hub Europe AggregatedConsumptionData
2021-12-03,4226.347,2164.736,2061.611,final,Trading Hub Europe AggregatedConsumptionData
2021-12-04,3875.254,2053.868,1821.386,final,Trading Hub Europe AggregatedConsumptionData
2021-12-05,4002.644,2125.732,1876.912,final,Trading Hub Europe AggregatedConsumptionData
2021-12-06,4520.894,2262.774,2258.119,final,Trading Hub Europe AggregatedConsumptionData
2021-12-07,4459.717,2256.387,2203.330,final,Trading Hub Europe AggregatedConsumptionData
2021-12-08,4457.473,2243.475,2213.998,final,Trading Hub Europe AggregatedConsumptionData
2021-12-09,4562.418,2256.717,2305.701,final,Trading Hub Europe AggregatedConsumptionData
2021-12-10,4519.963,2279.876,2240.087,final,Trading Hub Europe AggregatedConsumptionData
2021-12-11,4166.868,2254.222,1912.646,final,Trading Hub Europe AggregatedConsumptionData
2021-12-12,3836.503,2098.549,1737.954,final,Trading Hub Europe AggregatedConsumptionData
2021-12-13,3937.945,1885.236,2052.709,final,Trading Hub Europe AggregatedConsumptionData
2021-12-14,3854.817,1777.798,2077.018,final,Trading Hub Europe AggregatedConsumptionData
2021-12-15,3682.739,1657.998,2024.741,final,Trading Hub Europe AggregatedConsumptionData
2021-12-16,3681.410,1646.106,2035.303,final,Trading Hub Europe AggregatedConsumptionData
2021-12-17,3609.033,1610.300,1998.733,final,Trading Hub Europe AggregatedConsumptionData
2021-12-18,3330.234,1599.882,1730.352,final,Trading Hub Europe AggregatedConsumptionData
2021-12-19,3367.198,1707.792,1659.406,final,Trading Hub Europe AggregatedConsumptionData
2021-12-20,4307.534,2068.939,2238.595,final,Trading Hub Europe AggregatedConsumptionData
2021-12-21,4745.013,2408.427,2336.586,final,Trading Hub Europe AggregatedConsumptionData
2021-12-22,4800.894,2579.714,2221.180,final,Trading Hub Europe AggregatedConsumptionData
2021-12-23,4298.360,2476.064,1822.296,final,Trading Hub Europe AggregatedConsumptionData
2021-12-24,3653.544,2168.654,1484.890,final,Trading Hub Europe AggregatedConsumptionData
2021-12-25,3927.236,2324.550,1602.686,final,Trading Hub Europe AggregatedConsumptionData
2021-12-26,3989.417,2356.961,1632.455,final,Trading Hub Europe AggregatedConsumptionData
2021-12-27,3970.542,2249.394,1721.149,final,Trading Hub Europe AggregatedConsumptionData
2021-12-28,3589.085,1989.689,1599.397,final,Trading Hub Europe AggregatedConsumptionData
2021-12-29,3299.557,1763.534,1536.022,final,Trading Hub Europe AggregatedConsumptionData
2021-12-30,2656.486,1321.425,1335.061,final,Trading Hub Europe AggregatedConsumptionData
2021-12-31,2326.726,1132.602,1194.125,final,Trading Hub Europe AggregatedConsumptionData
2022-01-01,2317.794,1116.273,1201.521,final,Trading Hub Europe AggregatedConsumptionData
2022-01-02,2443.104,1150.748,1292.356,final,Trading Hub Europe AggregatedConsumptionData
2022-01-03,2854.067,1262.394,1591.673,final,Trading Hub Europe AggregatedConsumptionData
2022-01-04,3242.033,1446.737,1795.295,final,Trading Hub Europe AggregatedConsumptionData
2022-01-05,3645.416,1798.101,1847.315,final,Trading Hub Europe AggregatedConsumptionData
2022-01-06,4075.842,2096.987,1978.855,final,Trading Hub Europe AggregatedConsumptionData
2022-01-07,4161.478,2230.235,1931.243,final,Trading Hub Europe AggregatedConsumptionData
2022-01-08,3942.713,2227.242,1715.471,final,Trading Hub Europe AggregatedConsumptionData
2022-01-09,3993.184,2201.079,1792.105,final,Trading Hub Europe AggregatedConsumptionData
2022-01-10,4586.763,2288.515,2298.247,final,Trading Hub Europe AggregatedConsumptionData
2022-01-11,4703.112,2356.386,2346.726,final,Trading Hub Europe AggregatedConsumptionData
2022-01-12,4706.594,2392.764,2313.830,final,Trading Hub Europe AggregatedConsumptionData
2022-01-13,4525.022,2314.347,2210.676,final,Trading Hub Europe AggregatedConsumptionData
2022-01-14,4424.133,2219.501,2204.631,final,Trading Hub Europe AggregatedConsumptionData
2022-01-15,4124.998,2166.670,1958.329,final,Trading Hub Europe AggregatedConsumptionData
2022-01-16,3924.250,2182.913,1741.337,final,Trading Hub Europe AggregatedConsumptionData
2022-01-17,4152.700,2109.763,2042.937,final,Trading Hub Europe AggregatedConsumptionData
2022-01-18,4291.148,2065.852,2225.296,final,Trading Hub Europe AggregatedConsumptionData
2022-01-19,4157.272,2131.898,2025.374,final,Trading Hub Europe AggregatedConsumptionData
2022-01-20,4338.242,2248.685,2089.556,final,Trading Hub Europe AggregatedConsumptionData
2022-01-21,4381.489,2287.830,2093.659,final,Trading Hub Europe AggregatedConsumptionData
2022-01-22,4001.611,2091.293,1910.318,final,Trading Hub Europe AggregatedConsumptionData
2022-01-23,3910.089,1998.746,1911.343,final,Trading Hub Europe AggregatedConsumptionData
2022-01-24,4371.372,2072.815,2298.557,final,Trading Hub Europe AggregatedConsumptionData
2022-01-25,4505.241,2169.937,2335.304,final,Trading Hub Europe AggregatedConsumptionData
2022-01-26,4455.374,2253.093,2202.281,final,Trading Hub Europe AggregatedConsumptionData
2022-01-27,4226.351,2194.435,2031.916,final,Trading Hub Europe AggregatedConsumptionData
2022-01-28,4109.706,2121.876,1987.830,final,Trading Hub Europe AggregatedConsumptionData
2022-01-29,3478.494,1886.153,1592.341,final,Trading Hub Europe AggregatedConsumptionData
2022-01-30,3539.417,1894.138,1645.279,final,Trading Hub Europe AggregatedConsumptionData
2022-01-31,4122.541,2046.637,2075.904,final,Trading Hub Europe AggregatedConsumptionData
2022-02-01,4035.350,2068.399,1966.951,final,Trading Hub Europe AggregatedConsumptionData
2022-02-02,3939.978,1946.875,1993.103,final,Trading Hub Europe AggregatedConsumptionData
2022-02-03,3833.773,1828.275,2005.498,final,Trading Hub Europe AggregatedConsumptionData
2022-02-04,3613.247,1781.901,1831.345,final,Trading Hub Europe AggregatedConsumptionData
2022-02-05,3469.522,1862.602,1606.920,final,Trading Hub Europe AggregatedConsumptionData
2022-02-06,3467.661,1858.490,1609.171,final,Trading Hub Europe AggregatedConsumptionData
2022-02-07,3917.794,1964.724,1953.070,final,Trading Hub Europe AggregatedConsumptionData
2022-02-08,3684.833,1842.357,1842.477,final,Trading Hub Europe AggregatedConsumptionData
2022-02-09,3568.404,1701.330,1867.074,final,Trading Hub Europe AggregatedConsumptionData
2022-02-10,3729.042,1760.399,1968.644,final,Trading Hub Europe AggregatedConsumptionData
2022-02-11,3943.238,1951.155,1992.084,final,Trading Hub Europe AggregatedConsumptionData
2022-02-12,3810.439,2110.357,1700.082,final,Trading Hub Europe AggregatedConsumptionData
2022-02-13,3646.492,2056.118,1590.374,final,Trading Hub Europe AggregatedConsumptionData
2022-02-14,3678.507,1865.874,1812.633,final,Trading Hub Europe AggregatedConsumptionData
2022-02-15,3647.306,1787.384,1859.922,final,Trading Hub Europe AggregatedConsumptionData
2022-02-16,3317.884,1531.473,1786.411,final,Trading Hub Europe AggregatedConsumptionData
2022-02-17,3225.536,1481.809,1743.728,final,Trading Hub Europe AggregatedConsumptionData
2022-02-18,3204.848,1482.481,1722.367,final,Trading Hub Europe AggregatedConsumptionData
2022-02-19,3136.319,1621.202,1515.117,final,Trading Hub Europe AggregatedConsumptionData
2022-02-20,3067.183,1580.578,1486.605,final,Trading Hub Europe AggregatedConsumptionData
2022-02-21,3573.927,1735.725,1838.201,final,Trading Hub Europe AggregatedConsumptionData
2022-02-22,3622.440,1761.226,1861.213,final,Trading Hub Europe AggregatedConsumptionData
2022-02-23,3640.900,1767.518,1873.382,final,Trading Hub Europe AggregatedConsumptionData
2022-02-24,3545.750,1721.360,1824.390,final,Trading Hub Europe AggregatedConsumptionData
2022-02-25,3744.403,1869.382,1875.022,final,Trading Hub Europe AggregatedConsumptionData
2022-02-26,3657.790,1953.667,1704.124,final,Trading Hub Europe AggregatedConsumptionData
2022-02-27,3726.952,2072.447,1654.505,final,Trading Hub Europe AggregatedConsumptionData
2022-02-28,4084.701,2142.576,1942.125,final,Trading Hub Europe AggregatedConsumptionData
2022-03-01,4246.211,2139.793,2106.418,final,Trading Hub Europe AggregatedConsumptionData
2022-03-02,4204.288,2086.577,2117.711,final,Trading Hub Europe AggregatedConsumptionData
2022-03-03,4090.963,2076.909,2014.054,final,Trading Hub Europe AggregatedConsumptionData
2022-03-04,4123.664,2134.126,1989.538,final,Trading Hub Europe AggregatedConsumptionData
2022-03-05,3869.293,2159.164,1710.130,final,Trading Hub Europe AggregatedConsumptionData
2022-03-06,3999.220,2241.024,1758.196,final,Trading Hub Europe AggregatedConsumptionData
2022-03-07,4370.156,2282.836,2087.320,final,Trading Hub Europe AggregatedConsumptionData
2022-03-08,4120.040,2183.766,1936.273,final,Trading Hub Europe AggregatedConsumptionData
2022-03-09,3878.240,2007.592,1870.648,final,Trading Hub Europe AggregatedConsumptionData
2022-03-10,3557.774,1819.239,1738.536,final,Trading Hub Europe AggregatedConsumptionData
2022-03-11,3425.353,1788.131,1637.222,final,Trading Hub Europe AggregatedConsumptionData
2022-03-12,3089.269,1653.093,1436.176,final,Trading Hub Europe AggregatedConsumptionData
2022-03-13,2965.725,1539.451,1426.274,final,Trading Hub Europe AggregatedConsumptionData
2022-03-14,3334.233,1484.840,1849.394,final,Trading Hub Europe AggregatedConsumptionData
2022-03-15,3403.538,1464.078,1939.460,final,Trading Hub Europe AggregatedConsumptionData
2022-03-16,3074.076,1335.888,1738.188,final,Trading Hub Europe AggregatedConsumptionData
2022-03-17,3214.345,1365.212,1849.133,final,Trading Hub Europe AggregatedConsumptionData
2022-03-18,3133.580,1413.674,1719.906,final,Trading Hub Europe AggregatedConsumptionData
2022-03-19,2891.736,1491.298,1400.438,final,Trading Hub Europe AggregatedConsumptionData
2022-03-20,2890.947,1481.684,1409.264,final,Trading Hub Europe AggregatedConsumptionData
2022-03-21,3152.953,1392.489,1760.465,final,Trading Hub Europe AggregatedConsumptionData
2022-03-22,3073.887,1298.477,1775.411,final,Trading Hub Europe AggregatedConsumptionData
2022-03-23,2928.701,1192.763,1735.938,final,Trading Hub Europe AggregatedConsumptionData
2022-03-24,2869.939,1139.401,1730.538,final,Trading Hub Europe AggregatedConsumptionData
2022-03-25,2673.460,1110.759,1562.701,final,Trading Hub Europe AggregatedConsumptionData
2022-03-26,2292.584,1031.831,1260.752,final,Trading Hub Europe AggregatedConsumptionData
2022-03-27,2376.688,1034.633,1342.055,final,Trading Hub Europe AggregatedConsumptionData
2022-03-28,2615.188,1019.235,1595.952,final,Trading Hub Europe AggregatedConsumptionData
2022-03-29,2806.333,1079.313,1727.020,final,Trading Hub Europe AggregatedConsumptionData
2022-03-30,3128.304,1316.017,1812.288,final,Trading Hub Europe AggregatedConsumptionData
2022-03-31,3318.806,1522.970,1795.836,final,Trading Hub Europe AggregatedConsumptionData
2022-04-01,3602.584,1809.604,1792.981,final,Trading Hub Europe AggregatedConsumptionData
2022-04-02,3627.271,1987.762,1639.509,final,Trading Hub Europe AggregatedConsumptionData
2022-04-03,3682.629,2112.102,1570.527,final,Trading Hub Europe AggregatedConsumptionData
2022-04-04,3744.170,2023.474,1720.696,final,Trading Hub Europe AggregatedConsumptionData
2022-04-05,3364.835,1679.658,1685.177,final,Trading Hub Europe AggregatedConsumptionData
2022-04-06,2912.126,1379.657,1532.469,final,Trading Hub Europe AggregatedConsumptionData
2022-04-07,2848.937,1285.068,1563.869,final,Trading Hub Europe AggregatedConsumptionData
2022-04-08,3012.791,1380.984,1631.808,final,Trading Hub Europe AggregatedConsumptionData
2022-04-09,2913.675,1501.241,1412.434,final,Trading Hub Europe AggregatedConsumptionData
2022-04-10,3077.467,1618.007,1459.459,final,Trading Hub Europe AggregatedConsumptionData
2022-04-11,3142.445,1509.676,1632.770,final,Trading Hub Europe AggregatedConsumptionData
2022-04-12,2627.508,1155.420,1472.088,final,Trading Hub Europe AggregatedConsumptionData
2022-04-13,2315.894,830.597,1485.297,final,Trading Hub Europe AggregatedConsumptionData
2022-04-14,2079.301,705.330,1373.971,final,Trading Hub Europe AggregatedConsumptionData
2022-04-15,1994.945,783.213,1211.732,final,Trading Hub Europe AggregatedConsumptionData
2022-04-16,2121.275,944.965,1176.311,final,Trading Hub Europe AggregatedConsumptionData
2022-04-17,2166.841,1057.863,1108.979,final,Trading Hub Europe AggregatedConsumptionData
2022-04-18,2226.650,1040.538,1186.112,final,Trading Hub Europe AggregatedConsumptionData
2022-04-19,2494.254,1044.001,1450.253,final,Trading Hub Europe AggregatedConsumptionData
2022-04-20,2512.398,1020.424,1491.974,final,Trading Hub Europe AggregatedConsumptionData
2022-04-21,2438.931,976.226,1462.705,final,Trading Hub Europe AggregatedConsumptionData
2022-04-22,2220.428,897.010,1323.418,final,Trading Hub Europe AggregatedConsumptionData
2022-04-23,1899.297,796.761,1102.536,final,Trading Hub Europe AggregatedConsumptionData
2022-04-24,2055.552,882.048,1173.504,final,Trading Hub Europe AggregatedConsumptionData
2022-04-25,2542.415,964.421,1577.994,final,Trading Hub Europe AggregatedConsumptionData
2022-04-26,2613.807,1000.138,1613.670,final,Trading Hub Europe AggregatedConsumptionData
2022-04-27,2518.644,967.825,1550.819,final,Trading Hub Europe AggregatedConsumptionData
2022-04-28,2363.196,917.909,1445.286,final,Trading Hub Europe AggregatedConsumptionData
2022-04-29,2254.374,875.780,1378.594,final,Trading Hub Europe AggregatedConsumptionData
2022-04-30,2025.976,875.213,1150.763,final,Trading Hub Europe AggregatedConsumptionData
2022-05-01,1990.078,870.514,1119.564,final,Trading Hub Europe AggregatedConsumptionData
2022-05-02,2200.982,823.804,1377.179,final,Trading Hub Europe AggregatedConsumptionData
2022-05-03,2222.059,779.018,1443.041,final,Trading Hub Europe AggregatedConsumptionData
2022-05-04,2198.845,731.388,1467.457,final,Trading Hub Europe AggregatedConsumptionData
2022-05-05,2123.931,686.506,1437.425,final,Trading Hub Europe AggregatedConsumptionData
2022-05-06,1956.047,600.756,1355.291,final,Trading Hub Europe AggregatedConsumptionData
2022-05-07,1587.736,542.395,1045.341,final,Trading Hub Europe AggregatedConsumptionData
2022-05-08,1640.124,547.099,1093.026,final,Trading Hub Europe AggregatedConsumptionData
2022-05-09,1800.219,472.535,1327.685,final,Trading Hub Europe AggregatedConsumptionData
2022-05-10,1634.942,376.756,1258.186,final,Trading Hub Europe AggregatedConsumptionData
2022-05-11,1525.375,324.281,1201.094,final,Trading Hub Europe AggregatedConsumptionData
2022-05-12,1590.367,341.734,1248.633,final,Trading Hub Europe AggregatedConsumptionData
2022-05-13,1557.541,374.921,1182.620,final,Trading Hub Europe AggregatedConsumptionData
2022-05-14,1386.176,372.459,1013.717,final,Trading Hub Europe AggregatedConsumptionData
2022-05-15,1354.303,353.661,1000.641,final,Trading Hub Europe AggregatedConsumptionData
2022-05-16,1581.584,332.159,1249.425,final,Trading Hub Europe AggregatedConsumptionData
2022-05-17,1652.298,329.681,1322.617,final,Trading Hub Europe AggregatedConsumptionData
2022-05-18,1534.872,270.038,1264.834,final,Trading Hub Europe AggregatedConsumptionData
2022-05-19,1509.649,243.948,1265.701,final,Trading Hub Europe AggregatedConsumptionData
2022-05-20,1388.862,249.766,1139.095,final,Trading Hub Europe AggregatedConsumptionData
2022-05-21,1259.913,305.507,954.406,final,Trading Hub Europe AggregatedConsumptionData
2022-05-22,1354.054,340.357,1013.696,final,Trading Hub Europe AggregatedConsumptionData
2022-05-23,1546.109,338.545,1207.564,final,Trading Hub Europe AggregatedConsumptionData
2022-05-24,1652.344,369.088,1283.256,final,Trading Hub Europe AggregatedConsumptionData
2022-05-25,1549.760,390.994,1158.766,final,Trading Hub Europe AggregatedConsumptionData
2022-05-26,1367.013,387.753,979.260,final,Trading Hub Europe AggregatedConsumptionData
2022-05-27,1479.964,435.938,1044.026,final,Trading Hub Europe AggregatedConsumptionData
2022-05-28,1517.999,528.253,989.746,final,Trading Hub Europe AggregatedConsumptionData
2022-05-29,1730.791,646.633,1084.158,final,Trading Hub Europe AggregatedConsumptionData
2022-05-30,2093.373,697.862,1395.512,final,Trading Hub Europe AggregatedConsumptionData
2022-05-31,1989.750,615.683,1374.067,final,Trading Hub Europe AggregatedConsumptionData
2022-06-01,1911.193,551.107,1360.087,final,Trading Hub Europe AggregatedConsumptionData
2022-06-02,1804.932,486.326,1318.605,final,Trading Hub Europe AggregatedConsumptionData
2022-06-03,1575.394,382.195,1193.199,final,Trading Hub Europe AggregatedConsumptionData
2022-06-04,1254.603,318.118,936.485,final,Trading Hub Europe AggregatedConsumptionData
2022-06-05,1141.516,281.800,859.716,final,Trading Hub Europe AggregatedConsumptionData
2022-06-06,1208.537,287.746,920.791,final,Trading Hub Europe AggregatedConsumptionData
2022-06-07,1562.999,322.204,1240.796,final,Trading Hub Europe AggregatedConsumptionData
2022-06-08,1602.318,342.432,1259.886,final,Trading Hub Europe AggregatedConsumptionData
2022-06-09,1611.438,367.693,1243.745,final,Trading Hub Europe AggregatedConsumptionData
2022-06-10,1490.965,335.742,1155.222,final,Trading Hub Europe AggregatedConsumptionData
2022-06-11,1217.700,292.697,925.003,final,Trading Hub Europe AggregatedConsumptionData
2022-06-12,1216.979,275.122,941.857,final,Trading Hub Europe AggregatedConsumptionData
2022-06-13,1516.031,314.726,1201.305,final,Trading Hub Europe AggregatedConsumptionData
2022-06-14,1613.983,324.825,1289.159,final,Trading Hub Europe AggregatedConsumptionData
2022-06-15,1508.076,285.365,1222.710,final,Trading Hub Europe AggregatedConsumptionData
2022-06-16,1280.378,268.046,1012.333,final,Trading Hub Europe AggregatedConsumptionData
2022-06-17,1242.530,238.640,1003.890,final,Trading Hub Europe AggregatedConsumptionData
2022-06-18,1027.005,195.063,831.942,final,Trading Hub Europe AggregatedConsumptionData
2022-06-19,1090.794,204.888,885.906,final,Trading Hub Europe AggregatedConsumptionData
2022-06-20,1436.106,244.467,1191.640,final,Trading Hub Europe AggregatedConsumptionData
2022-06-21,1484.850,259.550,1225.300,final,Trading Hub Europe AggregatedConsumptionData
2022-06-22,1512.369,252.802,1259.567,final,Trading Hub Europe AggregatedConsumptionData
2022-06-23,1379.030,223.013,1156.017,final,Trading Hub Europe AggregatedConsumptionData
2022-06-24,1330.900,219.975,1110.925,final,Trading Hub Europe AggregatedConsumptionData
2022-06-25,1065.936,204.743,861.193,final,Trading Hub Europe AggregatedConsumptionData
2022-06-26,1119.275,205.173,914.102,final,Trading Hub Europe AggregatedConsumptionData
2022-06-27,1402.503,216.345,1186.157,final,Trading Hub Europe AggregatedConsumptionData
2022-06-28,1399.026,228.039,1170.987,final,Trading Hub Europe AggregatedConsumptionData
2022-06-29,1454.851,233.477,1221.374,final,Trading Hub Europe AggregatedConsumptionData
2022-06-30,1394.208,211.463,1182.745,final,Trading Hub Europe AggregatedConsumptionData
2022-07-01,1328.681,240.581,1088.100,final,Trading Hub Europe AggregatedConsumptionData
2022-07-02,1094.971,233.364,861.607,final,Trading Hub Europe AggregatedConsumptionData
2022-07-03,1088.559,226.026,862.533,final,Trading Hub Europe AggregatedConsumptionData
2022-07-04,1327.225,236.322,1090.902,final,Trading Hub Europe AggregatedConsumptionData
2022-07-05,1344.786,242.180,1102.606,final,Trading Hub Europe AggregatedConsumptionData
2022-07-06,1342.950,266.480,1076.471,final,Trading Hub Europe AggregatedConsumptionData
2022-07-07,1361.616,292.243,1069.373,final,Trading Hub Europe AggregatedConsumptionData
2022-07-08,1320.012,294.131,1025.882,final,Trading Hub Europe AggregatedConsumptionData
2022-07-09,1130.603,288.188,842.415,final,Trading Hub Europe AggregatedConsumptionData
2022-07-10,1180.655,307.223,873.432,final,Trading Hub Europe AggregatedConsumptionData
2022-07-11,1479.921,291.791,1188.130,final,Trading Hub Europe AggregatedConsumptionData
2022-07-12,1398.597,248.901,1149.696,final,Trading Hub Europe AggregatedConsumptionData
2022-07-13,1328.739,219.182,1109.556,final,Trading Hub Europe AggregatedConsumptionData
2022-07-14,1288.337,221.534,1066.802,final,Trading Hub Europe AggregatedConsumptionData
2022-07-15,1281.882,243.203,1038.679,final,Trading Hub Europe AggregatedConsumptionData
2022-07-16,1068.604,253.112,815.492,final,Trading Hub Europe AggregatedConsumptionData
2022-07-17,1130.956,247.498,883.459,final,Trading Hub Europe AggregatedConsumptionData
2022-07-18,1374.581,213.377,1161.205,final,Trading Hub Europe AggregatedConsumptionData
2022-07-19,1272.351,180.563,1091.788,final,Trading Hub Europe AggregatedConsumptionData
2022-07-20,1257.254,168.250,1089.004,final,Trading Hub Europe AggregatedConsumptionData
2022-07-21,1366.509,179.284,1187.225,final,Trading Hub Europe AggregatedConsumptionData
2022-07-22,1315.813,189.159,1126.654,final,Trading Hub Europe AggregatedConsumptionData
2022-07-23,1072.476,202.716,869.759,final,Trading Hub Europe AggregatedConsumptionData
2022-07-24,1031.861,196.394,835.467,final,Trading Hub Europe AggregatedConsumptionData
2022-07-25,1153.658,186.802,966.856,final,Trading Hub Europe AggregatedConsumptionData
2022-07-26,1315.209,203.527,1111.682,final,Trading Hub Europe AggregatedConsumptionData
2022-07-27,1324.247,231.046,1093.202,final,Trading Hub Europe AggregatedConsumptionData
2022-07-28,1289.011,237.422,1051.589,final,Trading Hub Europe AggregatedConsumptionData
2022-07-29,1240.798,231.873,1008.924,final,Trading Hub Europe AggregatedConsumptionData
2022-07-30,1001.751,219.714,782.036,final,Trading Hub Europe AggregatedConsumptionData
2022-07-31,988.601,208.699,779.902,final,Trading Hub Europe AggregatedConsumptionData
2022-08-01,1238.520,210.420,1028.100,final,Trading Hub Europe AggregatedConsumptionData
2022-08-02,1166.896,200.569,966.327,final,Trading Hub Europe AggregatedConsumptionData
2022-08-03,1173.153,181.180,991.973,final,Trading Hub Europe AggregatedConsumptionData
2022-08-04,1179.903,170.098,1009.805,final,Trading Hub Europe AggregatedConsumptionData
2022-08-05,1092.446,181.169,911.276,final,Trading Hub Europe AggregatedConsumptionData
2022-08-06,967.100,207.455,759.646,final,Trading Hub Europe AggregatedConsumptionData
2022-08-07,992.846,226.956,765.890,final,Trading Hub Europe AggregatedConsumptionData
2022-08-08,1162.893,233.533,929.360,final,Trading Hub Europe AggregatedConsumptionData
2022-08-09,1157.184,218.611,938.572,final,Trading Hub Europe AggregatedConsumptionData
2022-08-10,1158.002,205.075,952.927,final,Trading Hub Europe AggregatedConsumptionData
2022-08-11,1174.030,193.455,980.575,final,Trading Hub Europe AggregatedConsumptionData
2022-08-12,1121.033,187.875,933.158,final,Trading Hub Europe AggregatedConsumptionData
2022-08-13,939.216,177.633,761.583,final,Trading Hub Europe AggregatedConsumptionData
2022-08-14,906.193,174.596,731.597,final,Trading Hub Europe AggregatedConsumptionData
2022-08-15,1182.138,179.696,1002.443,final,Trading Hub Europe AggregatedConsumptionData
2022-08-16,1285.045,177.378,1107.667,final,Trading Hub Europe AggregatedConsumptionData
2022-08-17,1317.761,179.462,1138.299,final,Trading Hub Europe AggregatedConsumptionData
2022-08-18,1322.056,187.481,1134.576,final,Trading Hub Europe AggregatedConsumptionData
2022-08-19,1247.784,195.483,1052.301,final,Trading Hub Europe AggregatedConsumptionData
2022-08-20,974.210,207.960,766.250,final,Trading Hub Europe AggregatedConsumptionData
2022-08-21,1072.189,215.959,856.230,final,Trading Hub Europe AggregatedConsumptionData
2022-08-22,1348.594,220.849,1127.745,final,Trading Hub Europe AggregatedConsumptionData
2022-08-23,1323.857,210.812,1113.046,final,Trading Hub Europe AggregatedConsumptionData
2022-08-24,1320.099,196.906,1123.193,final,Trading Hub Europe AggregatedConsumptionData
2022-08-25,1278.188,186.494,1091.693,final,Trading Hub Europe AggregatedConsumptionData
2022-08-26,1275.077,186.739,1088.338,final,Trading Hub Europe AggregatedConsumptionData
2022-08-27,1034.321,201.324,832.997,final,Trading Hub Europe AggregatedConsumptionData
2022-08-28,1006.109,226.593,779.516,final,Trading Hub Europe AggregatedConsumptionData
2022-08-29,1334.817,249.053,1085.764,final,Trading Hub Europe AggregatedConsumptionData
2022-08-30,1335.895,249.650,1086.245,final,Trading Hub Europe AggregatedConsumptionData
2022-08-31,1394.895,259.609,1135.287,final,Trading Hub Europe AggregatedConsumptionData
2022-09-01,1388.505,268.144,1120.361,final,Trading Hub Europe AggregatedConsumptionData
2022-09-02,1225.990,270.957,955.033,final,Trading Hub Europe AggregatedConsumptionData
2022-09-03,1018.258,273.764,744.494,final,Trading Hub Europe AggregatedConsumptionData
2022-09-04,1028.761,249.406,779.355,final,Trading Hub Europe AggregatedConsumptionData
2022-09-05,1200.986,231.591,969.395,final,Trading Hub Europe AggregatedConsumptionData
2022-09-06,1257.430,226.225,1031.204,final,Trading Hub Europe AggregatedConsumptionData
2022-09-07,1320.389,223.998,1096.390,final,Trading Hub Europe AggregatedConsumptionData
2022-09-08,1300.083,258.980,1041.103,final,Trading Hub Europe AggregatedConsumptionData
2022-09-09,1278.143,291.231,986.912,final,Trading Hub Europe AggregatedConsumptionData
2022-09-10,1181.766,332.395,849.371,final,Trading Hub Europe AggregatedConsumptionData
2022-09-11,1232.721,344.241,888.480,final,Trading Hub Europe AggregatedConsumptionData
2022-09-12,1436.689,338.489,1098.200,final,Trading Hub Europe AggregatedConsumptionData
2022-09-13,1419.778,315.904,1103.874,final,Trading Hub Europe AggregatedConsumptionData
2022-09-14,1460.465,320.418,1140.048,final,Trading Hub Europe AggregatedConsumptionData
2022-09-15,1393.215,361.195,1032.020,final,Trading Hub Europe AggregatedConsumptionData
2022-09-16,1464.274,467.448,996.826,final,Trading Hub Europe AggregatedConsumptionData
2022-09-17,1439.197,584.436,854.761,final,Trading Hub Europe AggregatedConsumptionData
2022-09-18,1580.788,691.484,889.304,final,Trading Hub Europe AggregatedConsumptionData
2022-09-19,1854.893,729.029,1125.864,final,Trading Hub Europe AggregatedConsumptionData
2022-09-20,2082.075,766.581,1315.494,final,Trading Hub Europe AggregatedConsumptionData
2022-09-21,2083.595,774.537,1309.058,final,Trading Hub Europe AggregatedConsumptionData
2022-09-22,2022.694,766.047,1256.646,final,Trading Hub Europe AggregatedConsumptionData
2022-09-23,1920.281,708.676,1211.605,final,Trading Hub Europe AggregatedConsumptionData
2022-09-24,1581.334,655.122,926.212,final,Trading Hub Europe AggregatedConsumptionData
2022-09-25,1597.268,662.418,934.850,final,Trading Hub Europe AggregatedConsumptionData
2022-09-26,1843.283,728.889,1114.394,final,Trading Hub Europe AggregatedConsumptionData
2022-09-27,2080.198,830.100,1250.098,final,Trading Hub Europe AggregatedConsumptionData
2022-09-28,2261.092,932.118,1328.973,final,Trading Hub Europe AggregatedConsumptionData
2022-09-29,2317.985,988.357,1329.628,final,Trading Hub Europe AggregatedConsumptionData
2022-09-30,2082.810,941.864,1140.946,final,Trading Hub Europe AggregatedConsumptionData
2022-10-01,1725.785,818.180,907.605,final,Trading Hub Europe AggregatedConsumptionData
2022-10-02,1586.225,721.208,865.017,final,Trading Hub Europe AggregatedConsumptionData
2022-10-03,1678.382,728.122,950.259,final,Trading Hub Europe AggregatedConsumptionData
2022-10-04,1844.566,726.485,1118.081,final,Trading Hub Europe AggregatedConsumptionData
2022-10-05,1648.905,604.881,1044.024,final,Trading Hub Europe AggregatedConsumptionData
2022-10-06,1695.186,601.999,1093.187,final,Trading Hub Europe AggregatedConsumptionData
2022-10-07,1698.530,638.441,1060.089,final,Trading Hub Europe AggregatedConsumptionData
2022-10-08,1623.716,687.994,935.722,final,Trading Hub Europe AggregatedConsumptionData
2022-10-09,1719.447,773.634,945.814,final,Trading Hub Europe AggregatedConsumptionData
2022-10-10,1913.288,763.378,1149.910,final,Trading Hub Europe AggregatedConsumptionData
2022-10-11,2170.480,816.443,1354.037,final,Trading Hub Europe AggregatedConsumptionData
2022-10-12,2195.670,842.659,1353.011,final,Trading Hub Europe AggregatedConsumptionData
2022-10-13,2188.553,825.126,1363.427,final,Trading Hub Europe AggregatedConsumptionData
2022-10-14,1993.866,736.595,1257.271,final,Trading Hub Europe AggregatedConsumptionData
2022-10-15,1518.322,616.362,901.960,final,Trading Hub Europe AggregatedConsumptionData
2022-10-16,1482.770,564.761,918.009,final,Trading Hub Europe AggregatedConsumptionData
2022-10-17,1708.623,490.670,1217.954,final,Trading Hub Europe AggregatedConsumptionData
2022-10-18,1846.777,518.354,1328.423,final,Trading Hub Europe AggregatedConsumptionData
2022-10-19,2049.363,662.689,1386.673,final,Trading Hub Europe AggregatedConsumptionData
2022-10-20,2011.815,734.157,1277.658,final,Trading Hub Europe AggregatedConsumptionData
2022-10-21,1979.321,655.982,1323.339,final,Trading Hub Europe AggregatedConsumptionData
2022-10-22,1681.132,621.721,1059.411,final,Trading Hub Europe AggregatedConsumptionData
2022-10-23,1569.472,592.991,976.481,final,Trading Hub Europe AggregatedConsumptionData
2022-10-24,1747.557,552.443,1195.114,final,Trading Hub Europe AggregatedConsumptionData
2022-10-25,1979.966,618.207,1361.758,final,Trading Hub Europe AggregatedConsumptionData
2022-10-26,1959.307,636.094,1323.213,final,Trading Hub Europe AggregatedConsumptionData
2022-10-27,1806.030,602.181,1203.850,final,Trading Hub Europe AggregatedConsumptionData
2022-10-28,1635.806,514.489,1121.316,final,Trading Hub Europe AggregatedConsumptionData
2022-10-29,1518.506,502.218,1016.288,final,Trading Hub Europe AggregatedConsumptionData
2022-10-30,1514.297,491.470,1022.827,final,Trading Hub Europe AggregatedConsumptionData
2022-10-31,1691.325,559.323,1132.002,final,Trading Hub Europe AggregatedConsumptionData
2022-11-01,1659.549,612.783,1046.766,final,Trading Hub Europe AggregatedConsumptionData
2022-11-02,2035.370,765.347,1270.023,final,Trading Hub Europe AggregatedConsumptionData
2022-11-03,2157.332,842.305,1315.027,final,Trading Hub Europe AggregatedConsumptionData
2022-11-04,2281.709,950.141,1331.569,final,Trading Hub Europe AggregatedConsumptionData
2022-11-05,2180.664,1084.318,1096.346,final,Trading Hub Europe AggregatedConsumptionData
2022-11-06,2208.753,1140.672,1068.080,final,Trading Hub Europe AggregatedConsumptionData
2022-11-07,2247.871,1018.196,1229.675,final,Trading Hub Europe AggregatedConsumptionData
2022-11-08,2144.430,915.844,1228.586,final,Trading Hub Europe AggregatedConsumptionData
2022-11-09,2099.930,869.982,1229.948,final,Trading Hub Europe AggregatedConsumptionData
2022-11-10,2153.105,914.456,1238.649,final,Trading Hub Europe AggregatedConsumptionData
2022-11-11,2277.405,1007.656,1269.749,final,Trading Hub Europe AggregatedConsumptionData
2022-11-12,2283.980,1128.812,1155.168,final,Trading Hub Europe AggregatedConsumptionData
2022-11-13,2421.953,1242.189,1179.764,final,Trading Hub Europe AggregatedConsumptionData
2022-11-14,2763.019,1293.478,1469.541,final,Trading Hub Europe AggregatedConsumptionData
2022-11-15,2563.564,1209.148,1354.416,final,Trading Hub Europe AggregatedConsumptionData
2022-11-16,2579.794,1214.288,1365.507,final,Trading Hub Europe AggregatedConsumptionData
2022-11-17,2617.953,1224.553,1393.400,final,Trading Hub Europe AggregatedConsumptionData
2022-11-18,2940.875,1446.652,1494.223,final,Trading Hub Europe AggregatedConsumptionData
2022-11-19,3116.578,1748.140,1368.439,final,Trading Hub Europe AggregatedConsumptionData
2022-11-20,3239.191,1893.753,1345.438,final,Trading Hub Europe AggregatedConsumptionData
2022-11-21,3566.849,1919.319,1647.531,final,Trading Hub Europe AggregatedConsumptionData
2022-11-22,3421.691,1844.574,1577.116,final,Trading Hub Europe AggregatedConsumptionData
2022-11-23,3163.429,1653.989,1509.440,final,Trading Hub Europe AggregatedConsumptionData
2022-11-24,3099.470,1539.881,1559.589,final,Trading Hub Europe AggregatedConsumptionData
2022-11-25,3027.812,1518.289,1509.523,final,Trading Hub Europe AggregatedConsumptionData
2022-11-26,2776.786,1508.920,1267.866,final,Trading Hub Europe AggregatedConsumptionData
2022-11-27,2857.674,1605.181,1252.493,final,Trading Hub Europe AggregatedConsumptionData
2022-11-28,3360.935,1646.692,1714.243,final,Trading Hub Europe AggregatedConsumptionData
2022-11-29,3462.576,1632.544,1830.032,final,Trading Hub Europe AggregatedConsumptionData
2022-11-30,3533.225,1661.925,1871.300,final,Trading Hub Europe AggregatedConsumptionData
2022-12-01,3711.870,1779.125,1932.745,final,Trading Hub Europe AggregatedConsumptionData
2022-12-02,3716.508,1920.576,1795.931,final,Trading Hub Europe AggregatedConsumptionData
2022-12-03,3655.314,2035.585,1619.729,final,Trading Hub Europe AggregatedConsumptionData
2022-12-04,3593.934,2052.550,1541.384,final,Trading Hub Europe AggregatedConsumptionData
2022-12-05,3927.495,2026.598,1900.897,final,Trading Hub Europe AggregatedConsumptionData
2022-12-06,3901.335,2003.768,1897.567,final,Trading Hub Europe AggregatedConsumptionData
2022-12-07,3903.472,2026.080,1877.392,final,Trading Hub Europe AggregatedConsumptionData
2022-12-08,4038.883,2073.146,1965.736,final,Trading Hub Europe AggregatedConsumptionData
2022-12-09,4116.526,2174.270,1942.256,final,Trading Hub Europe AggregatedConsumptionData
2022-12-10,3988.391,2236.222,1752.170,final,Trading Hub Europe AggregatedConsumptionData
2022-12-11,4175.831,2370.886,1804.945,final,Trading Hub Europe AggregatedConsumptionData
2022-12-12,4653.812,2513.022,2140.790,final,Trading Hub Europe AggregatedConsumptionData
2022-12-13,4773.892,2600.600,2173.292,final,Trading Hub Europe AggregatedConsumptionData
2022-12-14,4802.420,2618.559,2183.861,final,Trading Hub Europe AggregatedConsumptionData
2022-12-15,4807.874,2640.020,2167.854,final,Trading Hub Europe AggregatedConsumptionData
2022-12-16,4789.452,2683.274,2106.178,final,Trading Hub Europe AggregatedConsumptionData
2022-12-17,4513.130,2699.598,1813.533,final,Trading Hub Europe AggregatedConsumptionData
2022-12-18,4361.854,2677.758,1684.095,final,Trading Hub Europe AggregatedConsumptionData
2022-12-19,4074.478,2366.054,1708.424,final,Trading Hub Europe AggregatedConsumptionData
2022-12-20,3533.688,1989.285,1544.403,final,Trading Hub Europe AggregatedConsumptionData
2022-12-21,3129.829,1727.701,1402.128,final,Trading Hub Europe AggregatedConsumptionData
2022-12-22,2752.635,1473.107,1279.527,final,Trading Hub Europe AggregatedConsumptionData
2022-12-23,2525.890,1373.588,1152.301,final,Trading Hub Europe AggregatedConsumptionData
2022-12-24,2290.467,1310.407,980.060,final,Trading Hub Europe AggregatedConsumptionData
2022-12-25,2241.740,1306.168,935.571,final,Trading Hub Europe AggregatedConsumptionData
2022-12-26,2295.999,1317.839,978.160,final,Trading Hub Europe AggregatedConsumptionData
2022-12-27,2730.621,1575.207,1155.414,final,Trading Hub Europe AggregatedConsumptionData
2022-12-28,2621.852,1523.994,1097.857,final,Trading Hub Europe AggregatedConsumptionData
2022-12-29,2429.031,1407.187,1021.844,final,Trading Hub Europe AggregatedConsumptionData
2022-12-30,2353.391,1360.625,992.766,final,Trading Hub Europe AggregatedConsumptionData
2022-12-31,1793.512,984.991,808.521,final,Trading Hub Europe AggregatedConsumptionData
2023-01-01,1790.090,940.801,849.290,final,Trading Hub Europe AggregatedConsumptionData
2023-01-02,2153.644,1006.839,1146.804,final,Trading Hub Europe AggregatedConsumptionData
2023-01-03,2529.078,1223.023,1306.055,final,Trading Hub Europe AggregatedConsumptionData
2023-01-04,2485.325,1252.642,1232.683,final,Trading Hub Europe AggregatedConsumptionData
2023-01-05,2562.283,1266.681,1295.602,final,Trading Hub Europe AggregatedConsumptionData
2023-01-06,2459.374,1250.692,1208.683,final,Trading Hub Europe AggregatedConsumptionData
2023-01-07,2342.230,1264.946,1077.283,final,Trading Hub Europe AggregatedConsumptionData
2023-01-08,2448.560,1309.109,1139.451,final,Trading Hub Europe AggregatedConsumptionData
2023-01-09,2910.999,1451.489,1459.511,final,Trading Hub Europe AggregatedConsumptionData
2023-01-10,3004.876,1531.597,1473.279,final,Trading Hub Europe AggregatedConsumptionData
2023-01-11,2896.807,1469.724,1427.083,final,Trading Hub Europe AggregatedConsumptionData
2023-01-12,2770.795,1391.976,1378.820,final,Trading Hub Europe AggregatedConsumptionData
2023-01-13,2770.019,1378.583,1391.436,final,Trading Hub Europe AggregatedConsumptionData
2023-01-14,2561.473,1358.436,1203.037,final,Trading Hub Europe AggregatedConsumptionData
2023-01-15,2744.467,1472.404,1272.063,final,Trading Hub Europe AggregatedConsumptionData
2023-01-16,3330.048,1701.488,1628.560,final,Trading Hub Europe AggregatedConsumptionData
2023-01-17,3773.280,1942.514,1830.766,final,Trading Hub Europe AggregatedConsumptionData
2023-01-18,4087.888,2161.204,1926.684,final,Trading Hub Europe AggregatedConsumptionData
2023-01-19,4206.757,2223.809,1982.949,final,Trading Hub Europe AggregatedConsumptionData
2023-01-20,4253.991,2299.993,1953.997,final,Trading Hub Europe AggregatedConsumptionData
2023-01-21,3958.241,2304.181,1654.060,final,Trading Hub Europe AggregatedConsumptionData
2023-01-22,3991.834,2282.759,1709.076,final,Trading Hub Europe AggregatedConsumptionData
2023-01-23,4337.681,2262.098,2075.583,final,Trading Hub Europe AggregatedConsumptionData
2023-01-24,4295.491,2215.241,2080.250,final,Trading Hub Europe AggregatedConsumptionData
2023-01-25,4375.088,2220.079,2155.010,final,Trading Hub Europe AggregatedConsumptionData
2023-01-26,4314.593,2206.238,2108.355,final,Trading Hub Europe AggregatedConsumptionData
2023-01-27,4230.943,2224.249,2006.694,final,Trading Hub Europe AggregatedConsumptionData
2023-01-28,4024.069,2260.568,1763.501,final,Trading Hub Europe AggregatedConsumptionData
2023-01-29,3879.159,2215.359,1663.800,final,Trading Hub Europe AggregatedConsumptionData
2023-01-30,3891.943,2076.029,1815.913,final,Trading Hub Europe AggregatedConsumptionData
2023-01-31,3804.129,1992.594,1811.535,final,Trading Hub Europe AggregatedConsumptionData
2023-02-01,3610.369,1882.789,1727.580,final,Trading Hub Europe AggregatedConsumptionData
2023-02-02,3539.607,1782.464,1757.143,final,Trading Hub Europe AggregatedConsumptionData
2023-02-03,3220.563,1623.169,1597.394,final,Trading Hub Europe AggregatedConsumptionData
2023-02-04,3180.387,1647.856,1532.530,final,Trading Hub Europe AggregatedConsumptionData
2023-02-05,3418.506,1861.707,1556.799,final,Trading Hub Europe AggregatedConsumptionData
2023-02-06,4132.073,2064.815,2067.258,final,Trading Hub Europe AggregatedConsumptionData
2023-02-07,4384.141,2266.629,2117.513,final,Trading Hub Europe AggregatedConsumptionData
2023-02-08,4346.892,2345.170,2001.722,final,Trading Hub Europe AggregatedConsumptionData
2023-02-09,4358.700,2364.462,1994.238,final,Trading Hub Europe AggregatedConsumptionData
2023-02-10,3994.990,2224.277,1770.713,final,Trading Hub Europe AggregatedConsumptionData
2023-02-11,3382.233,1936.401,1445.832,final,Trading Hub Europe AggregatedConsumptionData
2023-02-12,3234.846,1752.458,1482.388,final,Trading Hub Europe AggregatedConsumptionData
2023-02-13,3563.484,1722.968,1840.516,final,Trading Hub Europe AggregatedConsumptionData
2023-02-14,3608.637,1744.465,1864.172,final,Trading Hub Europe AggregatedConsumptionData
2023-02-15,3478.905,1704.952,1773.953,final,Trading Hub Europe AggregatedConsumptionData
2023-02-16,3213.529,1645.545,1567.984,final,Trading Hub Europe AggregatedConsumptionData
2023-02-17,2733.915,1412.674,1321.241,final,Trading Hub Europe AggregatedConsumptionData
2023-02-18,2492.080,1291.390,1200.689,final,Trading Hub Europe AggregatedConsumptionData
2023-02-19,2591.963,1308.512,1283.451,final,Trading Hub Europe AggregatedConsumptionData
2023-02-20,2725.735,1300.530,1425.206,final,Trading Hub Europe AggregatedConsumptionData
2023-02-21,2914.199,1313.166,1601.033,final,Trading Hub Europe AggregatedConsumptionData
2023-02-22,2921.137,1306.475,1614.662,final,Trading Hub Europe AggregatedConsumptionData
2023-02-23,2993.740,1344.996,1648.744,final,Trading Hub Europe AggregatedConsumptionData
2023-02-24,3082.025,1516.701,1565.324,final,Trading Hub Europe AggregatedConsumptionData
2023-02-25,3177.295,1729.077,1448.218,final,Trading Hub Europe AggregatedConsumptionData
2023-02-26,3542.760,1979.594,1563.166,final,Trading Hub Europe AggregatedConsumptionData
2023-02-27,4124.762,2160.596,1964.166,final,Trading Hub Europe AggregatedConsumptionData
2023-02-28,4138.524,2194.594,1943.930,final,Trading Hub Europe AggregatedConsumptionData
2023-03-01,4010.260,2125.372,1884.887,final,Trading Hub Europe AggregatedConsumptionData
2023-03-02,3891.045,2016.513,1874.532,final,Trading Hub Europe AggregatedConsumptionData
2023-03-03,3742.952,1934.969,1807.983,final,Trading Hub Europe AggregatedConsumptionData
2023-03-04,3365.913,1841.925,1523.988,final,Trading Hub Europe AggregatedConsumptionData
2023-03-05,3502.718,1916.401,1586.318,final,Trading Hub Europe AggregatedConsumptionData
2023-03-06,3814.698,1955.014,1859.685,final,Trading Hub Europe AggregatedConsumptionData
2023-03-07,3718.365,1930.906,1787.459,final,Trading Hub Europe AggregatedConsumptionData
2023-03-08,3840.845,1928.833,1912.013,final,Trading Hub Europe AggregatedConsumptionData
2023-03-09,3533.221,1776.650,1756.571,final,Trading Hub Europe AggregatedConsumptionData
2023-03-10,3308.698,1682.622,1626.077,final,Trading Hub Europe AggregatedConsumptionData
2023-03-11,3340.283,1821.398,1518.886,final,Trading Hub Europe AggregatedConsumptionData
2023-03-12,3154.419,1767.775,1386.645,final,Trading Hub Europe AggregatedConsumptionData
2023-03-13,2704.164,1348.858,1355.306,final,Trading Hub Europe AggregatedConsumptionData
2023-03-14,2942.842,1398.806,1544.036,final,Trading Hub Europe AggregatedConsumptionData
2023-03-15,3325.903,1575.332,1750.571,final,Trading Hub Europe AggregatedConsumptionData
2023-03-16,3126.273,1574.047,1552.226,final,Trading Hub Europe AggregatedConsumptionData
2023-03-17,2692.930,1336.598,1356.331,final,Trading Hub Europe AggregatedConsumptionData
2023-03-18,2207.481,1099.468,1108.013,final,Trading Hub Europe AggregatedConsumptionData
2023-03-19,2187.359,1023.079,1164.280,final,Trading Hub Europe AggregatedConsumptionData
2023-03-20,2545.569,1063.675,1481.893,final,Trading Hub Europe AggregatedConsumptionData
2023-03-21,2470.890,1054.750,1416.141,final,Trading Hub Europe AggregatedConsumptionData
2023-03-22,2262.466,988.117,1274.349,final,Trading Hub Europe AggregatedConsumptionData
2023-03-23,2166.291,896.416,1269.875,final,Trading Hub Europe AggregatedConsumptionData
2023-03-24,2099.605,856.891,1242.715,final,Trading Hub Europe AggregatedConsumptionData
2023-03-25,1962.882,942.508,1020.375,final,Trading Hub Europe AggregatedConsumptionData
2023-03-26,2329.124,1154.443,1174.680,final,Trading Hub Europe AggregatedConsumptionData
2023-03-27,3024.211,1494.441,1529.770,final,Trading Hub Europe AggregatedConsumptionData
2023-03-28,3194.846,1609.343,1585.502,final,Trading Hub Europe AggregatedConsumptionData
2023-03-29,2841.164,1370.206,1470.959,final,Trading Hub Europe AggregatedConsumptionData
2023-03-30,2398.866,1080.909,1317.956,final,Trading Hub Europe AggregatedConsumptionData
2023-03-31,2312.005,1006.054,1305.951,final,Trading Hub Europe AggregatedConsumptionData
2023-04-01,2205.211,1082.763,1122.448,final,Trading Hub Europe AggregatedConsumptionData
2023-04-02,2576.015,1276.473,1299.542,final,Trading Hub Europe AggregatedConsumptionData
2023-04-03,3175.946,1523.364,1652.582,final,Trading Hub Europe AggregatedConsumptionData
2023-04-04,3382.487,1704.020,1678.467,final,Trading Hub Europe AggregatedConsumptionData
2023-04-05,3348.944,1720.372,1628.571,final,Trading Hub Europe AggregatedConsumptionData
2023-04-06,2983.965,1560.936,1423.030,final,Trading Hub Europe AggregatedConsumptionData
2023-04-07,2600.190,1384.328,1215.862,final,Trading Hub Europe AggregatedConsumptionData
2023-04-08,2466.609,1262.718,1203.890,final,Trading Hub Europe AggregatedConsumptionData
2023-04-09,2221.682,1149.556,1072.126,final,Trading Hub Europe AggregatedConsumptionData
2023-04-10,2049.700,1011.513,1038.187,final,Trading Hub Europe AggregatedConsumptionData
2023-04-11,2392.412,1031.312,1361.101,final,Trading Hub Europe AggregatedConsumptionData
2023-04-12,2463.736,1067.318,1396.417,final,Trading Hub Europe AggregatedConsumptionData
2023-04-13,2582.668,1140.665,1442.002,final,Trading Hub Europe AggregatedConsumptionData
2023-04-14,2582.113,1162.806,1419.307,final,Trading Hub Europe AggregatedConsumptionData
2023-04-15,2338.800,1137.164,1201.636,final,Trading Hub Europe AggregatedConsumptionData
2023-04-16,2345.697,1098.284,1247.413,final,Trading Hub Europe AggregatedConsumptionData
2023-04-17,2558.754,1094.385,1464.369,final,Trading Hub Europe AggregatedConsumptionData
2023-04-18,2475.777,1047.943,1427.834,final,Trading Hub Europe AggregatedConsumptionData
2023-04-19,2481.166,1066.282,1414.884,final,Trading Hub Europe AggregatedConsumptionData
2023-04-20,2581.181,1127.615,1453.566,final,Trading Hub Europe AggregatedConsumptionData
2023-04-21,2137.722,892.397,1245.325,final,Trading Hub Europe AggregatedConsumptionData
2023-04-22,1723.218,718.935,1004.283,final,Trading Hub Europe AggregatedConsumptionData
2023-04-23,1683.667,651.485,1032.182,final,Trading Hub Europe AggregatedConsumptionData
2023-04-24,2094.286,768.595,1325.691,final,Trading Hub Europe AggregatedConsumptionData
2023-04-25,2452.212,988.431,1463.782,final,Trading Hub Europe AggregatedConsumptionData
2023-04-26,2641.755,1157.087,1484.668,final,Trading Hub Europe AggregatedConsumptionData
2023-04-27,2539.169,1131.087,1408.082,final,Trading Hub Europe AggregatedConsumptionData
2023-04-28,2269.116,959.773,1309.343,final,Trading Hub Europe AggregatedConsumptionData
2023-04-29,1872.723,800.760,1071.963,final,Trading Hub Europe AggregatedConsumptionData
2023-04-30,1748.683,772.252,976.431,final,Trading Hub Europe AggregatedConsumptionData
2023-05-01,1722.538,740.703,981.835,final,Trading Hub Europe AggregatedConsumptionData
2023-05-02,2131.431,825.405,1306.025,final,Trading Hub Europe AggregatedConsumptionData
2023-05-03,2164.311,839.963,1324.348,final,Trading Hub Europe AggregatedConsumptionData
2023-05-04,1939.114,711.089,1228.025,final,Trading Hub Europe AggregatedConsumptionData
2023-05-05,1764.735,598.185,1166.549,final,Trading Hub Europe AggregatedConsumptionData
2023-05-06,1506.562,530.901,975.662,final,Trading Hub Europe AggregatedConsumptionData
2023-05-07,1462.389,500.124,962.265,final,Trading Hub Europe AggregatedConsumptionData
2023-05-08,1667.330,498.702,1168.628,final,Trading Hub Europe AggregatedConsumptionData
2023-05-09,1626.032,476.344,1149.689,final,Trading Hub Europe AggregatedConsumptionData
2023-05-10,1761.994,526.711,1235.282,final,Trading Hub Europe AggregatedConsumptionData
2023-05-11,1802.996,545.475,1257.521,final,Trading Hub Europe AggregatedConsumptionData
2023-05-12,1635.109,510.977,1124.131,final,Trading Hub Europe AggregatedConsumptionData
2023-05-13,1400.487,485.830,914.657,final,Trading Hub Europe AggregatedConsumptionData
2023-05-14,1438.004,472.981,965.023,final,Trading Hub Europe AggregatedConsumptionData
2023-05-15,1653.151,489.090,1164.061,final,Trading Hub Europe AggregatedConsumptionData
2023-05-16,1845.585,602.925,1242.660,final,Trading Hub Europe AggregatedConsumptionData
2023-05-17,1939.636,714.069,1225.567,final,Trading Hub Europe AggregatedConsumptionData
2023-05-18,1730.489,724.089,1006.399,final,Trading Hub Europe AggregatedConsumptionData
2023-05-19,1634.553,640.189,994.364,final,Trading Hub Europe AggregatedConsumptionData
2023-05-20,1362.101,490.181,871.920,final,Trading Hub Europe AggregatedConsumptionData
2023-05-21,1204.561,343.490,861.071,final,Trading Hub Europe AggregatedConsumptionData
2023-05-22,1392.822,291.463,1101.359,final,Trading Hub Europe AggregatedConsumptionData
2023-05-23,1489.680,351.624,1138.056,final,Trading Hub Europe AggregatedConsumptionData
2023-05-24,1736.866,461.382,1275.484,final,Trading Hub Europe AggregatedConsumptionData
2023-05-25,1646.538,478.558,1167.979,final,Trading Hub Europe AggregatedConsumptionData
2023-05-26,1558.003,489.015,1068.988,final,Trading Hub Europe AggregatedConsumptionData
2023-05-27,1298.365,435.759,862.606,final,Trading Hub Europe AggregatedConsumptionData
2023-05-28,1118.008,374.494,743.513,final,Trading Hub Europe AggregatedConsumptionData
2023-05-29,1198.311,367.715,830.595,final,Trading Hub Europe AggregatedConsumptionData
2023-05-30,1519.776,371.684,1148.092,final,Trading Hub Europe AggregatedConsumptionData
2023-05-31,1425.124,320.463,1104.661,final,Trading Hub Europe AggregatedConsumptionData
2023-06-01,1481.048,329.813,1151.235,final,Trading Hub Europe AggregatedConsumptionData
2023-06-02,1399.287,331.610,1067.677,final,Trading Hub Europe AggregatedConsumptionData
2023-06-03,1185.261,319.591,865.670,final,Trading Hub Europe AggregatedConsumptionData
2023-06-04,1199.842,317.947,881.896,final,Trading Hub Europe AggregatedConsumptionData
2023-06-05,1451.473,294.907,1156.566,final,Trading Hub Europe AggregatedConsumptionData
2023-06-06,1475.263,282.827,1192.436,final,Trading Hub Europe AggregatedConsumptionData
2023-06-07,1420.688,269.797,1150.891,final,Trading Hub Europe AggregatedConsumptionData
2023-06-08,1227.417,242.938,984.479,final,Trading Hub Europe AggregatedConsumptionData
2023-06-09,1166.140,218.512,947.628,final,Trading Hub Europe AggregatedConsumptionData
2023-06-10,1048.282,202.986,845.295,final,Trading Hub Europe AggregatedConsumptionData
2023-06-11,1051.120,194.955,856.165,final,Trading Hub Europe AggregatedConsumptionData
2023-06-12,1281.219,200.470,1080.749,final,Trading Hub Europe AggregatedConsumptionData
2023-06-13,1285.436,214.433,1071.003,final,Trading Hub Europe AggregatedConsumptionData
2023-06-14,1400.152,228.936,1171.216,final,Trading Hub Europe AggregatedConsumptionData
2023-06-15,1434.741,232.838,1201.903,final,Trading Hub Europe AggregatedConsumptionData
2023-06-16,1340.208,236.525,1103.683,final,Trading Hub Europe AggregatedConsumptionData
2023-06-17,1095.859,219.646,876.213,final,Trading Hub Europe AggregatedConsumptionData
2023-06-18,1060.000,195.970,864.030,final,Trading Hub Europe AggregatedConsumptionData
2023-06-19,1357.006,188.082,1168.924,final,Trading Hub Europe AggregatedConsumptionData
2023-06-20,1400.935,180.092,1220.843,final,Trading Hub Europe AggregatedConsumptionData
2023-06-21,1367.432,177.181,1190.250,final,Trading Hub Europe AggregatedConsumptionData
2023-06-22,1359.249,185.512,1173.736,final,Trading Hub Europe AggregatedConsumptionData
2023-06-23,1235.747,201.840,1033.906,final,Trading Hub Europe AggregatedConsumptionData
2023-06-24,1055.128,198.655,856.473,final,Trading Hub Europe AggregatedConsumptionData
2023-06-25,1039.799,190.046,849.753,final,Trading Hub Europe AggregatedConsumptionData
2023-06-26,1217.435,192.236,1025.198,final,Trading Hub Europe AggregatedConsumptionData
2023-06-27,1324.398,218.064,1106.333,final,Trading Hub Europe AggregatedConsumptionData
2023-06-28,1456.605,226.269,1230.336,final,Trading Hub Europe AggregatedConsumptionData
2023-06-29,1410.883,209.717,1201.165,final,Trading Hub Europe AggregatedConsumptionData
2023-06-30,1265.290,221.477,1043.814,final,Trading Hub Europe AggregatedConsumptionData
2023-07-01,1008.340,229.606,778.734,final,Trading Hub Europe AggregatedConsumptionData
2023-07-02,1042.327,235.043,807.283,final,Trading Hub Europe AggregatedConsumptionData
2023-07-03,1259.499,249.276,1010.223,final,Trading Hub Europe AggregatedConsumptionData
2023-07-04,1323.682,245.093,1078.589,final,Trading Hub Europe AggregatedConsumptionData
2023-07-05,1283.612,250.724,1032.888,final,Trading Hub Europe AggregatedConsumptionData
2023-07-06,1399.167,247.230,1151.938,final,Trading Hub Europe AggregatedConsumptionData
2023-07-07,1227.621,213.850,1013.771,final,Trading Hub Europe AggregatedConsumptionData
2023-07-08,1009.799,182.127,827.672,final,Trading Hub Europe AggregatedConsumptionData
2023-07-09,1035.304,166.622,868.682,final,Trading Hub Europe AggregatedConsumptionData
2023-07-10,1343.057,170.358,1172.698,final,Trading Hub Europe AggregatedConsumptionData
2023-07-11,1266.758,165.773,1100.985,final,Trading Hub Europe AggregatedConsumptionData
2023-07-12,1288.734,175.378,1113.357,final,Trading Hub Europe AggregatedConsumptionData
2023-07-13,1321.086,196.387,1124.699,final,Trading Hub Europe AggregatedConsumptionData
2023-07-14,1214.562,190.406,1024.156,final,Trading Hub Europe AggregatedConsumptionData
2023-07-15,945.743,171.731,774.012,final,Trading Hub Europe AggregatedConsumptionData
2023-07-16,1010.129,179.169,830.960,final,Trading Hub Europe AggregatedConsumptionData
2023-07-17,1245.936,191.336,1054.600,final,Trading Hub Europe AggregatedConsumptionData
2023-07-18,1332.063,198.138,1133.925,final,Trading Hub Europe AggregatedConsumptionData
2023-07-19,1353.557,206.364,1147.193,final,Trading Hub Europe AggregatedConsumptionData
2023-07-20,1366.865,218.939,1147.926,final,Trading Hub Europe AggregatedConsumptionData
2023-07-21,1332.627,232.745,1099.883,final,Trading Hub Europe AggregatedConsumptionData
2023-07-22,1049.521,233.441,816.080,final,Trading Hub Europe AggregatedConsumptionData
2023-07-23,1019.545,224.875,794.670,final,Trading Hub Europe AggregatedConsumptionData
2023-07-24,1251.855,221.982,1029.873,final,Trading Hub Europe AggregatedConsumptionData
2023-07-25,1332.810,250.606,1082.204,final,Trading Hub Europe AggregatedConsumptionData
2023-07-26,1333.371,291.655,1041.716,final,Trading Hub Europe AggregatedConsumptionData
2023-07-27,1330.999,289.876,1041.123,final,Trading Hub Europe AggregatedConsumptionData
2023-07-28,1249.822,243.118,1006.703,final,Trading Hub Europe AggregatedConsumptionData
2023-07-29,1012.162,223.175,788.988,final,Trading Hub Europe AggregatedConsumptionData
2023-07-30,1013.915,225.439,788.476,final,Trading Hub Europe AggregatedConsumptionData
2023-07-31,1179.671,230.324,949.347,final,Trading Hub Europe AggregatedConsumptionData
2023-08-01,1224.860,245.780,979.080,final,Trading Hub Europe AggregatedConsumptionData
2023-08-02,1244.421,250.146,994.275,final,Trading Hub Europe AggregatedConsumptionData
2023-08-03,1256.774,252.705,1004.068,final,Trading Hub Europe AggregatedConsumptionData
2023-08-04,1298.496,262.526,1035.969,final,Trading Hub Europe AggregatedConsumptionData
2023-08-05,1118.979,267.783,851.195,final,Trading Hub Europe AggregatedConsumptionData
2023-08-06,1136.747,300.657,836.091,final,Trading Hub Europe AggregatedConsumptionData
2023-08-07,1363.218,331.316,1031.902,final,Trading Hub Europe AggregatedConsumptionData
2023-08-08,1363.093,326.873,1036.220,final,Trading Hub Europe AggregatedConsumptionData
2023-08-09,1450.247,313.839,1136.408,final,Trading Hub Europe AggregatedConsumptionData
2023-08-10,1421.713,291.123,1130.589,final,Trading Hub Europe AggregatedConsumptionData
2023-08-11,1225.454,232.807,992.647,final,Trading Hub Europe AggregatedConsumptionData
2023-08-12,1016.276,201.681,814.595,final,Trading Hub Europe AggregatedConsumptionData
2023-08-13,1033.700,194.426,839.274,final,Trading Hub Europe AggregatedConsumptionData
2023-08-14,1225.018,183.804,1041.214,final,Trading Hub Europe AggregatedConsumptionData
2023-08-15,1264.999,179.620,1085.379,final,Trading Hub Europe AggregatedConsumptionData
2023-08-16,1266.038,183.839,1082.199,final,Trading Hub Europe AggregatedConsumptionData
2023-08-17,1252.561,190.061,1062.500,final,Trading Hub Europe AggregatedConsumptionData
2023-08-18,1177.240,180.905,996.335,final,Trading Hub Europe AggregatedConsumptionData
2023-08-19,977.379,164.959,812.421,final,Trading Hub Europe AggregatedConsumptionData
2023-08-20,1019.880,165.863,854.016,final,Trading Hub Europe AggregatedConsumptionData
2023-08-21,1297.617,171.219,1126.398,final,Trading Hub Europe AggregatedConsumptionData
2023-08-22,1344.339,175.459,1168.880,final,Trading Hub Europe AggregatedConsumptionData
2023-08-23,1359.355,181.284,1178.070,final,Trading Hub Europe AggregatedConsumptionData
2023-08-24,1339.677,177.776,1161.900,final,Trading Hub Europe AggregatedConsumptionData
2023-08-25,1294.681,178.882,1115.799,final,Trading Hub Europe AggregatedConsumptionData
2023-08-26,1057.861,195.834,862.028,final,Trading Hub Europe AggregatedConsumptionData
2023-08-27,1117.819,236.494,881.326,final,Trading Hub Europe AggregatedConsumptionData
2023-08-28,1509.839,291.158,1218.681,final,Trading Hub Europe AggregatedConsumptionData
2023-08-29,1578.709,338.644,1240.064,final,Trading Hub Europe AggregatedConsumptionData
2023-08-30,1503.029,336.722,1166.307,final,Trading Hub Europe AggregatedConsumptionData
2023-08-31,1457.090,350.214,1106.876,final,Trading Hub Europe AggregatedConsumptionData
2023-09-01,1393.818,316.335,1077.483,final,Trading Hub Europe AggregatedConsumptionData
2023-09-02,1137.334,267.196,870.137,final,Trading Hub Europe AggregatedConsumptionData
2023-09-03,1132.400,254.121,878.278,final,Trading Hub Europe AggregatedConsumptionData
2023-09-04,1334.011,243.724,1090.286,final,Trading Hub Europe AggregatedConsumptionData
2023-09-05,1346.703,222.619,1124.084,final,Trading Hub Europe AggregatedConsumptionData
2023-09-06,1347.885,208.110,1139.776,final,Trading Hub Europe AggregatedConsumptionData
2023-09-07,1296.457,199.563,1096.894,final,Trading Hub Europe AggregatedConsumptionData
2023-09-08,1311.387,194.251,1117.136,final,Trading Hub Europe AggregatedConsumptionData
2023-09-09,1063.602,183.145,880.457,final,Trading Hub Europe AggregatedConsumptionData
2023-09-10,1076.381,181.339,895.042,final,Trading Hub Europe AggregatedConsumptionData
2023-09-11,1328.463,179.428,1149.035,final,Trading Hub Europe AggregatedConsumptionData
2023-09-12,1351.050,187.780,1163.270,final,Trading Hub Europe AggregatedConsumptionData
2023-09-13,1373.995,228.754,1145.241,final,Trading Hub Europe AggregatedConsumptionData
2023-09-14,1467.669,277.473,1190.196,final,Trading Hub Europe AggregatedConsumptionData
2023-09-15,1364.642,288.190,1076.452,final,Trading Hub Europe AggregatedConsumptionData
2023-09-16,1152.412,253.311,899.101,final,Trading Hub Europe AggregatedConsumptionData
2023-09-17,1109.174,224.397,884.777,final,Trading Hub Europe AggregatedConsumptionData
2023-09-18,1270.539,216.761,1053.777,final,Trading Hub Europe AggregatedConsumptionData
2023-09-19,1316.701,251.173,1065.528,final,Trading Hub Europe AggregatedConsumptionData
2023-09-20,1345.515,249.428,1096.086,final,Trading Hub Europe AggregatedConsumptionData
2023-09-21,1356.427,246.714,1109.712,final,Trading Hub Europe AggregatedConsumptionData
2023-09-22,1390.023,299.756,1090.267,final,Trading Hub Europe AggregatedConsumptionData
2023-09-23,1284.094,373.956,910.137,final,Trading Hub Europe AggregatedConsumptionData
2023-09-24,1338.446,432.233,906.213,final,Trading Hub Europe AggregatedConsumptionData
2023-09-25,1618.492,437.216,1181.275,final,Trading Hub Europe AggregatedConsumptionData
2023-09-26,1596.155,379.670,1216.485,final,Trading Hub Europe AggregatedConsumptionData
2023-09-27,1506.496,326.813,1179.684,final,Trading Hub Europe AggregatedConsumptionData
2023-09-28,1438.992,290.477,1148.515,final,Trading Hub Europe AggregatedConsumptionData
2023-09-29,1339.607,278.322,1061.286,final,Trading Hub Europe AggregatedConsumptionData
2023-09-30,1251.918,321.312,930.606,final,Trading Hub Europe AggregatedConsumptionData
2023-10-01,1258.497,342.261,916.236,final,Trading Hub Europe AggregatedConsumptionData
2023-10-02,1340.201,315.062,1025.139,final,Trading Hub Europe AggregatedConsumptionData
2023-10-03,1286.336,320.827,965.510,final,Trading Hub Europe AggregatedConsumptionData
2023-10-04,1636.307,408.420,1227.888,final,Trading Hub Europe AggregatedConsumptionData
2023-10-05,1802.954,473.702,1329.252,final,Trading Hub Europe AggregatedConsumptionData
2023-10-06,1673.783,487.091,1186.692,final,Trading Hub Europe AggregatedConsumptionData
2023-10-07,1436.967,450.663,986.304,final,Trading Hub Europe AggregatedConsumptionData
2023-10-08,1596.692,490.673,1106.019,final,Trading Hub Europe AggregatedConsumptionData
2023-10-09,1837.515,446.761,1390.754,final,Trading Hub Europe AggregatedConsumptionData
2023-10-10,1681.859,409.793,1272.066,final,Trading Hub Europe AggregatedConsumptionData
2023-10-11,1514.612,368.636,1145.976,final,Trading Hub Europe AggregatedConsumptionData
2023-10-12,1739.323,413.121,1326.202,final,Trading Hub Europe AggregatedConsumptionData
2023-10-13,1450.804,353.169,1097.635,final,Trading Hub Europe AggregatedConsumptionData
2023-10-14,1454.892,452.673,1002.220,final,Trading Hub Europe AggregatedConsumptionData
2023-10-15,1836.909,723.043,1113.866,final,Trading Hub Europe AggregatedConsumptionData
2023-10-16,2456.620,949.279,1507.342,final,Trading Hub Europe AggregatedConsumptionData
2023-10-17,2633.277,1075.906,1557.371,final,Trading Hub Europe AggregatedConsumptionData
2023-10-18,2491.035,1067.504,1423.530,final,Trading Hub Europe AggregatedConsumptionData
2023-10-19,2308.804,915.034,1393.770,final,Trading Hub Europe AggregatedConsumptionData
2023-10-20,2191.172,862.608,1328.565,final,Trading Hub Europe AggregatedConsumptionData
2023-10-21,1796.973,732.765,1064.207,final,Trading Hub Europe AggregatedConsumptionData
2023-10-22,1865.924,757.668,1108.256,final,Trading Hub Europe AggregatedConsumptionData
2023-10-23,2294.508,788.353,1506.155,final,Trading Hub Europe AggregatedConsumptionData
2023-10-24,2322.465,808.731,1513.735,final,Trading Hub Europe AggregatedConsumptionData
2023-10-25,2370.362,871.481,1498.881,final,Trading Hub Europe AggregatedConsumptionData
2023-10-26,2409.836,879.712,1530.124,final,Trading Hub Europe AggregatedConsumptionData
2023-10-27,2305.334,928.189,1377.145,final,Trading Hub Europe AggregatedConsumptionData
2023-10-28,2071.172,930.543,1140.629,final,Trading Hub Europe AggregatedConsumptionData
2023-10-29,1884.845,823.920,1060.925,final,Trading Hub Europe AggregatedConsumptionData
2023-10-30,2118.216,788.602,1329.615,final,Trading Hub Europe AggregatedConsumptionData
2023-10-31,2157.969,859.750,1298.219,final,Trading Hub Europe AggregatedConsumptionData
2023-11-01,2045.503,850.715,1194.788,final,Trading Hub Europe AggregatedConsumptionData
2023-11-02,2209.694,900.206,1309.488,final,Trading Hub Europe AggregatedConsumptionData
2023-11-03,2431.916,1034.945,1396.971,final,Trading Hub Europe AggregatedConsumptionData
2023-11-04,2197.753,1067.709,1130.044,final,Trading Hub Europe AggregatedConsumptionData
2023-11-05,2180.240,1042.577,1137.663,final,Trading Hub Europe AggregatedConsumptionData
2023-11-06,2465.345,1054.253,1411.092,final,Trading Hub Europe AggregatedConsumptionData
2023-11-07,2596.357,1108.512,1487.845,final,Trading Hub Europe AggregatedConsumptionData
2023-11-08,2620.302,1138.998,1481.304,final,Trading Hub Europe AggregatedConsumptionData
2023-11-09,2664.518,1162.747,1501.771,final,Trading Hub Europe AggregatedConsumptionData
2023-11-10,2746.632,1237.519,1509.113,final,Trading Hub Europe AggregatedConsumptionData
2023-11-11,2682.673,1325.100,1357.572,final,Trading Hub Europe AggregatedConsumptionData
2023-11-12,2799.095,1406.788,1392.307,final,Trading Hub Europe AggregatedConsumptionData
2023-11-13,2815.578,1288.504,1527.074,final,Trading Hub Europe AggregatedConsumptionData
2023-11-14,2612.887,1130.121,1482.765,final,Trading Hub Europe AggregatedConsumptionData
2023-11-15,2768.436,1161.123,1607.313,final,Trading Hub Europe AggregatedConsumptionData
2023-11-16,3029.714,1264.792,1764.922,final,Trading Hub Europe AggregatedConsumptionData
2023-11-17,3257.878,1474.416,1783.461,final,Trading Hub Europe AggregatedConsumptionData
2023-11-18,2899.003,1509.500,1389.503,final,Trading Hub Europe AggregatedConsumptionData
2023-11-19,2493.435,1270.681,1222.754,final,Trading Hub Europe AggregatedConsumptionData
2023-11-20,2825.886,1223.130,1602.756,final,Trading Hub Europe AggregatedConsumptionData
2023-11-21,3119.673,1334.866,1784.808,final,Trading Hub Europe AggregatedConsumptionData
2023-11-22,3510.144,1630.811,1879.333,final,Trading Hub Europe AggregatedConsumptionData
2023-11-23,3220.202,1527.788,1692.414,final,Trading Hub Europe AggregatedConsumptionData
2023-11-24,3345.567,1625.196,1720.371,final,Trading Hub Europe AggregatedConsumptionData
2023-11-25,3377.440,1762.668,1614.772,final,Trading Hub Europe AggregatedConsumptionData
2023-11-26,3549.703,1855.244,1694.459,final,Trading Hub Europe AggregatedConsumptionData
2023-11-27,3944.119,1933.785,2010.334,final,Trading Hub Europe AggregatedConsumptionData
2023-11-28,4243.792,2096.556,2147.236,final,Trading Hub Europe AggregatedConsumptionData
2023-11-29,4415.659,2196.130,2219.528,final,Trading Hub Europe AggregatedConsumptionData
2023-11-30,4577.351,2303.151,2274.200,final,Trading Hub Europe AggregatedConsumptionData
2023-12-01,4548.564,2322.464,2226.100,final,Trading Hub Europe AggregatedConsumptionData
2023-12-02,4375.564,2350.443,2025.120,final,Trading Hub Europe AggregatedConsumptionData
2023-12-03,4303.820,2372.057,1931.763,final,Trading Hub Europe AggregatedConsumptionData
2023-12-04,4591.449,2348.097,2243.352,final,Trading Hub Europe AggregatedConsumptionData
2023-12-05,4361.531,2185.240,2176.291,final,Trading Hub Europe AggregatedConsumptionData
2023-12-06,4358.312,2114.724,2243.588,final,Trading Hub Europe AggregatedConsumptionData
2023-12-07,4310.821,2136.322,2174.500,final,Trading Hub Europe AggregatedConsumptionData
2023-12-08,4051.603,2069.943,1981.659,final,Trading Hub Europe AggregatedConsumptionData
2023-12-09,3281.319,1784.676,1496.644,final,Trading Hub Europe AggregatedConsumptionData
2023-12-10,3011.701,1580.556,1431.145,final,Trading Hub Europe AggregatedConsumptionData
2023-12-11,3144.471,1443.029,1701.442,final,Trading Hub Europe AggregatedConsumptionData
2023-12-12,3254.563,1429.823,1824.740,final,Trading Hub Europe AggregatedConsumptionData
2023-12-13,3297.936,1464.271,1833.665,final,Trading Hub Europe AggregatedConsumptionData
2023-12-14,3584.903,1630.339,1954.564,final,Trading Hub Europe AggregatedConsumptionData
2023-12-15,3381.389,1644.564,1736.826,final,Trading Hub Europe AggregatedConsumptionData
2023-12-16,3044.968,1596.582,1448.386,final,Trading Hub Europe AggregatedConsumptionData
2023-12-17,3044.375,1580.089,1464.286,final,Trading Hub Europe AggregatedConsumptionData
2023-12-18,3411.414,1652.134,1759.280,final,Trading Hub Europe AggregatedConsumptionData
2023-12-19,3365.228,1660.027,1705.200,final,Trading Hub Europe AggregatedConsumptionData
2023-12-20,3275.257,1666.641,1608.616,final,Trading Hub Europe AggregatedConsumptionData
2023-12-21,2997.189,1539.455,1457.733,final,Trading Hub Europe AggregatedConsumptionData
2023-12-22,2970.380,1585.813,1384.566,final,Trading Hub Europe AggregatedConsumptionData
2023-12-23,2753.116,1519.092,1234.024,final,Trading Hub Europe AggregatedConsumptionData
2023-12-24,2387.887,1333.084,1054.802,final,Trading Hub Europe AggregatedConsumptionData
2023-12-25,2286.999,1222.353,1064.646,final,Trading Hub Europe AggregatedConsumptionData
2023-12-26,2392.483,1255.717,1136.766,final,Trading Hub Europe AggregatedConsumptionData
2023-12-27,2707.600,1404.369,1303.231,final,Trading Hub Europe AggregatedConsumptionData
2023-12-28,2552.749,1375.930,1176.819,final,Trading Hub Europe AggregatedConsumptionData
2023-12-29,2481.789,1336.244,1145.545,final,Trading Hub Europe AggregatedConsumptionData
2023-12-30,2501.648,1359.908,1141.740,final,Trading Hub Europe AggregatedConsumptionData
2023-12-31,2481.712,1392.866,1088.846,final,Trading Hub Europe AggregatedConsumptionData
2024-01-01,2600.708,1423.629,1177.079,final,Trading Hub Europe AggregatedConsumptionData
2024-01-02,2833.928,1397.977,1435.952,final,Trading Hub Europe AggregatedConsumptionData
2024-01-03,2753.797,1322.118,1431.679,final,Trading Hub Europe AggregatedConsumptionData
2024-01-04,3150.314,1452.211,1698.103,final,Trading Hub Europe AggregatedConsumptionData
2024-01-05,3320.523,1619.675,1700.848,final,Trading Hub Europe AggregatedConsumptionData
2024-01-06,3379.676,1757.904,1621.772,final,Trading Hub Europe AggregatedConsumptionData
2024-01-07,3869.047,2069.249,1799.797,final,Trading Hub Europe AggregatedConsumptionData
2024-01-08,4681.140,2400.456,2280.684,final,Trading Hub Europe AggregatedConsumptionData
2024-01-09,5014.549,2583.889,2430.660,final,Trading Hub Europe AggregatedConsumptionData
2024-01-10,5160.148,2651.737,2508.410,final,Trading Hub Europe AggregatedConsumptionData
2024-01-11,5083.357,2624.372,2458.984,final,Trading Hub Europe AggregatedConsumptionData
2024-01-12,4779.231,2480.577,2298.654,final,Trading Hub Europe AggregatedConsumptionData
2024-01-13,4191.650,2290.941,1900.709,final,Trading Hub Europe AggregatedConsumptionData
2024-01-14,4091.760,2201.622,1890.139,final,Trading Hub Europe AggregatedConsumptionData
2024-01-15,4514.076,2263.889,2250.187,final,Trading Hub Europe AggregatedConsumptionData
2024-01-16,4686.425,2356.276,2330.149,final,Trading Hub Europe AggregatedConsumptionData
2024-01-17,4668.784,2348.921,2319.863,final,Trading Hub Europe AggregatedConsumptionData
2024-01-18,4643.216,2358.396,2284.820,final,Trading Hub Europe AggregatedConsumptionData
2024-01-19,4623.106,2405.572,2217.534,final,Trading Hub Europe AggregatedConsumptionData
2024-01-20,4352.473,2391.392,1961.081,final,Trading Hub Europe AggregatedConsumptionData
2024-01-21,4063.483,2289.525,1773.957,final,Trading Hub Europe AggregatedConsumptionData
2024-01-22,3777.975,1960.541,1817.434,final,Trading Hub Europe AggregatedConsumptionData
2024-01-23,3540.195,1757.145,1783.050,final,Trading Hub Europe AggregatedConsumptionData
2024-01-24,3133.323,1460.929,1672.394,final,Trading Hub Europe AggregatedConsumptionData
2024-01-25,3292.691,1474.240,1818.451,final,Trading Hub Europe AggregatedConsumptionData
2024-01-26,3163.170,1471.595,1691.574,final,Trading Hub Europe AggregatedConsumptionData
2024-01-27,3318.233,1706.107,1612.125,final,Trading Hub Europe AggregatedConsumptionData
2024-01-28,3390.312,1811.908,1578.404,final,Trading Hub Europe AggregatedConsumptionData
2024-01-29,3607.554,1763.387,1844.167,final,Trading Hub Europe AggregatedConsumptionData
2024-01-30,3436.462,1662.095,1774.367,final,Trading Hub Europe AggregatedConsumptionData
2024-01-31,3401.972,1638.905,1763.067,final,Trading Hub Europe AggregatedConsumptionData
2024-02-01,3374.584,1628.678,1745.906,final,Trading Hub Europe AggregatedConsumptionData
2024-02-02,3225.797,1611.488,1614.309,final,Trading Hub Europe AggregatedConsumptionData
2024-02-03,2735.155,1409.969,1325.186,final,Trading Hub Europe AggregatedConsumptionData
2024-02-04,2627.046,1327.229,1299.817,final,Trading Hub Europe AggregatedConsumptionData
2024-02-05,2904.051,1309.150,1594.901,final,Trading Hub Europe AggregatedConsumptionData
2024-02-06,2881.529,1293.193,1588.336,final,Trading Hub Europe AggregatedConsumptionData
2024-02-07,3304.036,1424.403,1879.633,final,Trading Hub Europe AggregatedConsumptionData
2024-02-08,3431.841,1560.797,1871.044,final,Trading Hub Europe AggregatedConsumptionData
2024-02-09,3012.813,1426.057,1586.755,final,Trading Hub Europe AggregatedConsumptionData
2024-02-10,2623.006,1278.064,1344.942,final,Trading Hub Europe AggregatedConsumptionData
2024-02-11,2704.956,1301.351,1403.605,final,Trading Hub Europe AggregatedConsumptionData
2024-02-12,3175.474,1434.932,1740.542,final,Trading Hub Europe AggregatedConsumptionData
2024-02-13,3261.027,1545.420,1715.607,final,Trading Hub Europe AggregatedConsumptionData
2024-02-14,3029.148,1402.217,1626.931,final,Trading Hub Europe AggregatedConsumptionData
2024-02-15,2740.046,1191.743,1548.303,final,Trading Hub Europe AggregatedConsumptionData
2024-02-16,2478.742,1058.148,1420.594,final,Trading Hub Europe AggregatedConsumptionData
2024-02-17,2479.664,1098.588,1381.076,final,Trading Hub Europe AggregatedConsumptionData
2024-02-18,2476.300,1163.215,1313.085,final,Trading Hub Europe AggregatedConsumptionData
2024-02-19,2851.369,1229.241,1622.127,final,Trading Hub Europe AggregatedConsumptionData
2024-02-20,2942.016,1286.857,1655.159,final,Trading Hub Europe AggregatedConsumptionData
2024-02-21,2837.403,1270.603,1566.800,final,Trading Hub Europe AggregatedConsumptionData
2024-02-22,2769.648,1198.227,1571.421,final,Trading Hub Europe AggregatedConsumptionData
2024-02-23,3051.954,1354.342,1697.612,final,Trading Hub Europe AggregatedConsumptionData
2024-02-24,2951.654,1474.098,1477.557,final,Trading Hub Europe AggregatedConsumptionData
2024-02-25,3023.620,1541.402,1482.218,final,Trading Hub Europe AggregatedConsumptionData
2024-02-26,3293.859,1569.600,1724.259,final,Trading Hub Europe AggregatedConsumptionData
2024-02-27,3496.418,1581.434,1914.985,final,Trading Hub Europe AggregatedConsumptionData
2024-02-28,3468.301,1579.410,1888.891,final,Trading Hub Europe AggregatedConsumptionData
2024-02-29,3200.380,1479.306,1721.074,final,Trading Hub Europe AggregatedConsumptionData
2024-03-01,3058.586,1425.455,1633.131,final,Trading Hub Europe AggregatedConsumptionData
2024-03-02,2660.518,1284.493,1376.025,final,Trading Hub Europe AggregatedConsumptionData
2024-03-03,2544.608,1189.451,1355.157,final,Trading Hub Europe AggregatedConsumptionData
2024-03-04,2935.078,1222.425,1712.653,final,Trading Hub Europe AggregatedConsumptionData
2024-03-05,3103.743,1298.058,1805.685,final,Trading Hub Europe AggregatedConsumptionData
2024-03-06,3196.842,1394.960,1801.882,final,Trading Hub Europe AggregatedConsumptionData
2024-03-07,3300.808,1510.881,1789.927,final,Trading Hub Europe AggregatedConsumptionData
2024-03-08,3150.419,1543.230,1607.190,final,Trading Hub Europe AggregatedConsumptionData
2024-03-09,2740.343,1444.426,1295.917,final,Trading Hub Europe AggregatedConsumptionData
2024-03-10,2608.616,1284.494,1324.122,final,Trading Hub Europe AggregatedConsumptionData
2024-03-11,2925.542,1250.486,1675.056,final,Trading Hub Europe AggregatedConsumptionData
2024-03-12,3022.827,1270.265,1752.562,final,Trading Hub Europe AggregatedConsumptionData
2024-03-13,2842.841,1195.710,1647.132,final,Trading Hub Europe AggregatedConsumptionData
2024-03-14,2527.711,1025.980,1501.731,final,Trading Hub Europe AggregatedConsumptionData
2024-03-15,2279.754,933.904,1345.850,final,Trading Hub Europe AggregatedConsumptionData
2024-03-16,2248.330,996.802,1251.528,final,Trading Hub Europe AggregatedConsumptionData
2024-03-17,2435.554,1114.777,1320.776,final,Trading Hub Europe AggregatedConsumptionData
2024-03-18,2861.775,1191.987,1669.788,final,Trading Hub Europe AggregatedConsumptionData
2024-03-19,2773.141,1132.331,1640.810,final,Trading Hub Europe AggregatedConsumptionData
2024-03-20,2573.708,980.150,1593.558,final,Trading Hub Europe AggregatedConsumptionData
2024-03-21,2486.109,938.583,1547.526,final,Trading Hub Europe AggregatedConsumptionData
2024-03-22,2364.973,912.603,1452.369,final,Trading Hub Europe AggregatedConsumptionData
2024-03-23,2420.053,1134.152,1285.902,final,Trading Hub Europe AggregatedConsumptionData
2024-03-24,2708.616,1328.853,1379.763,final,Trading Hub Europe AggregatedConsumptionData
2024-03-25,3098.336,1391.846,1706.490,final,Trading Hub Europe AggregatedConsumptionData
2024-03-26,2785.038,1247.721,1537.317,final,Trading Hub Europe AggregatedConsumptionData
2024-03-27,2672.128,1123.866,1548.263,final,Trading Hub Europe AggregatedConsumptionData
2024-03-28,2493.941,1130.854,1363.087,final,Trading Hub Europe AggregatedConsumptionData
2024-03-29,2175.341,1026.369,1148.971,final,Trading Hub Europe AggregatedConsumptionData
2024-03-30,1817.197,780.617,1036.580,final,Trading Hub Europe AggregatedConsumptionData
2024-03-31,1763.118,765.213,997.905,final,Trading Hub Europe AggregatedConsumptionData
2024-04-01,1982.597,858.621,1123.975,final,Trading Hub Europe AggregatedConsumptionData
2024-04-02,2339.911,925.159,1414.752,final,Trading Hub Europe AggregatedConsumptionData
2024-04-03,2526.070,964.697,1561.373,final,Trading Hub Europe AggregatedConsumptionData
2024-04-04,2311.439,909.615,1401.824,final,Trading Hub Europe AggregatedConsumptionData
2024-04-05,1940.516,710.654,1229.861,final,Trading Hub Europe AggregatedConsumptionData
2024-04-06,1479.612,506.780,972.832,final,Trading Hub Europe AggregatedConsumptionData
2024-04-07,1451.640,429.714,1021.926,final,Trading Hub Europe AggregatedConsumptionData
2024-04-08,1701.804,390.467,1311.337,final,Trading Hub Europe AggregatedConsumptionData
2024-04-09,1810.420,515.863,1294.557,final,Trading Hub Europe AggregatedConsumptionData
2024-04-10,2100.118,678.891,1421.227,final,Trading Hub Europe AggregatedConsumptionData
2024-04-11,2087.837,727.955,1359.882,final,Trading Hub Europe AggregatedConsumptionData
2024-04-12,1807.401,638.057,1169.344,final,Trading Hub Europe AggregatedConsumptionData
2024-04-13,1402.309,492.853,909.456,final,Trading Hub Europe AggregatedConsumptionData
2024-04-14,1549.520,525.048,1024.473,final,Trading Hub Europe AggregatedConsumptionData
2024-04-15,1987.348,705.796,1281.552,final,Trading Hub Europe AggregatedConsumptionData
2024-04-16,2431.469,935.279,1496.190,final,Trading Hub Europe AggregatedConsumptionData
2024-04-17,2811.926,1130.364,1681.562,final,Trading Hub Europe AggregatedConsumptionData
2024-04-18,2793.974,1226.771,1567.203,final,Trading Hub Europe AggregatedConsumptionData
2024-04-19,2703.843,1267.203,1436.641,final,Trading Hub Europe AggregatedConsumptionData
2024-04-20,2544.167,1263.216,1280.951,final,Trading Hub Europe AggregatedConsumptionData
2024-04-21,2718.881,1348.441,1370.440,final,Trading Hub Europe AggregatedConsumptionData
2024-04-22,3281.587,1434.083,1847.504,final,Trading Hub Europe AggregatedConsumptionData
2024-04-23,3218.412,1434.351,1784.061,final,Trading Hub Europe AggregatedConsumptionData
2024-04-24,3261.331,1422.009,1839.322,final,Trading Hub Europe AggregatedConsumptionData
2024-04-25,3129.399,1364.753,1764.646,final,Trading Hub Europe AggregatedConsumptionData
2024-04-26,2751.763,1178.157,1573.606,final,Trading Hub Europe AggregatedConsumptionData
2024-04-27,1986.014,861.629,1124.385,final,Trading Hub Europe AggregatedConsumptionData
2024-04-28,1728.974,648.878,1080.096,final,Trading Hub Europe AggregatedConsumptionData
2024-04-29,1881.030,529.447,1351.582,final,Trading Hub Europe AggregatedConsumptionData
2024-04-30,1586.715,410.889,1175.826,final,Trading Hub Europe AggregatedConsumptionData
2024-05-01,1264.756,329.994,934.762,final,Trading Hub Europe AggregatedConsumptionData
2024-05-02,1461.679,329.488,1132.190,final,Trading Hub Europe AggregatedConsumptionData
2024-05-03,1708.599,428.530,1280.069,final,Trading Hub Europe AggregatedConsumptionData
2024-05-04,1564.890,469.438,1095.452,final,Trading Hub Europe AggregatedConsumptionData
2024-05-05,1596.308,510.556,1085.753,final,Trading Hub Europe AggregatedConsumptionData
2024-05-06,1943.538,525.193,1418.345,final,Trading Hub Europe AggregatedConsumptionData
2024-05-07,2028.078,545.966,1482.112,final,Trading Hub Europe AggregatedConsumptionData
2024-05-08,1940.896,536.997,1403.898,final,Trading Hub Europe AggregatedConsumptionData
2024-05-09,1607.774,493.526,1114.248,final,Trading Hub Europe AggregatedConsumptionData
2024-05-10,1608.897,455.882,1153.015,final,Trading Hub Europe AggregatedConsumptionData
2024-05-11,1374.773,391.339,983.434,final,Trading Hub Europe AggregatedConsumptionData
2024-05-12,1285.385,342.096,943.289,final,Trading Hub Europe AggregatedConsumptionData
2024-05-13,1517.909,316.411,1201.497,final,Trading Hub Europe AggregatedConsumptionData
2024-05-14,1448.256,281.072,1167.184,final,Trading Hub Europe AggregatedConsumptionData
2024-05-15,1547.292,280.028,1267.264,final,Trading Hub Europe AggregatedConsumptionData
2024-05-16,1562.165,297.265,1264.900,final,Trading Hub Europe AggregatedConsumptionData
2024-05-17,1498.163,342.306,1155.857,final,Trading Hub Europe AggregatedConsumptionData
2024-05-18,1308.594,343.642,964.952,final,Trading Hub Europe AggregatedConsumptionData
2024-05-19,1256.739,351.843,904.896,final,Trading Hub Europe AggregatedConsumptionData
2024-05-20,1269.212,328.957,940.255,final,Trading Hub Europe AggregatedConsumptionData
2024-05-21,1537.700,308.570,1229.129,final,Trading Hub Europe AggregatedConsumptionData
2024-05-22,1559.651,318.329,1241.322,final,Trading Hub Europe AggregatedConsumptionData
2024-05-23,1659.813,329.937,1329.876,final,Trading Hub Europe AggregatedConsumptionData
2024-05-24,1641.063,347.919,1293.144,final,Trading Hub Europe AggregatedConsumptionData
2024-05-25,1355.253,331.415,1023.838,final,Trading Hub Europe AggregatedConsumptionData
2024-05-26,1280.314,303.897,976.416,final,Trading Hub Europe AggregatedConsumptionData
2024-05-27,1580.012,310.923,1269.090,final,Trading Hub Europe AggregatedConsumptionData
2024-05-28,1585.924,348.524,1237.399,final,Trading Hub Europe AggregatedConsumptionData
2024-05-29,1583.621,360.678,1222.943,final,Trading Hub Europe AggregatedConsumptionData
2024-05-30,1517.264,371.623,1145.641,final,Trading Hub Europe AggregatedConsumptionData
2024-05-31,1509.376,378.130,1131.246,final,Trading Hub Europe AggregatedConsumptionData
2024-06-01,1302.448,342.383,960.066,final,Trading Hub Europe AggregatedConsumptionData
2024-06-02,1325.074,329.034,996.040,final,Trading Hub Europe AggregatedConsumptionData
2024-06-03,1764.138,354.692,1409.446,final,Trading Hub Europe AggregatedConsumptionData
2024-06-04,1586.904,341.319,1245.585,final,Trading Hub Europe AggregatedConsumptionData
2024-06-05,1604.507,348.369,1256.139,final,Trading Hub Europe AggregatedConsumptionData
2024-06-06,1661.514,366.598,1294.916,final,Trading Hub Europe AggregatedConsumptionData
2024-06-07,1538.372,359.907,1178.465,final,Trading Hub Europe AggregatedConsumptionData
2024-06-08,1286.473,330.145,956.328,final,Trading Hub Europe AggregatedConsumptionData
2024-06-09,1380.586,347.283,1033.303,final,Trading Hub Europe AggregatedConsumptionData
2024-06-10,1635.823,399.962,1235.862,final,Trading Hub Europe AggregatedConsumptionData
2024-06-11,1700.004,454.717,1245.287,final,Trading Hub Europe AggregatedConsumptionData
2024-06-12,1789.174,491.634,1297.540,final,Trading Hub Europe AggregatedConsumptionData
2024-06-13,1719.385,460.474,1258.910,final,Trading Hub Europe AggregatedConsumptionData
2024-06-14,1484.456,379.432,1105.024,final,Trading Hub Europe AggregatedConsumptionData
2024-06-15,1241.811,332.455,909.356,final,Trading Hub Europe AggregatedConsumptionData
2024-06-16,1251.870,312.539,939.331,final,Trading Hub Europe AggregatedConsumptionData
2024-06-17,1516.645,288.100,1228.546,final,Trading Hub Europe AggregatedConsumptionData
2024-06-18,1480.059,252.062,1227.997,final,Trading Hub Europe AggregatedConsumptionData
2024-06-19,1458.834,262.590,1196.244,final,Trading Hub Europe AggregatedConsumptionData
2024-06-20,1503.076,250.253,1252.823,final,Trading Hub Europe AggregatedConsumptionData
2024-06-21,1418.916,244.707,1174.209,final,Trading Hub Europe AggregatedConsumptionData
2024-06-22,1156.290,253.067,903.223,final,Trading Hub Europe AggregatedConsumptionData
2024-06-23,1216.045,251.167,964.878,final,Trading Hub Europe AggregatedConsumptionData
2024-06-24,1411.290,233.838,1177.452,final,Trading Hub Europe AggregatedConsumptionData
2024-06-25,1360.355,212.557,1147.798,final,Trading Hub Europe AggregatedConsumptionData
2024-06-26,1353.885,189.919,1163.966,final,Trading Hub Europe AggregatedConsumptionData
2024-06-27,1318.542,177.610,1140.932,final,Trading Hub Europe AggregatedConsumptionData
2024-06-28,1212.474,182.427,1030.046,final,Trading Hub Europe AggregatedConsumptionData
2024-06-29,1041.622,178.230,863.392,final,Trading Hub Europe AggregatedConsumptionData
2024-06-30,1106.265,198.467,907.798,final,Trading Hub Europe AggregatedConsumptionData
2024-07-01,1387.102,242.033,1145.069,final,Trading Hub Europe AggregatedConsumptionData
2024-07-02,1434.518,293.760,1140.758,final,Trading Hub Europe AggregatedConsumptionData
2024-07-03,1542.120,345.487,1196.633,final,Trading Hub Europe AggregatedConsumptionData
2024-07-04,1435.126,335.941,1099.185,final,Trading Hub Europe AggregatedConsumptionData
2024-07-05,1343.372,299.374,1043.997,final,Trading Hub Europe AggregatedConsumptionData
2024-07-06,1120.254,252.833,867.420,final,Trading Hub Europe AggregatedConsumptionData
2024-07-07,1167.417,260.408,907.009,final,Trading Hub Europe AggregatedConsumptionData
2024-07-08,1397.520,240.512,1157.008,final,Trading Hub Europe AggregatedConsumptionData
2024-07-09,1250.439,196.907,1053.532,final,Trading Hub Europe AggregatedConsumptionData
2024-07-10,1328.644,185.433,1143.211,final,Trading Hub Europe AggregatedConsumptionData
2024-07-11,1383.052,186.369,1196.683,final,Trading Hub Europe AggregatedConsumptionData
2024-07-12,1283.328,198.673,1084.655,final,Trading Hub Europe AggregatedConsumptionData
2024-07-13,1095.737,219.810,875.927,final,Trading Hub Europe AggregatedConsumptionData
2024-07-14,1131.288,221.271,910.017,final,Trading Hub Europe AggregatedConsumptionData
2024-07-15,1306.783,203.698,1103.086,final,Trading Hub Europe AggregatedConsumptionData
2024-07-16,1271.074,200.816,1070.258,final,Trading Hub Europe AggregatedConsumptionData
2024-07-17,1319.160,200.992,1118.168,final,Trading Hub Europe AggregatedConsumptionData
2024-07-18,1345.669,192.274,1153.395,final,Trading Hub Europe AggregatedConsumptionData
2024-07-19,1225.583,180.123,1045.461,final,Trading Hub Europe AggregatedConsumptionData
2024-07-20,1008.788,165.053,843.735,final,Trading Hub Europe AggregatedConsumptionData
2024-07-21,1046.979,165.112,881.867,final,Trading Hub Europe AggregatedConsumptionData
2024-07-22,1259.645,177.052,1082.593,final,Trading Hub Europe AggregatedConsumptionData
2024-07-23,1267.266,189.700,1077.566,final,Trading Hub Europe AggregatedConsumptionData
2024-07-24,1311.113,209.151,1101.962,final,Trading Hub Europe AggregatedConsumptionData
2024-07-25,1290.095,208.619,1081.475,final,Trading Hub Europe AggregatedConsumptionData
2024-07-26,1278.602,198.384,1080.218,final,Trading Hub Europe AggregatedConsumptionData
2024-07-27,1100.519,191.631,908.888,final,Trading Hub Europe AggregatedConsumptionData
2024-07-28,1044.674,197.571,847.103,final,Trading Hub Europe AggregatedConsumptionData
2024-07-29,1239.026,199.575,1039.451,final,Trading Hub Europe AggregatedConsumptionData
2024-07-30,1256.406,184.483,1071.923,final,Trading Hub Europe AggregatedConsumptionData
2024-07-31,1234.635,172.273,1062.362,final,Trading Hub Europe AggregatedConsumptionData
2024-08-01,1289.804,177.380,1112.424,final,Trading Hub Europe AggregatedConsumptionData
2024-08-02,1239.914,181.612,1058.303,final,Trading Hub Europe AggregatedConsumptionData
2024-08-03,1032.293,182.136,850.156,final,Trading Hub Europe AggregatedConsumptionData
2024-08-04,1064.672,194.455,870.217,final,Trading Hub Europe AggregatedConsumptionData
2024-08-05,1313.895,199.903,1113.992,final,Trading Hub Europe AggregatedConsumptionData
2024-08-06,1275.664,186.168,1089.496,final,Trading Hub Europe AggregatedConsumptionData
2024-08-07,1293.863,182.328,1111.535,final,Trading Hub Europe AggregatedConsumptionData
2024-08-08,1257.446,190.839,1066.607,final,Trading Hub Europe AggregatedConsumptionData
2024-08-09,1152.498,188.441,964.057,final,Trading Hub Europe AggregatedConsumptionData
2024-08-10,1003.365,179.336,824.028,final,Trading Hub Europe AggregatedConsumptionData
2024-08-11,1029.383,178.640,850.744,final,Trading Hub Europe AggregatedConsumptionData
2024-08-12,1203.146,169.106,1034.040,final,Trading Hub Europe AggregatedConsumptionData
2024-08-13,1180.890,159.431,1021.459,final,Trading Hub Europe AggregatedConsumptionData
2024-08-14,1281.076,160.829,1120.247,final,Trading Hub Europe AggregatedConsumptionData
2024-08-15,1200.093,163.027,1037.066,final,Trading Hub Europe AggregatedConsumptionData
2024-08-16,1209.938,166.613,1043.325,final,Trading Hub Europe AggregatedConsumptionData
2024-08-17,1038.151,170.713,867.438,final,Trading Hub Europe AggregatedConsumptionData
2024-08-18,1008.835,190.357,818.478,final,Trading Hub Europe AggregatedConsumptionData
2024-08-19,1316.799,207.944,1108.855,final,Trading Hub Europe AggregatedConsumptionData
2024-08-20,1249.071,201.823,1047.248,final,Trading Hub Europe AggregatedConsumptionData
2024-08-21,1276.662,225.271,1051.391,final,Trading Hub Europe AggregatedConsumptionData
2024-08-22,1253.092,228.730,1024.362,final,Trading Hub Europe AggregatedConsumptionData
2024-08-23,1161.382,204.252,957.130,final,Trading Hub Europe AggregatedConsumptionData
2024-08-24,952.556,174.692,777.864,final,Trading Hub Europe AggregatedConsumptionData
2024-08-25,1072.936,196.790,876.147,final,Trading Hub Europe AggregatedConsumptionData
2024-08-26,1390.794,221.385,1169.409,final,Trading Hub Europe AggregatedConsumptionData
2024-08-27,1373.102,217.716,1155.386,final,Trading Hub Europe AggregatedConsumptionData
2024-08-28,1326.230,193.601,1132.629,final,Trading Hub Europe AggregatedConsumptionData
2024-08-29,1410.567,175.985,1234.582,final,Trading Hub Europe AggregatedConsumptionData
2024-08-30,1276.122,179.466,1096.655,final,Trading Hub Europe AggregatedConsumptionData
2024-08-31,1020.858,181.788,839.070,final,Trading Hub Europe AggregatedConsumptionData
2024-09-01,1077.339,179.596,897.743,final,Trading Hub Europe AggregatedConsumptionData
2024-09-02,1361.771,178.892,1182.878,final,Trading Hub Europe AggregatedConsumptionData
2024-09-03,1478.744,177.294,1301.450,final,Trading Hub Europe AggregatedConsumptionData
2024-09-04,1473.953,183.945,1290.008,final,Trading Hub Europe AggregatedConsumptionData
2024-09-05,1294.908,175.129,1119.779,final,Trading Hub Europe AggregatedConsumptionData
2024-09-06,1261.579,177.514,1084.065,final,Trading Hub Europe AggregatedConsumptionData
2024-09-07,1048.582,171.677,876.905,final,Trading Hub Europe AggregatedConsumptionData
2024-09-08,1083.857,184.429,899.427,final,Trading Hub Europe AggregatedConsumptionData
2024-09-09,1372.535,231.545,1140.990,final,Trading Hub Europe AggregatedConsumptionData
2024-09-10,1375.336,283.098,1092.238,final,Trading Hub Europe AggregatedConsumptionData
2024-09-11,1586.484,381.608,1204.876,final,Trading Hub Europe AggregatedConsumptionData
2024-09-12,1860.977,517.417,1343.560,final,Trading Hub Europe AggregatedConsumptionData
2024-09-13,1745.648,590.497,1155.151,final,Trading Hub Europe AggregatedConsumptionData
2024-09-14,1583.443,600.045,983.399,final,Trading Hub Europe AggregatedConsumptionData
2024-09-15,1567.127,553.855,1013.273,final,Trading Hub Europe AggregatedConsumptionData
2024-09-16,1797.228,493.711,1303.517,final,Trading Hub Europe AggregatedConsumptionData
2024-09-17,1600.723,395.847,1204.876,final,Trading Hub Europe AggregatedConsumptionData
2024-09-18,1498.635,330.412,1168.223,final,Trading Hub Europe AggregatedConsumptionData
2024-09-19,1482.305,310.941,1171.364,final,Trading Hub Europe AggregatedConsumptionData
2024-09-20,1384.598,306.843,1077.755,final,Trading Hub Europe AggregatedConsumptionData
2024-09-21,1264.570,311.579,952.991,final,Trading Hub Europe AggregatedConsumptionData
2024-09-22,1303.017,309.442,993.575,final,Trading Hub Europe AggregatedConsumptionData
2024-09-23,1602.205,325.440,1276.765,final,Trading Hub Europe AggregatedConsumptionData
2024-09-24,1576.542,371.224,1205.318,final,Trading Hub Europe AggregatedConsumptionData
2024-09-25,1587.999,388.207,1199.792,final,Trading Hub Europe AggregatedConsumptionData
2024-09-26,1533.290,383.648,1149.643,final,Trading Hub Europe AggregatedConsumptionData
2024-09-27,1539.515,432.225,1107.289,final,Trading Hub Europe AggregatedConsumptionData
2024-09-28,1588.916,561.398,1027.518,final,Trading Hub Europe AggregatedConsumptionData
2024-09-29,1738.880,670.487,1068.393,final,Trading Hub Europe AggregatedConsumptionData
2024-09-30,1973.715,682.639,1291.076,final,Trading Hub Europe AggregatedConsumptionData
2024-10-01,1958.659,653.966,1304.694,final,Trading Hub Europe AggregatedConsumptionData
2024-10-02,2007.175,685.795,1321.379,final,Trading Hub Europe AggregatedConsumptionData
2024-10-03,1896.764,736.679,1160.085,final,Trading Hub Europe AggregatedConsumptionData
2024-10-04,2068.092,795.740,1272.352,final,Trading Hub Europe AggregatedConsumptionData
2024-10-05,1972.990,839.597,1133.392,final,Trading Hub Europe AggregatedConsumptionData
2024-10-06,1955.212,824.588,1130.623,final,Trading Hub Europe AggregatedConsumptionData
2024-10-07,1976.020,655.028,1320.992,final,Trading Hub Europe AggregatedConsumptionData
2024-10-08,1812.477,550.717,1261.760,final,Trading Hub Europe AggregatedConsumptionData
2024-10-09,1785.228,532.917,1252.311,final,Trading Hub Europe AggregatedConsumptionData
2024-10-10,1917.651,600.809,1316.841,final,Trading Hub Europe AggregatedConsumptionData
2024-10-11,2146.305,784.530,1361.775,final,Trading Hub Europe AggregatedConsumptionData
2024-10-12,1923.684,821.416,1102.268,final,Trading Hub Europe AggregatedConsumptionData
2024-10-13,2025.223,881.440,1143.782,final,Trading Hub Europe AggregatedConsumptionData
2024-10-14,2537.024,947.413,1589.611,final,Trading Hub Europe AggregatedConsumptionData
2024-10-15,2363.776,907.312,1456.465,final,Trading Hub Europe AggregatedConsumptionData
2024-10-16,2184.393,796.440,1387.953,final,Trading Hub Europe AggregatedConsumptionData
2024-10-17,2039.413,663.807,1375.606,final,Trading Hub Europe AggregatedConsumptionData
2024-10-18,1982.936,616.382,1366.554,final,Trading Hub Europe AggregatedConsumptionData
2024-10-19,1703.342,590.712,1112.631,final,Trading Hub Europe AggregatedConsumptionData
2024-10-20,1667.286,581.905,1085.380,final,Trading Hub Europe AggregatedConsumptionData
2024-10-21,1964.779,572.023,1392.756,final,Trading Hub Europe AggregatedConsumptionData
2024-10-22,2064.204,642.580,1421.623,final,Trading Hub Europe AggregatedConsumptionData
2024-10-23,2313.881,751.596,1562.284,final,Trading Hub Europe AggregatedConsumptionData
2024-10-24,2251.181,792.664,1458.517,final,Trading Hub Europe AggregatedConsumptionData
2024-10-25,2206.671,749.290,1457.381,final,Trading Hub Europe AggregatedConsumptionData
2024-10-26,1927.568,717.418,1210.150,final,Trading Hub Europe AggregatedConsumptionData
2024-10-27,1914.460,723.109,1191.351,final,Trading Hub Europe AggregatedConsumptionData
2024-10-28,2186.915,738.307,1448.608,final,Trading Hub Europe AggregatedConsumptionData
2024-10-29,2330.072,738.672,1591.400,final,Trading Hub Europe AggregatedConsumptionData
2024-10-30,2312.481,752.102,1560.379,final,Trading Hub Europe AggregatedConsumptionData
2024-10-31,2256.991,804.227,1452.764,final,Trading Hub Europe AggregatedConsumptionData
2024-11-01,2112.443,847.724,1264.719,final,Trading Hub Europe AggregatedConsumptionData
2024-11-02,2324.665,961.533,1363.132,final,Trading Hub Europe AggregatedConsumptionData
2024-11-03,2518.156,1123.947,1394.209,final,Trading Hub Europe AggregatedConsumptionData
2024-11-04,3081.974,1209.953,1872.021,final,Trading Hub Europe AggregatedConsumptionData
2024-11-05,3230.956,1263.850,1967.106,final,Trading Hub Europe AggregatedConsumptionData
2024-11-06,3333.099,1283.031,2050.068,final,Trading Hub Europe AggregatedConsumptionData
2024-11-07,3348.992,1297.255,2051.737,final,Trading Hub Europe AggregatedConsumptionData
2024-11-08,3227.622,1357.348,1870.274,final,Trading Hub Europe AggregatedConsumptionData
2024-11-09,2976.516,1338.515,1638.001,final,Trading Hub Europe AggregatedConsumptionData
2024-11-10,2981.961,1349.481,1632.480,final,Trading Hub Europe AggregatedConsumptionData
2024-11-11,3329.157,1340.435,1988.721,final,Trading Hub Europe AggregatedConsumptionData
2024-11-12,3517.471,1416.275,2101.196,final,Trading Hub Europe AggregatedConsumptionData
2024-11-13,3531.215,1467.958,2063.257,final,Trading Hub Europe AggregatedConsumptionData
2024-11-14,3381.990,1406.833,1975.157,final,Trading Hub Europe AggregatedConsumptionData
2024-11-15,3270.492,1382.375,1888.118,final,Trading Hub Europe AggregatedConsumptionData
2024-11-16,2939.895,1407.393,1532.502,final,Trading Hub Europe AggregatedConsumptionData
2024-11-17,2964.678,1457.941,1506.737,final,Trading Hub Europe AggregatedConsumptionData
2024-11-18,3440.446,1549.303,1891.144,final,Trading Hub Europe AggregatedConsumptionData
2024-11-19,3513.692,1555.720,1957.971,final,Trading Hub Europe AggregatedConsumptionData
2024-11-20,3721.434,1750.132,1971.301,final,Trading Hub Europe AggregatedConsumptionData
2024-11-21,4099.987,1935.341,2164.646,final,Trading Hub Europe AggregatedConsumptionData
2024-11-22,3987.457,2026.238,1961.219,final,Trading Hub Europe AggregatedConsumptionData
2024-11-23,3523.124,1924.209,1598.915,final,Trading Hub Europe AggregatedConsumptionData
2024-11-24,2759.653,1448.388,1311.264,final,Trading Hub Europe AggregatedConsumptionData
2024-11-25,2852.600,1208.667,1643.933,final,Trading Hub Europe AggregatedConsumptionData
2024-11-26,3087.003,1222.165,1864.838,final,Trading Hub Europe AggregatedConsumptionData
2024-11-27,3053.600,1270.975,1782.625,final,Trading Hub Europe AggregatedConsumptionData
2024-11-28,3340.935,1409.692,1931.243,final,Trading Hub Europe AggregatedConsumptionData
2024-11-29,3666.939,1640.232,2026.708,final,Trading Hub Europe AggregatedConsumptionData
2024-11-30,3504.755,1802.170,1702.586,final,Trading Hub Europe AggregatedConsumptionData
2024-12-01,3619.188,1884.362,1734.826,final,Trading Hub Europe AggregatedConsumptionData
2024-12-02,3717.260,1712.039,2005.221,final,Trading Hub Europe AggregatedConsumptionData
2024-12-03,3868.609,1724.041,2144.569,final,Trading Hub Europe AggregatedConsumptionData
2024-12-04,4030.544,1833.628,2196.916,final,Trading Hub Europe AggregatedConsumptionData
2024-12-05,3771.821,1821.600,1950.221,final,Trading Hub Europe AggregatedConsumptionData
2024-12-06,3424.546,1647.050,1777.497,final,Trading Hub Europe AggregatedConsumptionData
2024-12-07,3113.123,1592.810,1520.312,final,Trading Hub Europe AggregatedConsumptionData
2024-12-08,3289.335,1649.988,1639.347,final,Trading Hub Europe AggregatedConsumptionData
2024-12-09,3741.968,1746.309,1995.659,final,Trading Hub Europe AggregatedConsumptionData
2024-12-10,4085.454,1799.643,2285.811,final,Trading Hub Europe AggregatedConsumptionData
2024-12-11,4323.413,1897.993,2425.420,final,Trading Hub Europe AggregatedConsumptionData
2024-12-12,4435.142,1982.918,2452.224,final,Trading Hub Europe AggregatedConsumptionData
2024-12-13,4371.564,2080.761,2290.803,final,Trading Hub Europe AggregatedConsumptionData
2024-12-14,3797.314,2021.635,1775.678,final,Trading Hub Europe AggregatedConsumptionData
2024-12-15,3406.951,1850.999,1555.952,final,Trading Hub Europe AggregatedConsumptionData
2024-12-16,3277.580,1556.749,1720.831,final,Trading Hub Europe AggregatedConsumptionData
2024-12-17,3245.930,1454.005,1791.925,final,Trading Hub Europe AggregatedConsumptionData
2024-12-18,2914.556,1341.491,1573.065,final,Trading Hub Europe AggregatedConsumptionData
2024-12-19,2923.477,1353.411,1570.066,final,Trading Hub Europe AggregatedConsumptionData
2024-12-20,3197.643,1570.802,1626.841,final,Trading Hub Europe AggregatedConsumptionData
2024-12-21,2861.199,1542.748,1318.451,final,Trading Hub Europe AggregatedConsumptionData
2024-12-22,3016.439,1646.666,1369.773,final,Trading Hub Europe AggregatedConsumptionData
2024-12-23,3299.510,1758.151,1541.359,final,Trading Hub Europe AggregatedConsumptionData
2024-12-24,3263.649,1790.725,1472.924,final,Trading Hub Europe AggregatedConsumptionData
2024-12-25,3118.536,1700.863,1417.673,final,Trading Hub Europe AggregatedConsumptionData
2024-12-26,3200.772,1629.955,1570.818,final,Trading Hub Europe AggregatedConsumptionData
2024-12-27,3594.781,1775.899,1818.882,final,Trading Hub Europe AggregatedConsumptionData
2024-12-28,3731.917,1971.566,1760.351,final,Trading Hub Europe AggregatedConsumptionData
2024-12-29,3787.002,2065.935,1721.067,final,Trading Hub Europe AggregatedConsumptionData
2024-12-30,3837.977,2023.823,1814.153,final,Trading Hub Europe AggregatedConsumptionData
2024-12-31,3672.665,2033.466,1639.199,final,Trading Hub Europe AggregatedConsumptionData
2025-01-01,3207.142,1850.316,1356.827,final,Trading Hub Europe AggregatedConsumptionData
2025-01-02,3784.170,1941.589,1842.582,final,Trading Hub Europe AggregatedConsumptionData
2025-01-03,3932.022,2044.043,1887.980,final,Trading Hub Europe AggregatedConsumptionData
2025-01-04,3934.158,2106.872,1827.286,final,Trading Hub Europe AggregatedConsumptionData
2025-01-05,3553.202,1965.524,1587.678,final,Trading Hub Europe AggregatedConsumptionData
2025-01-06,3233.239,1641.834,1591.405,final,Trading Hub Europe AggregatedConsumptionData
2025-01-07,3667.250,1756.763,1910.487,final,Trading Hub Europe AggregatedConsumptionData
2025-01-08,3948.454,1849.282,2099.171,final,Trading Hub Europe AggregatedConsumptionData
2025-01-09,4040.783,1915.345,2125.439,final,Trading Hub Europe AggregatedConsumptionData
2025-01-10,4188.152,2075.997,2112.155,final,Trading Hub Europe AggregatedConsumptionData
2025-01-11,4163.310,2168.579,1994.731,final,Trading Hub Europe AggregatedConsumptionData
2025-01-12,4251.204,2251.405,1999.799,final,Trading Hub Europe AggregatedConsumptionData
2025-01-13,4859.819,2425.266,2434.553,final,Trading Hub Europe AggregatedConsumptionData
2025-01-14,4785.754,2354.312,2431.442,final,Trading Hub Europe AggregatedConsumptionData
2025-01-15,4581.317,2155.244,2426.074,final,Trading Hub Europe AggregatedConsumptionData
2025-01-16,4450.094,2076.382,2373.712,final,Trading Hub Europe AggregatedConsumptionData
2025-01-17,4505.443,2143.529,2361.914,final,Trading Hub Europe AggregatedConsumptionData
2025-01-18,4244.090,2153.092,2090.998,final,Trading Hub Europe AggregatedConsumptionData
2025-01-19,4209.805,2161.438,2048.367,final,Trading Hub Europe AggregatedConsumptionData
2025-01-20,4763.525,2249.276,2514.249,final,Trading Hub Europe AggregatedConsumptionData
2025-01-21,4772.969,2270.912,2502.056,final,Trading Hub Europe AggregatedConsumptionData
2025-01-22,4443.716,2161.431,2282.285,final,Trading Hub Europe AggregatedConsumptionData
2025-01-23,4100.855,2040.820,2060.035,final,Trading Hub Europe AggregatedConsumptionData
2025-01-24,3626.767,1841.230,1785.537,final,Trading Hub Europe AggregatedConsumptionData
2025-01-25,3156.491,1614.606,1541.885,final,Trading Hub Europe AggregatedConsumptionData
2025-01-26,3203.972,1635.089,1568.883,final,Trading Hub Europe AggregatedConsumptionData
2025-01-27,3193.766,1500.626,1693.140,final,Trading Hub Europe AggregatedConsumptionData
2025-01-28,3280.290,1501.884,1778.406,final,Trading Hub Europe AggregatedConsumptionData
2025-01-29,3341.759,1536.737,1805.022,final,Trading Hub Europe AggregatedConsumptionData
2025-01-30,3591.964,1616.403,1975.560,final,Trading Hub Europe AggregatedConsumptionData
2025-01-31,3780.787,1783.408,1997.379,final,Trading Hub Europe AggregatedConsumptionData
2025-02-01,3749.380,1928.893,1820.488,final,Trading Hub Europe AggregatedConsumptionData
2025-02-02,3968.643,2071.048,1897.595,final,Trading Hub Europe AggregatedConsumptionData
2025-02-03,4503.760,2184.498,2319.262,final,Trading Hub Europe AggregatedConsumptionData
2025-02-04,4470.536,2176.237,2294.299,final,Trading Hub Europe AggregatedConsumptionData
2025-02-05,4366.698,2063.346,2303.353,final,Trading Hub Europe AggregatedConsumptionData
2025-02-06,4244.544,2044.295,2200.249,final,Trading Hub Europe AggregatedConsumptionData
2025-02-07,4004.206,2045.117,1959.090,final,Trading Hub Europe AggregatedConsumptionData
2025-02-08,3721.058,1972.346,1748.712,final,Trading Hub Europe AggregatedConsumptionData
2025-02-09,3817.321,1990.996,1826.324,final,Trading Hub Europe AggregatedConsumptionData
2025-02-10,4152.788,2035.948,2116.839,final,Trading Hub Europe AggregatedConsumptionData
2025-02-11,4178.300,2003.709,2174.591,final,Trading Hub Europe AggregatedConsumptionData
2025-02-12,4234.865,1989.566,2245.298,final,Trading Hub Europe AggregatedConsumptionData
2025-02-13,4437.628,2053.682,2383.946,final,Trading Hub Europe AggregatedConsumptionData
2025-02-14,4447.886,2138.899,2308.987,final,Trading Hub Europe AggregatedConsumptionData
2025-02-15,4159.092,2185.042,1974.050,final,Trading Hub Europe AggregatedConsumptionData
2025-02-16,4238.696,2268.470,1970.227,final,Trading Hub Europe AggregatedConsumptionData
2025-02-17,4776.003,2389.257,2386.746,final,Trading Hub Europe AggregatedConsumptionData
2025-02-18,4699.170,2433.920,2265.251,final,Trading Hub Europe AggregatedConsumptionData
2025-02-19,4482.892,2366.808,2116.084,final,Trading Hub Europe AggregatedConsumptionData
2025-02-20,4013.336,2096.294,1917.042,final,Trading Hub Europe AggregatedConsumptionData
2025-02-21,3239.431,1656.687,1582.744,final,Trading Hub Europe AggregatedConsumptionData
2025-02-22,2763.963,1406.238,1357.725,final,Trading Hub Europe AggregatedConsumptionData
2025-02-23,2673.708,1309.663,1364.045,final,Trading Hub Europe AggregatedConsumptionData
2025-02-24,2886.745,1294.583,1592.163,final,Trading Hub Europe AggregatedConsumptionData
2025-02-25,3168.601,1278.931,1889.670,final,Trading Hub Europe AggregatedConsumptionData
2025-02-26,3322.490,1383.165,1939.325,final,Trading Hub Europe AggregatedConsumptionData
2025-02-27,3540.056,1523.789,2016.267,final,Trading Hub Europe AggregatedConsumptionData
2025-02-28,3629.250,1660.277,1968.974,final,Trading Hub Europe AggregatedConsumptionData
2025-03-01,3348.969,1691.347,1657.622,final,Trading Hub Europe AggregatedConsumptionData
2025-03-02,3292.303,1721.408,1570.896,final,Trading Hub Europe AggregatedConsumptionData
2025-03-03,3513.064,1735.317,1777.747,final,Trading Hub Europe AggregatedConsumptionData
2025-03-04,3448.062,1659.423,1788.639,final,Trading Hub Europe AggregatedConsumptionData
2025-03-05,3204.396,1512.950,1691.446,final,Trading Hub Europe AggregatedConsumptionData
2025-03-06,2971.738,1355.207,1616.531,final,Trading Hub Europe AggregatedConsumptionData
2025-03-07,2835.988,1201.328,1634.660,final,Trading Hub Europe AggregatedConsumptionData
2025-03-08,2388.018,1100.341,1287.677,final,Trading Hub Europe AggregatedConsumptionData
2025-03-09,2424.615,1070.837,1353.778,final,Trading Hub Europe AggregatedConsumptionData
2025-03-10,2892.591,1138.199,1754.392,final,Trading Hub Europe AggregatedConsumptionData
2025-03-11,3104.378,1243.177,1861.200,final,Trading Hub Europe AggregatedConsumptionData
2025-03-12,3336.850,1380.212,1956.637,final,Trading Hub Europe AggregatedConsumptionData
2025-03-13,3532.250,1554.888,1977.362,final,Trading Hub Europe AggregatedConsumptionData
2025-03-14,3515.091,1647.055,1868.036,final,Trading Hub Europe AggregatedConsumptionData
2025-03-15,3141.367,1633.152,1508.215,final,Trading Hub Europe AggregatedConsumptionData
2025-03-16,3117.955,1612.435,1505.520,final,Trading Hub Europe AggregatedConsumptionData
2025-03-17,3483.324,1673.271,1810.054,final,Trading Hub Europe AggregatedConsumptionData
2025-03-18,3517.124,1677.927,1839.197,final,Trading Hub Europe AggregatedConsumptionData
2025-03-19,3327.463,1527.962,1799.501,final,Trading Hub Europe AggregatedConsumptionData
2025-03-20,2935.045,1272.316,1662.729,final,Trading Hub Europe AggregatedConsumptionData
2025-03-21,2289.897,998.701,1291.196,final,Trading Hub Europe AggregatedConsumptionData
2025-03-22,2018.200,876.946,1141.255,final,Trading Hub Europe AggregatedConsumptionData
2025-03-23,2153.061,881.682,1271.379,final,Trading Hub Europe AggregatedConsumptionData
2025-03-24,2548.628,903.157,1645.471,final,Trading Hub Europe AggregatedConsumptionData
2025-03-25,2503.568,958.216,1545.352,final,Trading Hub Europe AggregatedConsumptionData
2025-03-26,2706.672,1034.041,1672.631,final,Trading Hub Europe AggregatedConsumptionData
2025-03-27,2611.138,1060.029,1551.109,final,Trading Hub Europe AggregatedConsumptionData
2025-03-28,2437.820,1038.555,1399.265,final,Trading Hub Europe AggregatedConsumptionData
2025-03-29,2179.154,1030.316,1148.838,final,Trading Hub Europe AggregatedConsumptionData
2025-03-30,2295.189,1100.141,1195.049,final,Trading Hub Europe AggregatedConsumptionData
2025-03-31,2770.743,1162.225,1608.518,final,Trading Hub Europe AggregatedConsumptionData
2025-04-01,2670.377,1154.916,1515.461,final,Trading Hub Europe AggregatedConsumptionData
2025-04-02,2412.851,1040.341,1372.509,final,Trading Hub Europe AggregatedConsumptionData
2025-04-03,2279.297,885.350,1393.948,final,Trading Hub Europe AggregatedConsumptionData
2025-04-04,2037.224,747.211,1290.013,final,Trading Hub Europe AggregatedConsumptionData
2025-04-05,1927.599,805.324,1122.275,final,Trading Hub Europe AggregatedConsumptionData
2025-04-06,2396.836,1078.955,1317.881,final,Trading Hub Europe AggregatedConsumptionData
2025-04-07,2767.120,1173.498,1593.621,final,Trading Hub Europe AggregatedConsumptionData
2025-04-08,2753.214,1136.081,1617.133,final,Trading Hub Europe AggregatedConsumptionData
2025-04-09,2583.031,1063.064,1519.967,final,Trading Hub Europe AggregatedConsumptionData
2025-04-10,2509.822,988.602,1521.221,final,Trading Hub Europe AggregatedConsumptionData
2025-04-11,2282.299,868.669,1413.630,final,Trading Hub Europe AggregatedConsumptionData
2025-04-12,1746.287,681.199,1065.088,final,Trading Hub Europe AggregatedConsumptionData
2025-04-13,1654.159,593.125,1061.034,final,Trading Hub Europe AggregatedConsumptionData
2025-04-14,1855.398,558.101,1297.297,final,Trading Hub Europe AggregatedConsumptionData
2025-04-15,1739.530,498.058,1241.471,final,Trading Hub Europe AggregatedConsumptionData
2025-04-16,1815.345,534.314,1281.030,final,Trading Hub Europe AggregatedConsumptionData
2025-04-17,1934.204,643.000,1291.204,final,Trading Hub Europe AggregatedConsumptionData
2025-04-18,1905.894,799.552,1106.341,final,Trading Hub Europe AggregatedConsumptionData
2025-04-19,1821.013,785.206,1035.807,final,Trading Hub Europe AggregatedConsumptionData
2025-04-20,1683.735,713.235,970.500,final,Trading Hub Europe AggregatedConsumptionData
2025-04-21,1720.691,678.821,1041.870,final,Trading Hub Europe AggregatedConsumptionData
2025-04-22,2025.749,662.250,1363.499,final,Trading Hub Europe AggregatedConsumptionData
2025-04-23,2015.519,648.659,1366.861,final,Trading Hub Europe AggregatedConsumptionData
2025-04-24,2054.657,691.231,1363.426,final,Trading Hub Europe AggregatedConsumptionData
2025-04-25,2017.639,713.838,1303.800,final,Trading Hub Europe AggregatedConsumptionData
2025-04-26,1736.524,687.211,1049.313,final,Trading Hub Europe AggregatedConsumptionData
2025-04-27,1735.636,678.251,1057.385,final,Trading Hub Europe AggregatedConsumptionData
2025-04-28,1866.451,595.899,1270.552,final,Trading Hub Europe AggregatedConsumptionData
2025-04-29,1763.992,491.344,1272.648,final,Trading Hub Europe AggregatedConsumptionData
2025-04-30,1537.184,408.621,1128.563,final,Trading Hub Europe AggregatedConsumptionData
2025-05-01,1247.522,323.931,923.591,final,Trading Hub Europe AggregatedConsumptionData
2025-05-02,1249.790,298.561,951.229,final,Trading Hub Europe AggregatedConsumptionData
2025-05-03,1235.094,343.430,891.664,final,Trading Hub Europe AggregatedConsumptionData
2025-05-04,1529.142,512.033,1017.110,final,Trading Hub Europe AggregatedConsumptionData
2025-05-05,1966.751,660.654,1306.097,final,Trading Hub Europe AggregatedConsumptionData
2025-05-06,2055.355,740.220,1315.135,final,Trading Hub Europe AggregatedConsumptionData
2025-05-07,2073.515,730.236,1343.279,final,Trading Hub Europe AggregatedConsumptionData
2025-05-08,2063.556,708.209,1355.347,final,Trading Hub Europe AggregatedConsumptionData
2025-05-09,1877.701,641.421,1236.280,final,Trading Hub Europe AggregatedConsumptionData
2025-05-10,1526.599,550.515,976.085,final,Trading Hub Europe AggregatedConsumptionData
2025-05-11,1433.553,484.337,949.216,final,Trading Hub Europe AggregatedConsumptionData
2025-05-12,1654.430,469.700,1184.730,final,Trading Hub Europe AggregatedConsumptionData
2025-05-13,1657.240,437.145,1220.096,final,Trading Hub Europe AggregatedConsumptionData
2025-05-14,1553.443,398.424,1155.020,final,Trading Hub Europe AggregatedConsumptionData
2025-05-15,1637.221,450.641,1186.580,final,Trading Hub Europe AggregatedConsumptionData
2025-05-16,1632.332,490.171,1142.161,final,Trading Hub Europe AggregatedConsumptionData
2025-05-17,1466.340,492.985,973.355,final,Trading Hub Europe AggregatedConsumptionData
2025-05-18,1499.856,493.218,1006.638,final,Trading Hub Europe AggregatedConsumptionData
2025-05-19,1696.365,449.436,1246.929,final,Trading Hub Europe AggregatedConsumptionData
2025-05-20,1587.723,388.872,1198.851,final,Trading Hub Europe AggregatedConsumptionData
2025-05-21,1614.830,394.753,1220.077,final,Trading Hub Europe AggregatedConsumptionData
2025-05-22,1791.555,501.985,1289.570,final,Trading Hub Europe AggregatedConsumptionData
2025-05-23,1818.920,605.110,1213.810,final,Trading Hub Europe AggregatedConsumptionData
2025-05-24,1526.849,578.172,948.677,final,Trading Hub Europe AggregatedConsumptionData
2025-05-25,1501.626,522.427,979.199,final,Trading Hub Europe AggregatedConsumptionData
2025-05-26,1654.697,468.897,1185.800,final,Trading Hub Europe AggregatedConsumptionData
2025-05-27,1585.588,434.240,1151.349,final,Trading Hub Europe AggregatedConsumptionData
2025-05-28,1585.269,422.617,1162.652,final,Trading Hub Europe AggregatedConsumptionData
2025-05-29,1334.745,405.723,929.022,final,Trading Hub Europe AggregatedConsumptionData
2025-05-30,1273.577,318.951,954.627,final,Trading Hub Europe AggregatedConsumptionData
2025-05-31,1139.219,258.106,881.113,final,Trading Hub Europe AggregatedConsumptionData
2025-06-01,1133.298,242.439,890.859,final,Trading Hub Europe AggregatedConsumptionData
2025-06-02,1450.224,270.204,1180.020,final,Trading Hub Europe AggregatedConsumptionData
2025-06-03,1385.594,266.738,1118.856,final,Trading Hub Europe AggregatedConsumptionData
2025-06-04,1355.347,276.721,1078.625,final,Trading Hub Europe AggregatedConsumptionData
2025-06-05,1360.341,299.658,1060.683,final,Trading Hub Europe AggregatedConsumptionData
2025-06-06,1300.233,297.707,1002.525,final,Trading Hub Europe AggregatedConsumptionData
2025-06-07,1163.759,307.892,855.868,final,Trading Hub Europe AggregatedConsumptionData
2025-06-08,1190.611,365.868,824.743,final,Trading Hub Europe AggregatedConsumptionData
2025-06-09,1283.500,386.677,896.822,final,Trading Hub Europe AggregatedConsumptionData
2025-06-10,1431.227,369.365,1061.862,final,Trading Hub Europe AggregatedConsumptionData
2025-06-11,1462.385,348.792,1113.592,final,Trading Hub Europe AggregatedConsumptionData
2025-06-12,1360.481,287.797,1072.684,final,Trading Hub Europe AggregatedConsumptionData
2025-06-13,1232.951,234.111,998.840,final,Trading Hub Europe AggregatedConsumptionData
2025-06-14,1051.290,193.643,857.646,final,Trading Hub Europe AggregatedConsumptionData
2025-06-15,1052.973,198.917,854.057,final,Trading Hub Europe AggregatedConsumptionData
2025-06-16,1294.506,222.610,1071.897,final,Trading Hub Europe AggregatedConsumptionData
2025-06-17,1318.285,223.439,1094.847,final,Trading Hub Europe AggregatedConsumptionData
2025-06-18,1259.321,215.093,1044.228,final,Trading Hub Europe AggregatedConsumptionData
2025-06-19,1165.323,228.128,937.195,final,Trading Hub Europe AggregatedConsumptionData
2025-06-20,1193.812,226.530,967.282,final,Trading Hub Europe AggregatedConsumptionData
2025-06-21,1027.888,195.990,831.898,final,Trading Hub Europe AggregatedConsumptionData
2025-06-22,989.303,175.699,813.604,final,Trading Hub Europe AggregatedConsumptionData
2025-06-23,1233.820,193.878,1039.942,final,Trading Hub Europe AggregatedConsumptionData
2025-06-24,1250.830,203.985,1046.845,final,Trading Hub Europe AggregatedConsumptionData
2025-06-25,1312.383,189.571,1122.811,final,Trading Hub Europe AggregatedConsumptionData
2025-06-26,1225.903,191.629,1034.274,final,Trading Hub Europe AggregatedConsumptionData
2025-06-27,1205.815,198.321,1007.493,final,Trading Hub Europe AggregatedConsumptionData
2025-06-28,1004.713,181.490,823.223,final,Trading Hub Europe AggregatedConsumptionData
2025-06-29,1026.372,177.442,848.931,final,Trading Hub Europe AggregatedConsumptionData
2025-06-30,1303.962,175.696,1128.266,final,Trading Hub Europe AggregatedConsumptionData
2025-07-01,1336.556,163.149,1173.408,final,Trading Hub Europe AggregatedConsumptionData
2025-07-02,1253.895,155.872,1098.024,final,Trading Hub Europe AggregatedConsumptionData
2025-07-03,1292.171,172.213,1119.958,final,Trading Hub Europe AggregatedConsumptionData
2025-07-04,1188.989,185.799,1003.190,final,Trading Hub Europe AggregatedConsumptionData
2025-07-05,987.222,186.952,800.270,final,Trading Hub Europe AggregatedConsumptionData
2025-07-06,1080.117,206.420,873.697,final,Trading Hub Europe AggregatedConsumptionData
2025-07-07,1306.108,236.618,1069.489,final,Trading Hub Europe AggregatedConsumptionData
2025-07-08,1349.082,277.290,1071.792,final,Trading Hub Europe AggregatedConsumptionData
2025-07-09,1380.461,277.561,1102.901,final,Trading Hub Europe AggregatedConsumptionData
2025-07-10,1343.393,255.822,1087.571,final,Trading Hub Europe AggregatedConsumptionData
2025-07-11,1215.584,236.333,979.251,final,Trading Hub Europe AggregatedConsumptionData
2025-07-12,1043.853,218.937,824.916,final,Trading Hub Europe AggregatedConsumptionData
2025-07-13,1073.831,206.843,866.987,final,Trading Hub Europe AggregatedConsumptionData
2025-07-14,1222.356,198.481,1023.875,final,Trading Hub Europe AggregatedConsumptionData
2025-07-15,1237.225,205.684,1031.541,final,Trading Hub Europe AggregatedConsumptionData
2025-07-16,1302.046,226.335,1075.711,final,Trading Hub Europe AggregatedConsumptionData
2025-07-17,1327.890,231.095,1096.794,final,Trading Hub Europe AggregatedConsumptionData
2025-07-18,1266.542,212.957,1053.586,final,Trading Hub Europe AggregatedConsumptionData
2025-07-19,981.454,186.851,794.603,final,Trading Hub Europe AggregatedConsumptionData
2025-07-20,1009.067,179.166,829.901,final,Trading Hub Europe AggregatedConsumptionData
2025-07-21,1227.614,193.317,1034.298,final,Trading Hub Europe AggregatedConsumptionData
2025-07-22,1193.739,208.085,985.655,final,Trading Hub Europe AggregatedConsumptionData
2025-07-23,1256.128,211.268,1044.860,final,Trading Hub Europe AggregatedConsumptionData
2025-07-24,1360.994,214.378,1146.615,final,Trading Hub Europe AggregatedConsumptionData
2025-07-25,1261.726,209.230,1052.496,final,Trading Hub Europe AggregatedConsumptionData
2025-07-26,1091.764,204.450,887.314,final,Trading Hub Europe AggregatedConsumptionData
2025-07-27,1060.120,216.109,844.012,final,Trading Hub Europe AggregatedConsumptionData
2025-07-28,1210.461,241.760,968.701,final,Trading Hub Europe AggregatedConsumptionData
2025-07-29,1253.436,255.590,997.846,final,Trading Hub Europe AggregatedConsumptionData
2025-07-30,1266.997,261.384,1005.612,final,Trading Hub Europe AggregatedConsumptionData
2025-07-31,1288.167,259.850,1028.317,final,Trading Hub Europe AggregatedConsumptionData
2025-08-01,1225.779,256.253,969.526,final,Trading Hub Europe AggregatedConsumptionData
2025-08-02,1074.639,263.304,811.335,final,Trading Hub Europe AggregatedConsumptionData
2025-08-03,1089.919,266.740,823.178,final,Trading Hub Europe AggregatedConsumptionData
2025-08-04,1235.864,251.592,984.272,final,Trading Hub Europe AggregatedConsumptionData
2025-08-05,1220.520,248.794,971.726,final,Trading Hub Europe AggregatedConsumptionData
2025-08-06,1276.563,253.100,1023.462,final,Trading Hub Europe AggregatedConsumptionData
2025-08-07,1211.877,230.438,981.439,final,Trading Hub Europe AggregatedConsumptionData
2025-08-08,1191.232,204.324,986.908,final,Trading Hub Europe AggregatedConsumptionData
2025-08-09,974.745,182.235,792.510,final,Trading Hub Europe AggregatedConsumptionData
2025-08-10,1015.610,186.092,829.518,final,Trading Hub Europe AggregatedConsumptionData
2025-08-11,1224.363,187.870,1036.493,final,Trading Hub Europe AggregatedConsumptionData
2025-08-12,1242.543,175.915,1066.629,final,Trading Hub Europe AggregatedConsumptionData
2025-08-13,1229.813,161.454,1068.359,final,Trading Hub Europe AggregatedConsumptionData
2025-08-14,1203.257,155.028,1048.229,final,Trading Hub Europe AggregatedConsumptionData
2025-08-15,1032.462,154.698,877.764,final,Trading Hub Europe AggregatedConsumptionData
2025-08-16,914.452,168.761,745.691,final,Trading Hub Europe AggregatedConsumptionData
2025-08-17,1026.119,193.015,833.104,final,Trading Hub Europe AggregatedConsumptionData
2025-08-18,1255.521,203.470,1052.050,final,Trading Hub Europe AggregatedConsumptionData
2025-08-19,1225.566,201.104,1024.462,final,Trading Hub Europe AggregatedConsumptionData
2025-08-20,1252.605,204.971,1047.633,final,Trading Hub Europe AggregatedConsumptionData
2025-08-21,1229.020,221.791,1007.230,final,Trading Hub Europe AggregatedConsumptionData
2025-08-22,1183.051,257.690,925.361,final,Trading Hub Europe AggregatedConsumptionData
2025-08-23,1111.936,292.319,819.618,final,Trading Hub Europe AggregatedConsumptionData
2025-08-24,1173.831,311.315,862.516,final,Trading Hub Europe AggregatedConsumptionData
2025-08-25,1438.253,305.705,1132.548,final,Trading Hub Europe AggregatedConsumptionData
2025-08-26,1360.502,256.296,1104.206,final,Trading Hub Europe AggregatedConsumptionData
2025-08-27,1365.079,217.179,1147.900,final,Trading Hub Europe AggregatedConsumptionData
2025-08-28,1444.237,214.735,1229.503,final,Trading Hub Europe AggregatedConsumptionData
2025-08-29,1262.990,221.053,1041.936,final,Trading Hub Europe AggregatedConsumptionData
2025-08-30,1047.708,231.270,816.438,final,Trading Hub Europe AggregatedConsumptionData
2025-08-31,1068.043,227.747,840.296,final,Trading Hub Europe AggregatedConsumptionData
2025-09-01,1388.575,235.905,1152.670,final,Trading Hub Europe AggregatedConsumptionData
2025-09-02,1399.571,251.933,1147.637,final,Trading Hub Europe AggregatedConsumptionData
2025-09-03,1232.065,238.686,993.379,final,Trading Hub Europe AggregatedConsumptionData
2025-09-04,1350.749,224.830,1125.919,final,Trading Hub Europe AggregatedConsumptionData
2025-09-05,1391.873,254.025,1137.848,final,Trading Hub Europe AggregatedConsumptionData
2025-09-06,1129.846,261.557,868.289,final,Trading Hub Europe AggregatedConsumptionData
2025-09-07,1102.441,250.314,852.128,final,Trading Hub Europe AggregatedConsumptionData
2025-09-08,1483.584,252.488,1231.096,final,Trading Hub Europe AggregatedConsumptionData
2025-09-09,1609.413,273.465,1335.949,final,Trading Hub Europe AggregatedConsumptionData
2025-09-10,1555.581,291.956,1263.625,final,Trading Hub Europe AggregatedConsumptionData
2025-09-11,1405.210,311.528,1093.682,final,Trading Hub Europe AggregatedConsumptionData
2025-09-12,1404.616,341.080,1063.536,final,Trading Hub Europe AggregatedConsumptionData
2025-09-13,1219.830,355.163,864.667,final,Trading Hub Europe AggregatedConsumptionData
2025-09-14,1254.146,360.167,893.980,final,Trading Hub Europe AggregatedConsumptionData
2025-09-15,1278.259,311.528,966.732,final,Trading Hub Europe AggregatedConsumptionData
2025-09-16,1399.680,350.515,1049.166,final,Trading Hub Europe AggregatedConsumptionData
2025-09-17,1455.297,371.924,1083.373,final,Trading Hub Europe AggregatedConsumptionData
2025-09-18,1381.544,322.129,1059.415,final,Trading Hub Europe AggregatedConsumptionData
2025-09-19,1317.995,271.046,1046.949,final,Trading Hub Europe AggregatedConsumptionData
2025-09-20,1040.725,225.560,815.165,final,Trading Hub Europe AggregatedConsumptionData
2025-09-21,1132.060,262.065,869.995,final,Trading Hub Europe AggregatedConsumptionData
2025-09-22,1651.022,398.023,1252.999,final,Trading Hub Europe AggregatedConsumptionData
2025-09-23,1829.630,496.436,1333.194,final,Trading Hub Europe AggregatedConsumptionData
2025-09-24,1820.922,579.052,1241.870,final,Trading Hub Europe AggregatedConsumptionData
2025-09-25,1951.335,655.571,1295.764,final,Trading Hub Europe AggregatedConsumptionData
2025-09-26,1934.618,647.728,1286.889,final,Trading Hub Europe AggregatedConsumptionData
2025-09-27,1690.135,589.276,1100.859,final,Trading Hub Europe AggregatedConsumptionData
2025-09-28,1717.796,552.100,1165.696,final,Trading Hub Europe AggregatedConsumptionData
2025-09-29,2048.821,555.054,1493.767,final,Trading Hub Europe AggregatedConsumptionData
2025-09-30,2148.301,618.439,1529.862,final,Trading Hub Europe AggregatedConsumptionData
2025-10-01,2305.003,721.931,1583.071,final,Trading Hub Europe AggregatedConsumptionData
2025-10-02,2266.908,806.029,1460.879,final,Trading Hub Europe AggregatedConsumptionData
2025-10-03,1956.616,839.289,1117.327,final,Trading Hub Europe AggregatedConsumptionData
2025-10-04,1783.203,761.471,1021.732,final,Trading Hub Europe AggregatedConsumptionData
2025-10-05,1844.350,774.986,1069.364,final,Trading Hub Europe AggregatedConsumptionData
2025-10-06,2298.812,764.116,1534.696,final,Trading Hub Europe AggregatedConsumptionData
2025-10-07,2269.308,687.064,1582.244,final,Trading Hub Europe AggregatedConsumptionData
2025-10-08,2231.329,638.555,1592.774,final,Trading Hub Europe AggregatedConsumptionData
2025-10-09,2190.185,657.731,1532.455,final,Trading Hub Europe AggregatedConsumptionData
2025-10-10,2063.457,667.246,1396.211,final,Trading Hub Europe AggregatedConsumptionData
2025-10-11,1812.622,671.439,1141.183,final,Trading Hub Europe AggregatedConsumptionData
2025-10-12,1930.848,691.088,1239.760,final,Trading Hub Europe AggregatedConsumptionData
2025-10-13,2354.481,707.082,1647.399,final,Trading Hub Europe AggregatedConsumptionData
2025-10-14,2445.342,744.665,1700.677,final,Trading Hub Europe AggregatedConsumptionData
2025-10-15,2451.313,770.956,1680.357,final,Trading Hub Europe AggregatedConsumptionData
2025-10-16,2421.147,796.123,1625.024,final,Trading Hub Europe AggregatedConsumptionData
2025-10-17,2381.533,837.855,1543.678,final,Trading Hub Europe AggregatedConsumptionData
2025-10-18,2263.224,945.572,1317.652,final,Trading Hub Europe AggregatedConsumptionData
2025-10-19,2210.332,985.040,1225.291,final,Trading Hub Europe AggregatedConsumptionData
2025-10-20,2263.383,872.869,1390.514,final,Trading Hub Europe AggregatedConsumptionData
2025-10-21,2171.738,777.741,1393.997,final,Trading Hub Europe AggregatedConsumptionData
2025-10-22,2339.743,749.110,1590.634,final,Trading Hub Europe AggregatedConsumptionData
2025-10-23,2091.839,736.065,1355.774,final,Trading Hub Europe AggregatedConsumptionData
2025-10-24,2226.191,880.044,1346.148,final,Trading Hub Europe AggregatedConsumptionData
2025-10-25,2206.079,980.817,1225.262,final,Trading Hub Europe AggregatedConsumptionData
2025-10-26,2338.272,1103.614,1234.659,final,Trading Hub Europe AggregatedConsumptionData
2025-10-27,2712.600,1158.926,1553.674,final,Trading Hub Europe AggregatedConsumptionData
2025-10-28,2611.228,1119.082,1492.146,final,Trading Hub Europe AggregatedConsumptionData
2025-10-29,2508.985,1012.716,1496.269,final,Trading Hub Europe AggregatedConsumptionData
2025-10-30,2507.260,1009.294,1497.966,final,Trading Hub Europe AggregatedConsumptionData
2025-10-31,2450.348,1017.235,1433.113,final,Trading Hub Europe AggregatedConsumptionData
2025-11-01,2020.564,880.279,1140.285,final,Trading Hub Europe AggregatedConsumptionData
2025-11-02,2212.752,944.667,1268.085,final,Trading Hub Europe AggregatedConsumptionData
2025-11-03,2531.752,1031.073,1500.680,final,Trading Hub Europe AggregatedConsumptionData
2025-11-04,2482.248,1004.327,1477.920,final,Trading Hub Europe AggregatedConsumptionData
2025-11-05,2586.729,1005.599,1581.130,final,Trading Hub Europe AggregatedConsumptionData
2025-11-06,2905.454,1105.753,1799.701,final,Trading Hub Europe AggregatedConsumptionData
2025-11-07,3110.719,1224.307,1886.411,final,Trading Hub Europe AggregatedConsumptionData
2025-11-08,2948.352,1282.903,1665.449,final,Trading Hub Europe AggregatedConsumptionData
2025-11-09,2829.852,1232.276,1597.576,final,Trading Hub Europe AggregatedConsumptionData
2025-11-10,3061.044,1259.270,1801.773,final,Trading Hub Europe AggregatedConsumptionData
2025-11-11,2871.443,1205.058,1666.385,final,Trading Hub Europe AggregatedConsumptionData
2025-11-12,2672.403,1133.813,1538.589,final,Trading Hub Europe AggregatedConsumptionData
2025-11-13,2577.036,1007.423,1569.613,final,Trading Hub Europe AggregatedConsumptionData
2025-11-14,2611.333,990.537,1620.797,final,Trading Hub Europe AggregatedConsumptionData
2025-11-15,2422.251,1031.415,1390.836,final,Trading Hub Europe AggregatedConsumptionData
2025-11-16,2623.812,1143.691,1480.121,final,Trading Hub Europe AggregatedConsumptionData
2025-11-17,3320.220,1409.738,1910.482,final,Trading Hub Europe AggregatedConsumptionData
2025-11-18,3628.679,1625.048,2003.631,final,Trading Hub Europe AggregatedConsumptionData
2025-11-19,3893.941,1794.958,2098.983,final,Trading Hub Europe AggregatedConsumptionData
2025-11-20,4199.633,1933.160,2266.473,final,Trading Hub Europe AggregatedConsumptionData
2025-11-21,4331.128,2094.613,2236.514,final,Trading Hub Europe AggregatedConsumptionData
2025-11-22,4060.966,2177.595,1883.371,final,Trading Hub Europe AggregatedConsumptionData
2025-11-23,4019.682,2205.850,1813.832,final,Trading Hub Europe AggregatedConsumptionData
2025-11-24,4312.138,2069.568,2242.570,final,Trading Hub Europe AggregatedConsumptionData
2025-11-25,4283.869,1983.548,2300.321,final,Trading Hub Europe AggregatedConsumptionData
2025-11-26,4204.588,1930.895,2273.693,final,Trading Hub Europe AggregatedConsumptionData
2025-11-27,3904.722,1904.694,2000.028,final,Trading Hub Europe AggregatedConsumptionData
2025-11-28,3610.798,1719.102,1891.696,final,Trading Hub Europe AggregatedConsumptionData
2025-11-29,3108.038,1533.018,1575.020,final,Trading Hub Europe AggregatedConsumptionData
2025-11-30,3123.109,1503.877,1619.232,final,Trading Hub Europe AggregatedConsumptionData
2025-12-01,3599.129,1683.437,1915.692,final,Trading Hub Europe AggregatedConsumptionData
2025-12-02,3828.010,1726.289,2101.721,final,Trading Hub Europe AggregatedConsumptionData
2025-12-03,4046.061,1762.897,2283.164,final,Trading Hub Europe AggregatedConsumptionData
2025-12-04,4088.327,1821.907,2266.420,final,Trading Hub Europe AggregatedConsumptionData
2025-12-05,3956.560,1837.189,2119.371,final,Trading Hub Europe AggregatedConsumptionData
2025-12-06,3226.055,1689.479,1536.577,final,Trading Hub Europe AggregatedConsumptionData
2025-12-07,2891.675,1439.893,1451.781,final,Trading Hub Europe AggregatedConsumptionData
2025-12-08,2756.287,1191.626,1564.661,final,Trading Hub Europe AggregatedConsumptionData
2025-12-09,2720.847,1095.963,1624.884,final,Trading Hub Europe AggregatedConsumptionData
2025-12-10,2752.910,1099.635,1653.275,final,Trading Hub Europe AggregatedConsumptionData
2025-12-11,3066.877,1223.879,1842.998,final,Trading Hub Europe AggregatedConsumptionData
2025-12-12,3375.077,1370.911,2004.166,final,Trading Hub Europe AggregatedConsumptionData
2025-12-13,3108.043,1427.522,1680.521,final,Trading Hub Europe AggregatedConsumptionData
2025-12-14,3119.139,1522.022,1597.117,final,Trading Hub Europe AggregatedConsumptionData
2025-12-15,3495.569,1598.980,1896.590,final,Trading Hub Europe AggregatedConsumptionData
2025-12-16,3786.343,1647.137,2139.206,final,Trading Hub Europe AggregatedConsumptionData
2025-12-17,3654.323,1655.146,1999.176,final,Trading Hub Europe AggregatedConsumptionData
2025-12-18,3206.306,1565.059,1641.247,final,Trading Hub Europe AggregatedConsumptionData
2025-12-19,3162.991,1483.905,1679.086,final,Trading Hub Europe AggregatedConsumptionData
2025-12-20,3212.564,1465.526,1747.039,final,Trading Hub Europe AggregatedConsumptionData
2025-12-21,3099.720,1540.332,1559.389,final,Trading Hub Europe AggregatedConsumptionData
2025-12-22,3383.960,1695.572,1688.388,final,Trading Hub Europe AggregatedConsumptionData
2025-12-23,3482.817,1843.410,1639.406,final,Trading Hub Europe AggregatedConsumptionData
2025-12-24,3703.342,2052.357,1650.985,final,Trading Hub Europe AggregatedConsumptionData
2025-12-25,4021.968,2266.485,1755.482,final,Trading Hub Europe AggregatedConsumptionData
2025-12-26,4091.192,2304.374,1786.818,final,Trading Hub Europe AggregatedConsumptionData
2025-12-27,3934.129,2230.560,1703.569,final,Trading Hub Europe AggregatedConsumptionData
2025-12-28,3988.697,2254.602,1734.095,final,Trading Hub Europe AggregatedConsumptionData
2025-12-29,4035.986,2239.302,1796.684,final,Trading Hub Europe AggregatedConsumptionData
2025-12-30,4104.734,2266.460,1838.274,final,Trading Hub Europe AggregatedConsumptionData
2025-12-31,3870.850,2170.144,1700.706,final,Trading Hub Europe AggregatedConsumptionData
2026-01-01,3631.393,2111.135,1520.258,final,Trading Hub Europe AggregatedConsumptionData
2026-01-02,3941.891,2145.826,1796.065,final,Trading Hub Europe AggregatedConsumptionData
2026-01-03,4075.730,2186.261,1889.469,final,Trading Hub Europe AggregatedConsumptionData
2026-01-04,4305.748,2279.846,2025.902,final,Trading Hub Europe AggregatedConsumptionData
2026-01-05,4893.276,2435.991,2457.285,final,Trading Hub Europe AggregatedConsumptionData
2026-01-06,4952.766,2474.450,2478.316,final,Trading Hub Europe AggregatedConsumptionData
2026-01-07,5015.068,2530.891,2484.177,final,Trading Hub Europe AggregatedConsumptionData
2026-01-08,4835.088,2421.683,2413.405,final,Trading Hub Europe AggregatedConsumptionData
2026-01-09,4400.874,2292.497,2108.377,final,Trading Hub Europe AggregatedConsumptionData
2026-01-10,4599.977,2398.837,2201.140,final,Trading Hub Europe AggregatedConsumptionData
2026-01-11,4819.302,2577.183,2242.119,final,Trading Hub Europe AggregatedConsumptionData
2026-01-12,4745.784,2400.429,2345.355,final,Trading Hub Europe AggregatedConsumptionData
2026-01-13,4209.959,2071.453,2138.506,final,Trading Hub Europe AggregatedConsumptionData
2026-01-14,3973.322,1853.155,2120.167,final,Trading Hub Europe AggregatedConsumptionData
2026-01-15,3624.641,1668.434,1956.207,final,Trading Hub Europe AggregatedConsumptionData
2026-01-16,3666.363,1613.978,2052.385,final,Trading Hub Europe AggregatedConsumptionData
2026-01-17,3671.726,1710.991,1960.734,final,Trading Hub Europe AggregatedConsumptionData
2026-01-18,3838.307,1869.059,1969.248,final,Trading Hub Europe AggregatedConsumptionData
2026-01-19,4396.739,2026.202,2370.537,final,Trading Hub Europe AggregatedConsumptionData
2026-01-20,4548.046,2152.234,2395.812,final,Trading Hub Europe AggregatedConsumptionData
2026-01-21,4561.313,2229.838,2331.474,final,Trading Hub Europe AggregatedConsumptionData
2026-01-22,4654.345,2303.137,2351.208,final,Trading Hub Europe AggregatedConsumptionData
2026-01-23,4549.979,2309.335,2240.644,final,Trading Hub Europe AggregatedConsumptionData
2026-01-24,4305.318,2266.756,2038.562,final,Trading Hub Europe AggregatedConsumptionData
2026-01-25,4373.761,2289.726,2084.035,final,Trading Hub Europe AggregatedConsumptionData
2026-01-26,4724.178,2281.482,2442.696,final,Trading Hub Europe AggregatedConsumptionData
2026-01-27,4568.354,2221.145,2347.209,final,Trading Hub Europe AggregatedConsumptionData
2026-01-28,4502.044,2176.115,2325.929,final,Trading Hub Europe AggregatedConsumptionData
2026-01-29,4601.123,2188.625,2412.498,final,Trading Hub Europe AggregatedConsumptionData
2026-01-30,4397.983,2172.125,2225.858,final,Trading Hub Europe AggregatedConsumptionData
2026-01-31,4094.995,2106.025,1988.969,final,Trading Hub Europe AggregatedConsumptionData
2026-02-01,4135.023,2137.338,1997.685,final,Trading Hub Europe AggregatedConsumptionData
2026-02-02,4517.268,2226.529,2290.739,final,Trading Hub Europe AggregatedConsumptionData
2026-02-03,4541.085,2244.359,2296.726,final,Trading Hub Europe AggregatedConsumptionData
2026-02-04,4495.163,2180.133,2315.030,final,Trading Hub Europe AggregatedConsumptionData
2026-02-05,4516.384,2164.921,2351.462,final,Trading Hub Europe AggregatedConsumptionData
2026-02-06,4272.286,2044.247,2228.039,final,Trading Hub Europe AggregatedConsumptionData
2026-02-07,3794.676,1883.871,1910.805,final,Trading Hub Europe AggregatedConsumptionData
2026-02-08,3852.872,1877.660,1975.212,final,Trading Hub Europe AggregatedConsumptionData
2026-02-09,4227.776,1913.535,2314.242,final,Trading Hub Europe AggregatedConsumptionData
2026-02-10,4030.945,1841.386,2189.559,final,Trading Hub Europe AggregatedConsumptionData
2026-02-11,3700.825,1649.659,2051.166,final,Trading Hub Europe AggregatedConsumptionData
2026-02-12,3567.981,1570.013,1997.969,final,Trading Hub Europe AggregatedConsumptionData
2026-02-13,3784.800,1668.247,2116.553,final,Trading Hub Europe AggregatedConsumptionData
2026-02-14,3924.707,1878.442,2046.265,final,Trading Hub Europe AggregatedConsumptionData
2026-02-15,3911.906,2064.929,1846.978,final,Trading Hub Europe AggregatedConsumptionData
2026-02-16,4233.580,2047.109,2186.471,final,Trading Hub Europe AggregatedConsumptionData
2026-02-17,4295.761,2029.579,2266.183,final,Trading Hub Europe AggregatedConsumptionData
2026-02-18,4390.592,2118.108,2272.484,final,Trading Hub Europe AggregatedConsumptionData
2026-02-19,4380.259,2144.536,2235.723,final,Trading Hub Europe AggregatedConsumptionData
2026-02-20,4074.319,2078.671,1995.648,final,Trading Hub Europe AggregatedConsumptionData
2026-02-21,3260.345,1725.049,1535.295,final,Trading Hub Europe AggregatedConsumptionData
2026-02-22,2841.978,1420.303,1421.675,final,Trading Hub Europe AggregatedConsumptionData
2026-02-23,3039.837,1332.238,1707.599,final,Trading Hub Europe AggregatedConsumptionData
2026-02-24,3264.847,1275.656,1989.191,final,Trading Hub Europe AggregatedConsumptionData
2026-02-25,2971.323,1209.127,1762.196,final,Trading Hub Europe AggregatedConsumptionData
2026-02-26,2669.596,1123.652,1545.944,final,Trading Hub Europe AggregatedConsumptionData
2026-02-27,2437.539,1011.149,1426.390,final,Trading Hub Europe AggregatedConsumptionData
2026-02-28,2270.103,1029.291,1240.812,final,Trading Hub Europe AggregatedConsumptionData
2026-03-01,2512.498,1145.634,1366.864,final,Trading Hub Europe AggregatedConsumptionData
2026-03-02,2833.696,1170.203,1663.492,final,Trading Hub Europe AggregatedConsumptionData
2026-03-03,2878.352,1164.465,1713.887,final,Trading Hub Europe AggregatedConsumptionData
2026-03-04,2898.792,1218.639,1680.153,final,Trading Hub Europe AggregatedConsumptionData
2026-03-05,2704.508,1164.801,1539.707,final,Trading Hub Europe AggregatedConsumptionData
2026-03-06,2663.934,1098.674,1565.259,final,Trading Hub Europe AggregatedConsumptionData
2026-03-07,2346.014,1034.166,1311.848,final,Trading Hub Europe AggregatedConsumptionData
2026-03-08,2290.546,1015.174,1275.372,final,Trading Hub Europe AggregatedConsumptionData
2026-03-09,2560.547,1002.540,1558.008,final,Trading Hub Europe AggregatedConsumptionData
2026-03-10,2447.258,978.563,1468.696,final,Trading Hub Europe AggregatedConsumptionData
2026-03-11,2401.501,996.454,1405.046,final,Trading Hub Europe AggregatedConsumptionData
2026-03-12,2467.927,1063.271,1404.657,final,Trading Hub Europe AggregatedConsumptionData
2026-03-13,2512.768,1085.785,1426.982,final,Trading Hub Europe AggregatedConsumptionData
2026-03-14,2746.250,1265.086,1481.163,final,Trading Hub Europe AggregatedConsumptionData
2026-03-15,2702.478,1368.252,1334.226,final,Trading Hub Europe AggregatedConsumptionData
2026-03-16,3055.657,1432.481,1623.176,final,Trading Hub Europe AggregatedConsumptionData
2026-03-17,3007.130,1362.114,1645.016,final,Trading Hub Europe AggregatedConsumptionData
2026-03-18,2837.575,1277.890,1559.685,final,Trading Hub Europe AggregatedConsumptionData
2026-03-19,2796.631,1189.362,1607.269,final,Trading Hub Europe AggregatedConsumptionData
2026-03-20,2725.854,1181.248,1544.606,final,Trading Hub Europe AggregatedConsumptionData
2026-03-21,2479.017,1178.333,1300.683,final,Trading Hub Europe AggregatedConsumptionData
2026-03-22,2447.461,1152.284,1295.177,final,Trading Hub Europe AggregatedConsumptionData
2026-03-23,2700.371,1133.815,1566.556,final,Trading Hub Europe AggregatedConsumptionData
2026-03-24,2352.493,1011.139,1341.354,final,Trading Hub Europe AggregatedConsumptionData
2026-03-25,2657.310,1150.409,1506.900,final,Trading Hub Europe AggregatedConsumptionData
2026-03-26,3068.851,1395.243,1673.608,final,Trading Hub Europe AggregatedConsumptionData
2026-03-27,3111.772,1494.148,1617.623,final,Trading Hub Europe AggregatedConsumptionData
2026-03-28,2815.647,1473.060,1342.587,final,Trading Hub Europe AggregatedConsumptionData
2026-03-29,2800.409,1481.745,1318.664,final,Trading Hub Europe AggregatedConsumptionData
2026-03-30,3118.364,1493.577,1624.788,final,Trading Hub Europe AggregatedConsumptionData
2026-03-31,3208.519,1452.787,1755.732,final,Trading Hub Europe AggregatedConsumptionData
2026-04-01,3132.948,1374.118,1758.831,final,Trading Hub Europe AggregatedConsumptionData
2026-04-02,2898.783,1323.808,1574.975,final,Trading Hub Europe AggregatedConsumptionData
2026-04-03,2351.366,1209.314,1142.053,final,Trading Hub Europe AggregatedConsumptionData
2026-04-04,2017.087,984.134,1032.953,final,Trading Hub Europe AggregatedConsumptionData
2026-04-05,1825.466,851.673,973.793,final,Trading Hub Europe AggregatedConsumptionData
2026-04-06,2042.288,918.312,1123.976,final,Trading Hub Europe AggregatedConsumptionData
2026-04-07,2316.064,930.949,1385.116,final,Trading Hub Europe AggregatedConsumptionData
2026-04-08,2284.697,919.329,1365.368,final,Trading Hub Europe AggregatedConsumptionData
2026-04-09,2270.750,899.492,1371.258,final,Trading Hub Europe AggregatedConsumptionData
2026-04-10,2419.015,929.835,1489.180,final,Trading Hub Europe AggregatedConsumptionData
2026-04-11,1899.499,807.537,1091.961,final,Trading Hub Europe AggregatedConsumptionData
2026-04-12,2133.674,862.645,1271.030,final,Trading Hub Europe AggregatedConsumptionData
2026-04-13,2548.733,879.623,1669.111,final,Trading Hub Europe AggregatedConsumptionData
2026-04-14,2546.315,894.588,1651.727,final,Trading Hub Europe AggregatedConsumptionData
2026-04-15,2323.315,814.853,1508.461,final,Trading Hub Europe AggregatedConsumptionData
2026-04-16,2149.169,709.444,1439.724,final,Trading Hub Europe AggregatedConsumptionData
2026-04-17,1931.360,610.314,1321.046,final,Trading Hub Europe AggregatedConsumptionData
2026-04-18,1643.840,545.011,1098.829,final,Trading Hub Europe AggregatedConsumptionData
2026-04-19,1823.401,677.672,1145.729,final,Trading Hub Europe AggregatedConsumptionData
2026-04-20,2348.526,862.250,1486.276,final,Trading Hub Europe AggregatedConsumptionData
2026-04-21,2431.452,950.351,1481.101,final,Trading Hub Europe AggregatedConsumptionData
2026-04-22,2324.382,916.326,1408.056,final,Trading Hub Europe AggregatedConsumptionData
2026-04-23,2183.966,834.189,1349.777,final,Trading Hub Europe AggregatedConsumptionData
2026-04-24,2056.347,777.899,1278.449,final,Trading Hub Europe AggregatedConsumptionData
2026-04-25,1775.705,727.425,1048.279,final,Trading Hub Europe AggregatedConsumptionData
2026-04-26,1934.751,749.099,1185.651,final,Trading Hub Europe AggregatedConsumptionData
2026-04-27,2076.228,728.361,1347.868,final,Trading Hub Europe AggregatedConsumptionData
2026-04-28,1909.336,664.942,1244.394,final,Trading Hub Europe AggregatedConsumptionData
2026-04-29,1931.795,662.520,1269.275,final,Trading Hub Europe AggregatedConsumptionData
2026-04-30,1819.530,627.123,1192.407,final,Trading Hub Europe AggregatedConsumptionData
2026-05-01,1415.785,490.617,925.167,final,Trading Hub Europe AggregatedConsumptionData
2026-05-02,1298.302,375.740,922.562,final,Trading Hub Europe AggregatedConsumptionData
2026-05-03,1269.923,331.320,938.603,final,Trading Hub Europe AggregatedConsumptionData
2026-05-04,1598.384,348.278,1250.106,final,Trading Hub Europe AggregatedConsumptionData
2026-05-05,1762.020,433.862,1328.158,final,Trading Hub Europe AggregatedConsumptionData
2026-05-06,1914.768,531.449,1383.319,final,Trading Hub Europe AggregatedConsumptionData
2026-05-07,2141.446,628.622,1512.823,final,Trading Hub Europe AggregatedConsumptionData
2026-05-08,1954.372,623.032,1331.341,final,Trading Hub Europe AggregatedConsumptionData
2026-05-09,1561.961,531.042,1030.920,final,Trading Hub Europe AggregatedConsumptionData
2026-05-10,1497.738,479.764,1017.974,final,Trading Hub Europe AggregatedConsumptionData
2026-05-11,1945.632,635.859,1309.773,final,Trading Hub Europe AggregatedConsumptionData
2026-05-12,2143.809,777.477,1366.332,final,Trading Hub Europe AggregatedConsumptionData
2026-05-13,2195.851,814.590,1381.260,final,Trading Hub Europe AggregatedConsumptionData
2026-05-14,2131.404,891.606,1239.799,final,Trading Hub Europe AggregatedConsumptionData
2026-05-15,2169.590,892.730,1276.860,final,Trading Hub Europe AggregatedConsumptionData
2026-05-16,1974.841,845.386,1129.455,final,Trading Hub Europe AggregatedConsumptionData
2026-05-17,1858.084,728.161,1129.924,final,Trading Hub Europe AggregatedConsumptionData
2026-05-18,2073.264,661.067,1412.197,final,Trading Hub Europe AggregatedConsumptionData
2026-05-19,1881.488,575.669,1305.819,final,Trading Hub Europe AggregatedConsumptionData
2026-05-20,1730.278,488.983,1241.295,final,Trading Hub Europe AggregatedConsumptionData
2026-05-21,1648.651,399.865,1248.787,final,Trading Hub Europe AggregatedConsumptionData
2026-05-22,1456.352,317.127,1139.225,final,Trading Hub Europe AggregatedConsumptionData
2026-05-23,1167.050,246.077,920.973,final,Trading Hub Europe AggregatedConsumptionData
2026-05-24,1083.506,225.513,857.993,final,Trading Hub Europe AggregatedConsumptionData
2026-05-25,1115.263,209.037,906.227,final,Trading Hub Europe AggregatedConsumptionData
2026-05-26,1322.795,195.981,1126.814,final,Trading Hub Europe AggregatedConsumptionData
2026-05-27,1333.398,217.114,1116.284,final,Trading Hub Europe AggregatedConsumptionData
2026-05-28,1437.582,242.129,1195.452,final,Trading Hub Europe AggregatedConsumptionData
2026-05-29,1315.155,216.105,1099.050,final,Trading Hub Europe AggregatedConsumptionData
2026-05-30,1116.915,209.562,907.352,final,Trading Hub Europe AggregatedConsumptionData
2026-05-31,1177.158,225.282,951.876,final,Trading Hub Europe AggregatedConsumptionData
2026-06-01,1419.245,242.507,1176.737,corrected,Trading Hub Europe AggregatedConsumptionData
2026-06-02,1377.376,249.984,1127.392,corrected,Trading Hub Europe AggregatedConsumptionData
2026-06-03,1330.009,280.361,1049.649,corrected,Trading Hub Europe AggregatedConsumptionData
2026-06-04,1267.160,299.925,967.234,corrected,Trading Hub Europe AggregatedConsumptionData
2026-06-05,1428.624,333.029,1095.595,corrected,Trading Hub Europe AggregatedConsumptionData
2026-06-06,1188.266,307.317,880.949,corrected,Trading Hub Europe AggregatedConsumptionData
2026-06-07,1230.440,300.843,929.597,corrected,Trading Hub Europe AggregatedConsumptionData
2026-06-08,1422.267,269.799,1152.468,corrected,Trading Hub Europe AggregatedConsumptionData
2026-06-09,1429.342,311.668,1117.674,corrected,Trading Hub Europe AggregatedConsumptionData
2026-06-10,1655.565,370.086,1285.479,corrected,Trading Hub Europe AggregatedConsumptionData
2026-06-11,1593.098,404.892,1188.206,corrected,Trading Hub Europe AggregatedConsumptionData
2026-06-12,1444.394,381.505,1062.889,corrected,Trading Hub Europe AggregatedConsumptionData
2026-06-13,1187.667,329.281,858.386,corrected,Trading Hub Europe AggregatedConsumptionData
2026-06-14,1289.544,338.426,951.118,corrected,Trading Hub Europe AggregatedConsumptionData
2026-06-15,1520.261,345.535,1174.726,corrected,Trading Hub Europe AggregatedConsumptionData
2026-06-16,1552.766,308.369,1244.397,corrected,Trading Hub Europe AggregatedConsumptionData
2026-06-17,1446.794,255.753,1191.041,corrected,Trading Hub Europe AggregatedConsumptionData
2026-06-18,1367.705,201.336,1166.369,corrected,Trading Hub Europe AggregatedConsumptionData
2026-06-19,1224.725,172.395,1052.329,corrected,Trading Hub Europe AggregatedConsumptionData
2026-06-20,1056.774,159.340,897.434,corrected,Trading Hub Europe AggregatedConsumptionData
2026-06-21,1059.332,160.712,898.620,corrected,Trading Hub Europe AggregatedConsumptionData
2026-06-22,1287.120,166.922,1120.199,corrected,Trading Hub Europe AggregatedConsumptionData
2026-06-23,1351.892,169.741,1182.152,corrected,Trading Hub Europe AggregatedConsumptionData
2026-06-24,1317.915,159.503,1158.412,corrected,Trading Hub Europe AggregatedConsumptionData
2026-06-25,1249.870,153.694,1096.175,corrected,Trading Hub Europe AggregatedConsumptionData
2026-06-26,1170.359,147.800,1022.559,corrected,Trading Hub Europe AggregatedConsumptionData
2026-06-27,984.079,141.445,842.634,corrected,Trading Hub Europe AggregatedConsumptionData
2026-06-28,969.846,142.772,827.074,corrected,Trading Hub Europe AggregatedConsumptionData
2026-06-29,1274.912,155.457,1119.455,corrected,Trading Hub Europe AggregatedConsumptionData
2026-06-30,1354.639,166.197,1188.443,corrected,Trading Hub Europe AggregatedConsumptionData
2026-07-01,1414.959,242.764,1172.194,corrected,Trading Hub Europe AggregatedConsumptionData
2026-07-02,1227.290,192.540,1034.750,corrected,Trading Hub Europe AggregatedConsumptionData
2026-07-03,1192.587,208.674,983.913,corrected,Trading Hub Europe AggregatedConsumptionData
2026-07-04,1039.066,206.052,833.015,corrected,Trading Hub Europe AggregatedConsumptionData
2026-07-05,1038.342,207.222,831.121,corrected,Trading Hub Europe AggregatedConsumptionData
2026-07-06,1206.887,205.019,1001.867,corrected,Trading Hub Europe AggregatedConsumptionData
2026-07-07,1205.536,192.769,1012.767,corrected,Trading Hub Europe AggregatedConsumptionData
2026-07-08,1300.827,196.624,1104.203,corrected,Trading Hub Europe AggregatedConsumptionData
2026-07-09,1298.588,193.817,1104.772,corrected,Trading Hub Europe AggregatedConsumptionData
2026-07-10,1219.197,182.413,1036.783,corrected,Trading Hub Europe AggregatedConsumptionData
2026-07-11,972.556,169.955,802.601,corrected,Trading Hub Europe AggregatedConsumptionData
2026-07-12,962.927,164.620,798.306,corrected,Trading Hub Europe AggregatedConsumptionData
2026-07-13,1171.807,165.519,1006.288,corrected,Trading Hub Europe AggregatedConsumptionData
2026-07-14,1202.206,164.518,1037.689,corrected,Trading Hub Europe AggregatedConsumptionData
2026-07-15,1231.369,166.270,1065.099,corrected,Trading Hub Europe AggregatedConsumptionData
2026-07-16,1272.899,166.259,1106.639,corrected,Trading Hub Europe AggregatedConsumptionData
2026-07-17,1149.320,170.320,979.000,corrected,Trading Hub Europe AggregatedConsumptionData
2026-07-18,981.158,178.729,802.429,corrected,Trading Hub Europe AggregatedConsumptionData
2026-07-19,1005.351,205.538,799.814,corrected,Trading Hub Europe AggregatedConsumptionData
2026-07-20,1237.542,233.453,1004.089,corrected,Trading Hub Europe AggregatedConsumptionData
2026-07-21,1265.770,238.224,1027.546,corrected,Trading Hub Europe AggregatedConsumptionData
2026-07-22,1298.688,242.104,1056.584,corrected,Trading Hub Europe AggregatedConsumptionData
2026-07-23,1298.951,243.399,1055.551,corrected,Trading Hub Europe AggregatedConsumptionData
2026-07-24,1228.652,227.745,1000.907,corrected,Trading Hub Europe AggregatedConsumptionData
2026-07-25,981.116,191.311,789.805,corrected,Trading Hub Europe AggregatedConsumptionData
2026-07-26,970.267,188.027,782.240,corrected,Trading Hub Europe AggregatedConsumptionData
2026-07-27,1174.320,195.817,978.503,corrected,Trading Hub Europe AggregatedConsumptionData
2026-07-28,1216.494,188.604,1027.889,corrected,Trading Hub Europe AggregatedConsumptionData
2026-07-29,1193.493,165.271,1028.222,corrected,Trading Hub Europe AggregatedConsumptionData
2026-07-30,1187.560,155.678,1031.882,corrected,Trading Hub Europe AggregatedConsumptionData
2026-07-31,1161.085,157.163,1003.922,corrected,Trading Hub Europe AggregatedConsumptionData
2026-08-01,1000.315,162.508,837.806,preliminary,Trading Hub Europe AggregatedConsumptionData
2026-08-02,965.612,167.351,798.261,preliminary,Trading Hub Europe AggregatedConsumptionData
2026-08-03,1172.269,161.745,1010.524,preliminary,Trading Hub Europe AggregatedConsumptionData
2026-08-04,1165.553,154.688,1010.865,preliminary,Trading Hub Europe AggregatedConsumptionData
2026-08-05,1174.290,151.691,1022.599,preliminary,Trading Hub Europe AggregatedConsumptionData
2026-08-06,1181.333,162.271,1019.063,preliminary,Trading Hub Europe AggregatedConsumptionData
2026-08-07,1179.351,177.718,1001.633,preliminary,Trading Hub Europe AggregatedConsumptionData
2026-08-08,990.866,173.828,817.037,preliminary,Trading Hub Europe AggregatedConsumptionData
2026-08-09,1000.718,163.044,837.674,preliminary,Trading Hub Europe AggregatedConsumptionData
2026-08-10,1228.780,165.043,1063.737,preliminary,Trading Hub Europe AggregatedConsumptionData
2026-08-11,1216.291,180.977,1035.314,preliminary,Trading Hub Europe AggregatedConsumptionData
2026-08-12,1248.484,179.204,1069.279,preliminary,Trading Hub Europe AggregatedConsumptionData
2026-08-13,1325.602,168.043,1157.559,preliminary,Trading Hub Europe AggregatedConsumptionData
2026-08-14,1164.368,157.561,1006.807,preliminary,Trading Hub Europe AggregatedConsumptionData
2026-08-15,977.491,151.583,825.908,preliminary,Trading Hub Europe AggregatedConsumptionData
2026-08-16,1068.920,161.635,907.285,preliminary,Trading Hub Europe AggregatedConsumptionData
2026-08-17,1342.324,186.578,1155.746,preliminary,Trading Hub Europe AggregatedConsumptionData
2026-08-18,1417.177,212.461,1204.717,preliminary,Trading Hub Europe AggregatedConsumptionData
2026-08-19,1412.801,213.248,1199.553,preliminary,Trading Hub Europe AggregatedConsumptionData
2026-08-20,1329.949,212.140,1117.809,preliminary,Trading Hub Europe AggregatedConsumptionData
2026-08-21,1309.852,222.447,1087.404,preliminary,Trading Hub Europe AggregatedConsumptionData
2026-08-22,1078.471,246.002,832.468,preliminary,Trading Hub Europe AggregatedConsumptionData
2026-08-23,1114.048,271.811,842.236,preliminary,Trading Hub Europe AggregatedConsumptionData
2026-08-24,1312.571,270.084,1042.488,preliminary,Trading Hub Europe AggregatedConsumptionData
2026-08-25,1429.508,248.089,1181.419,preliminary,Trading Hub Europe AggregatedConsumptionData
2026-08-26,1291.957,222.045,1069.912,preliminary,Trading Hub Europe AggregatedConsumptionData
2026-08-27,1253.982,191.194,1062.788,preliminary,Trading Hub Europe AggregatedConsumptionData
2026-08-28,1186.459,190.475,995.984,preliminary,Trading Hub Europe AggregatedConsumptionData
2026-08-29,940.141,191.999,748.142,preliminary,Trading Hub Europe AggregatedConsumptionData
2026-08-30,1007.604,195.040,812.564,preliminary,Trading Hub Europe AggregatedConsumptionData
2026-08-31,1236.748,215.764,1020.984,preliminary,Trading Hub Europe AggregatedConsumptionData
2026-09-01,1358.167,240.421,1117.746,preliminary,Trading Hub Europe AggregatedConsumptionData
2026-09-02,1353.802,238.917,1114.885,preliminary,Trading Hub Europe AggregatedConsumptionData
2026-09-03,1275.396,228.649,1046.747,preliminary,Trading Hub Europe AggregatedConsumptionData
2026-09-04,210.981,210.981,0.000,preliminary,Trading Hub Europe AggregatedConsumptionData
