scope,date,name,code,gas_in_storage_twh,working_gas_volume_twh,fill_pct,consumption_gwh_per_day,injection_gwh_per_day,withdrawal_gwh_per_day,net_withdrawal_gwh_per_day,injection_capacity_gwh_per_day,withdrawal_capacity_gwh_per_day,trend_pct,status,full_pct,norm_5y_fill_pct,source
DE,2020-01-01,Germany,DE,238.5772,246.2389,96.89,871,19.18,551.1,531.9,3847.7,6598.17,0,E,96.89,,GIE AGSI+ API v013
DE,2020-01-02,Germany,DE,237.6521,246.2389,96.51,871,23.25,913.9,890.7,3847.7,6598.17,-0.38,E,96.51,,GIE AGSI+ API v013
DE,2020-01-03,Germany,DE,237.0389,246.2389,96.26,871,25.02,609.9,584.9,3847.7,6598.17,-0.25,E,96.26,,GIE AGSI+ API v013
DE,2020-01-04,Germany,DE,236.6694,246.2389,96.11,871,42.81,394.4,351.6,3847.7,6598.17,-0.15,E,96.11,,GIE AGSI+ API v013
DE,2020-01-05,Germany,DE,236.2285,246.2389,95.93,871,29.38,416.9,387.5,3847.7,6598.17,-0.18,E,95.93,,GIE AGSI+ API v013
DE,2020-01-06,Germany,DE,235.4741,246.2271,95.63,871,11.31,772.7,761.4,3847.52,6597.9,-0.31,E,95.63,,GIE AGSI+ API v013
DE,2020-01-07,Germany,DE,234.547,246.225,95.26,871,27.5,962.7,935.2,3847.52,6597.9,-0.38,E,95.26,,GIE AGSI+ API v013
DE,2020-01-08,Germany,DE,233.613,246.225,94.88,871,17.46,932.1,914.7,3847.52,6597.9,-0.38,E,94.88,,GIE AGSI+ API v013
DE,2020-01-09,Germany,DE,233.1977,246.225,94.71,871,34.99,439.9,404.9,3847.52,6597.9,-0.17,E,94.71,,GIE AGSI+ API v013
DE,2020-01-10,Germany,DE,232.8446,246.225,94.57,871,11.6,354.3,342.7,3847.52,6597.9,-0.14,E,94.57,,GIE AGSI+ API v013
DE,2020-01-11,Germany,DE,232.35,246.225,94.36,871,25.24,519.8,494.6,3847.52,6597.9,-0.2,E,94.36,,GIE AGSI+ API v013
DE,2020-01-12,Germany,DE,231.7417,246.225,94.12,871,22.72,628.4,605.6,3847.52,6597.9,-0.25,E,94.12,,GIE AGSI+ API v013
DE,2020-01-13,Germany,DE,231.1563,246.2525,93.87,871,17.22,600.9,583.7,3847.94,6598.52,-0.24,E,93.87,,GIE AGSI+ API v013
DE,2020-01-14,Germany,DE,230.6958,246.2525,93.68,871,15.46,460.1,444.7,3847.94,6598.52,-0.19,E,93.68,,GIE AGSI+ API v013
DE,2020-01-15,Germany,DE,230.1788,246.2525,93.47,871,16.93,513,496.1,3847.94,6598.52,-0.21,E,93.47,,GIE AGSI+ API v013
DE,2020-01-16,Germany,DE,229.6203,246.2525,93.25,871,39.97,598.5,558.5,3847.94,6598.52,-0.23,E,93.25,,GIE AGSI+ API v013
DE,2020-01-17,Germany,DE,228.9508,246.2525,92.97,871,15.4,696.6,681.2,3847.94,6598.52,-0.27,E,92.97,,GIE AGSI+ API v013
DE,2020-01-18,Germany,DE,228.293,246.2525,92.71,871,20.6,635.2,614.6,3847.94,6598.52,-0.27,E,92.71,,GIE AGSI+ API v013
DE,2020-01-19,Germany,DE,227.3679,246.2525,92.33,871,4.64,915.3,910.7,3847.94,6598.52,-0.38,E,92.33,,GIE AGSI+ API v013
DE,2020-01-20,Germany,DE,225.7698,246.2565,91.68,871,12.88,1586.9,1574,3848,6598.61,-0.65,E,91.68,,GIE AGSI+ API v013
DE,2020-01-21,Germany,DE,224.0694,246.2565,90.99,871,15.51,1756.8,1741.2,3848,6598.61,-0.69,E,90.99,,GIE AGSI+ API v013
DE,2020-01-22,Germany,DE,222.4965,246.2284,90.36,871,31,1560.5,1529.5,3847.78,6598.18,-0.64,E,90.36,,GIE AGSI+ API v013
DE,2020-01-23,Germany,DE,220.7903,246.2565,89.66,871,28.57,1694,1665.5,3848,6598.61,-0.69,E,89.66,,GIE AGSI+ API v013
DE,2020-01-24,Germany,DE,219.0664,246.2565,88.96,871,22.52,1736.2,1713.7,3848,6598.61,-0.7,E,88.96,,GIE AGSI+ API v013
DE,2020-01-25,Germany,DE,217.8725,246.2565,88.47,871,33.63,1209.1,1175.5,3848,6598.61,-0.48,E,88.47,,GIE AGSI+ API v013
DE,2020-01-26,Germany,DE,216.9279,246.2565,88.09,871,51.74,960.6,908.8,3848,6598.61,-0.38,E,88.09,,GIE AGSI+ API v013
DE,2020-01-27,Germany,DE,215.9952,246.2604,87.71,871,68.94,970.2,901.3,3848.06,6598.7,-0.38,E,87.71,,GIE AGSI+ API v013
DE,2020-01-28,Germany,DE,214.6076,246.2604,87.15,871,41.8,1401.2,1359.4,3848.06,6598.7,-0.56,E,87.15,,GIE AGSI+ API v013
DE,2020-01-29,Germany,DE,213.3342,246.2604,86.63,871,41.81,1331.3,1289.5,3848.06,6598.7,-0.52,E,86.63,,GIE AGSI+ API v013
DE,2020-01-30,Germany,DE,212.1819,246.2604,86.16,871,42.74,1146.9,1104.1,3848.06,6598.7,-0.47,E,86.16,,GIE AGSI+ API v013
DE,2020-01-31,Germany,DE,211.8057,246.2604,86.01,871,91.15,466,374.9,3848.06,6598.7,-0.15,E,86.01,,GIE AGSI+ API v013
DE,2020-02-01,Germany,DE,211.7175,246.2604,85.97,871,84.56,172.7,88.1,3848.06,6570.9,-0.04,E,85.97,,GIE AGSI+ API v013
DE,2020-02-02,Germany,DE,211.5408,246.2604,85.9,871,73.76,250.5,176.7,3848.06,6570.9,-0.07,E,85.9,,GIE AGSI+ API v013
DE,2020-02-03,Germany,DE,210.7992,246.2604,85.6,871,18.02,759.6,741.6,3848.06,6570.9,-0.3,E,85.6,,GIE AGSI+ API v013
DE,2020-02-04,Germany,DE,209.8527,246.2604,85.22,871,13.76,956.8,943,3848.06,6570.9,-0.38,E,85.22,,GIE AGSI+ API v013
DE,2020-02-05,Germany,DE,208.6417,246.2604,84.72,871,22.09,1253.3,1231.2,3848.06,6570.9,-0.49,E,84.72,,GIE AGSI+ API v013
DE,2020-02-06,Germany,DE,206.7913,246.2604,83.97,871,9.85,1804.1,1794.3,3894.86,6570.9,-0.75,E,83.97,,GIE AGSI+ API v013
DE,2020-02-07,Germany,DE,205.6715,246.2604,83.52,871,16.98,1175.3,1158.4,3848.06,6570.9,-0.45,E,83.52,,GIE AGSI+ API v013
DE,2020-02-08,Germany,DE,204.7951,246.2604,83.16,871,15.82,791.5,775.7,3848.06,6570.9,-0.36,E,83.16,,GIE AGSI+ API v013
DE,2020-02-09,Germany,DE,204.4756,246.2604,83.03,871,81.28,400.7,319.4,3848.06,6570.9,-0.13,E,83.03,,GIE AGSI+ API v013
DE,2020-02-10,Germany,DE,203.9633,246.2604,82.82,871,30.45,541.4,511,3848.06,6570.9,-0.21,E,82.82,,GIE AGSI+ API v013
DE,2020-02-11,Germany,DE,203.1985,246.2604,82.51,871,16.74,822.8,806.1,3848.06,6570.9,-0.31,E,82.51,,GIE AGSI+ API v013
DE,2020-02-12,Germany,DE,202.2179,246.2604,82.12,871,19.31,942,922.7,3848.06,6570.9,-0.4,E,82.12,,GIE AGSI+ API v013
DE,2020-02-13,Germany,DE,201.2453,246.2604,81.72,871,50.38,1014.7,964.3,3848.06,6570.9,-0.39,E,81.72,,GIE AGSI+ API v013
DE,2020-02-14,Germany,DE,200.6167,246.2604,81.47,871,54.77,679,624.2,3848.06,6570.9,-0.26,E,81.47,,GIE AGSI+ API v013
DE,2020-02-15,Germany,DE,200.4789,246.2604,81.41,871,187.45,325.2,137.8,3848.06,6570.9,-0.06,E,81.41,,GIE AGSI+ API v013
DE,2020-02-16,Germany,DE,200.5184,246.2604,81.43,871,225.41,185.3,-40.1,3848.06,6570.9,0.02,E,81.43,,GIE AGSI+ API v013
DE,2020-02-17,Germany,DE,200.0858,246.2604,81.25,871,21.75,454.2,432.4,3848.06,6570.9,-0.18,E,81.25,,GIE AGSI+ API v013
DE,2020-02-18,Germany,DE,199.4935,246.2604,81.01,871,45.53,637.8,592.3,3848.06,6570.9,-0.24,E,81.01,,GIE AGSI+ API v013
DE,2020-02-19,Germany,DE,198.9965,246.2604,80.81,871,23.5,521.2,497.7,3848.06,6570.9,-0.2,E,80.81,,GIE AGSI+ API v013
DE,2020-02-20,Germany,DE,198.4934,246.2604,80.6,871,38.93,529.4,490.5,3848.06,6570.9,-0.2,E,80.6,,GIE AGSI+ API v013
DE,2020-02-21,Germany,DE,198.0035,246.2604,80.4,871,26.45,500.7,474.3,3848.06,6570.9,-0.2,E,80.4,,GIE AGSI+ API v013
DE,2020-02-22,Germany,DE,197.8363,246.2604,80.34,871,74.27,226.6,152.3,3848.06,6570.9,-0.07,E,80.34,,GIE AGSI+ API v013
DE,2020-02-23,Germany,DE,197.7632,246.2604,80.31,871,119.58,177.7,58.2,3848.06,6570.9,-0.03,E,80.31,,GIE AGSI+ API v013
DE,2020-02-24,Germany,DE,197.1923,246.2624,80.07,871,19.33,532.4,513,3848.09,6570.95,-0.23,E,80.07,,GIE AGSI+ API v013
DE,2020-02-25,Germany,DE,196.7325,246.2624,79.89,871,46.51,489,442.5,3848.09,6570.95,-0.19,E,79.89,,GIE AGSI+ API v013
DE,2020-02-26,Germany,DE,195.6658,246.2624,79.45,871,13.46,1076.1,1062.6,3848.09,6570.95,-0.43,E,79.45,,GIE AGSI+ API v013
DE,2020-02-27,Germany,DE,194.1365,246.2624,78.83,871,39.7,1572.1,1532.4,3848.09,6570.95,-0.62,E,78.83,,GIE AGSI+ API v013
DE,2020-02-28,Germany,DE,192.759,246.2624,78.27,871,55.99,1391.7,1335.7,3848.09,6570.95,-0.56,E,78.27,,GIE AGSI+ API v013
DE,2020-02-29,Germany,DE,192.6341,246.2624,78.22,871,141.18,260.5,119.3,3848.09,6570.95,-0.05,E,78.22,,GIE AGSI+ API v013
DE,2020-03-01,Germany,DE,192.2332,246.2624,78.06,871,92.26,492.5,400.3,3848.09,6570.95,-0.16,E,78.06,,GIE AGSI+ API v013
DE,2020-03-02,Germany,DE,190.8378,246.284,77.49,871,13.88,1208.2,1194.3,3848.42,6571.43,-0.57,E,77.49,,GIE AGSI+ API v013
DE,2020-03-03,Germany,DE,190.2003,246.284,77.23,871,40.2,659.1,618.9,3848.42,6571.43,-0.26,E,77.23,,GIE AGSI+ API v013
DE,2020-03-04,Germany,DE,189.4315,246.284,76.92,871,29.03,779.6,750.6,3848.42,6571.43,-0.31,E,76.92,,GIE AGSI+ API v013
DE,2020-03-05,Germany,DE,188.488,246.284,76.53,871,25.52,951.4,925.9,3848.42,6571.43,-0.38,E,76.53,,GIE AGSI+ API v013
DE,2020-03-06,Germany,DE,187.9311,246.284,76.31,871,73.67,611.9,538.2,3848.42,6571.43,-0.23,E,76.31,,GIE AGSI+ API v013
DE,2020-03-07,Germany,DE,187.504,246.284,76.13,871,12.74,426.2,413.4,3848.42,6571.43,-0.17,E,76.13,,GIE AGSI+ API v013
DE,2020-03-08,Germany,DE,187.4054,246.284,76.09,871,126.78,213.4,86.6,3848.42,6571.43,-0.04,E,76.09,,GIE AGSI+ API v013
DE,2020-03-09,Germany,DE,186.8253,246.2643,75.86,871,12.82,582.5,569.7,3848.12,6570.99,-0.24,E,75.86,,GIE AGSI+ API v013
DE,2020-03-10,Germany,DE,186.4657,246.2643,75.72,871,70.02,414.2,344.1,3848.12,6570.99,-0.15,E,75.72,,GIE AGSI+ API v013
DE,2020-03-11,Germany,DE,186.3412,246.2643,75.67,871,143.02,257,114,3848.12,6570.99,-0.05,E,75.67,,GIE AGSI+ API v013
DE,2020-03-12,Germany,DE,186.2665,246.2643,75.64,871,125.57,199.4,73.8,3848.12,6570.99,-0.03,E,75.64,,GIE AGSI+ API v013
DE,2020-03-13,Germany,DE,185.862,246.2643,75.47,871,13.08,413.7,400.6,3848.12,6570.99,-0.16,E,75.47,,GIE AGSI+ API v013
DE,2020-03-14,Germany,DE,185.3945,246.2643,75.28,871,65.7,521,455.3,3848.12,6570.99,-0.19,E,75.28,,GIE AGSI+ API v013
DE,2020-03-15,Germany,DE,185.2483,246.2643,75.22,871,166.89,316.1,149.2,3848.12,6570.99,-0.06,E,75.22,,GIE AGSI+ API v013
DE,2020-03-16,Germany,DE,184.9783,246.2918,75.11,871,116.27,375.7,259.4,3848.55,6571.61,-0.11,E,75.11,,GIE AGSI+ API v013
DE,2020-03-17,Germany,DE,184.7267,246.2918,75,871,109.61,350.6,241,3848.55,6571.61,-0.1,E,75,,GIE AGSI+ API v013
DE,2020-03-18,Germany,DE,184.5459,246.2918,74.93,871,50.47,220.6,170.2,3848.55,6571.61,-0.07,E,74.93,,GIE AGSI+ API v013
DE,2020-03-19,Germany,DE,184.1528,246.2918,74.77,871,39.01,415,376,3848.55,6571.61,-0.16,E,74.77,,GIE AGSI+ API v013
DE,2020-03-20,Germany,DE,183.775,246.2918,74.62,871,55.42,422.8,367.4,3848.55,6571.61,-0.15,E,74.62,,GIE AGSI+ API v013
DE,2020-03-21,Germany,DE,183.4059,246.2918,74.47,871,97.15,454.5,357.3,3848.55,6571.61,-0.15,E,74.47,,GIE AGSI+ API v013
DE,2020-03-22,Germany,DE,183.0205,246.2918,74.31,871,92.91,462.2,369.3,3848.55,6571.61,-0.16,E,74.31,,GIE AGSI+ API v013
DE,2020-03-23,Germany,DE,182.0449,246.2958,73.91,871,74.07,996.2,922.1,3848.61,6571.7,-0.4,E,73.91,,GIE AGSI+ API v013
DE,2020-03-24,Germany,DE,181.2627,246.2958,73.6,871,45.45,810.2,764.8,3848.61,6571.7,-0.32,E,73.6,,GIE AGSI+ API v013
DE,2020-03-25,Germany,DE,180.3813,246.2962,73.24,871,50.27,910.3,860,3848.61,6571.7,-0.36,E,73.24,,GIE AGSI+ API v013
DE,2020-03-26,Germany,DE,179.5734,246.2962,72.91,871,19.8,809.1,789.2,3848.61,6571.7,-0.33,E,72.91,,GIE AGSI+ API v013
DE,2020-03-27,Germany,DE,179.2141,246.2962,72.76,871,65.91,420.9,354.9,3848.61,6571.7,-0.15,E,72.76,,GIE AGSI+ API v013
DE,2020-03-28,Germany,DE,179.3248,246.2962,72.81,871,203.22,92.5,-110.8,3727.28,6370.1,0.04,E,72.81,,GIE AGSI+ API v013
DE,2020-03-29,Germany,DE,179.149,246.2962,72.74,871,181.44,352.9,171.5,3848.61,6571.7,-0.07,E,72.74,,GIE AGSI+ API v013
DE,2020-03-30,Germany,DE,178.213,246.2825,72.36,871,17.87,1046.2,1028.3,3848.39,6571.39,-0.38,E,72.36,,GIE AGSI+ API v013
DE,2020-03-31,Germany,DE,176.6463,245.9784,71.81,871,67.59,1553.8,1486.2,3889.08,6557.83,-0.64,E,71.81,,GIE AGSI+ API v013
DE,2020-04-01,Germany,DE,177.7448,244.3402,72.74,871,423.99,1000.8,576.8,3885.42,6594.14,0.45,E,72.74,,GIE AGSI+ API v013
DE,2020-04-02,Germany,DE,177.8367,245.0082,72.58,871,161.26,559.9,398.6,3896.8,6621.26,0.04,E,72.58,,GIE AGSI+ API v013
DE,2020-04-03,Germany,DE,177.5664,245.0082,72.47,871,134.24,391.5,257.3,3896.8,6621.26,-0.11,E,72.47,,GIE AGSI+ API v013
DE,2020-04-04,Germany,DE,177.7261,245.0082,72.54,871,256.08,93.3,-162.7,3896.8,6621.26,0.07,E,72.54,,GIE AGSI+ API v013
DE,2020-04-05,Germany,DE,178.1253,245.0082,72.7,871,429.19,31.3,-397.9,3896.8,6621.26,0.16,E,72.7,,GIE AGSI+ API v013
DE,2020-04-06,Germany,DE,178.5194,244.993,72.87,871,398.4,8,-390.4,3896.55,6620.91,0.16,E,72.87,,GIE AGSI+ API v013
DE,2020-04-07,Germany,DE,178.8995,244.993,73.02,871,415.6,36.9,-378.7,3896.55,6620.91,0.16,E,73.02,,GIE AGSI+ API v013
DE,2020-04-08,Germany,DE,179.3196,244.993,73.19,871,427.06,8.4,-418.7,3896.55,6620.91,0.17,E,73.19,,GIE AGSI+ API v013
DE,2020-04-09,Germany,DE,179.8418,244.993,73.41,871,509.39,7.4,-502,3896.55,6620.91,0.21,E,73.41,,GIE AGSI+ API v013
DE,2020-04-10,Germany,DE,180.5315,244.993,73.69,871,690.04,17.6,-672.4,3896.55,6620.91,0.28,E,73.69,,GIE AGSI+ API v013
DE,2020-04-11,Germany,DE,181.3327,244.993,74.02,871,801.04,15.8,-785.2,3896.55,6620.91,0.33,E,74.02,,GIE AGSI+ API v013
DE,2020-04-12,Germany,DE,182.2879,244.993,74.41,871,948.15,11.3,-936.8,3896.55,6620.91,0.39,E,74.41,,GIE AGSI+ API v013
DE,2020-04-13,Germany,DE,182.949,245.0576,74.66,871,669.85,19,-650.8,3897.58,6622.41,0.27,E,74.66,,GIE AGSI+ API v013
DE,2020-04-14,Germany,DE,182.9327,245.0576,74.65,871,237.23,167,-70.2,3897.58,6622.41,-0.01,E,74.65,,GIE AGSI+ API v013
DE,2020-04-15,Germany,DE,183.0018,245.0576,74.68,871,153.8,93.9,-59.9,3897.58,6622.41,0.03,E,74.68,,GIE AGSI+ API v013
DE,2020-04-16,Germany,DE,183.3758,245.0576,74.83,871,371.37,5.5,-365.8,3897.58,6622.41,0.15,E,74.83,,GIE AGSI+ API v013
DE,2020-04-17,Germany,DE,183.795,245.0576,75,871,430.66,14.4,-416.3,3897.58,6622.41,0.17,E,75,,GIE AGSI+ API v013
DE,2020-04-18,Germany,DE,184.83,245.0576,75.42,871,1057.55,18.8,-1038.8,3897.58,6622.41,0.42,E,75.42,,GIE AGSI+ API v013
DE,2020-04-19,Germany,DE,185.8235,245.0576,75.83,871,991.75,2.5,-989.3,3897.58,6622.41,0.41,E,75.83,,GIE AGSI+ API v013
DE,2020-04-20,Germany,DE,186.41,245.0994,76.05,871,594.38,26.2,-568.2,3898.25,6623.39,0.24,E,76.05,,GIE AGSI+ API v013
DE,2020-04-21,Germany,DE,187.0727,245.0994,76.33,871,672.64,8.1,-664.6,3898.25,6623.39,0.27,E,76.33,,GIE AGSI+ API v013
DE,2020-04-22,Germany,DE,187.7335,245.0994,76.59,871,659.62,17.2,-642.4,3898.25,6623.39,0.27,E,76.59,,GIE AGSI+ API v013
DE,2020-04-23,Germany,DE,188.2,245.0994,76.79,871,460.56,4.9,-455.7,3898.25,6623.39,0.19,E,76.79,,GIE AGSI+ API v013
DE,2020-04-24,Germany,DE,188.8235,245.0994,77.04,871,612.57,4.3,-608.3,3898.25,6623.39,0.25,E,77.04,,GIE AGSI+ API v013
DE,2020-04-25,Germany,DE,189.5779,245.0994,77.35,871,752.11,5.7,-746.4,3898.25,6623.39,0.31,E,77.35,,GIE AGSI+ API v013
DE,2020-04-26,Germany,DE,190.2391,245.0994,77.62,871,645.72,10.4,-635.3,3898.25,6623.39,0.27,E,77.62,,GIE AGSI+ API v013
DE,2020-04-27,Germany,DE,190.5761,245.1412,77.74,871,348.44,22.3,-326.2,3898.91,6624.36,0.14,E,77.74,,GIE AGSI+ API v013
DE,2020-04-28,Germany,DE,190.9087,245.1412,77.88,871,352.71,18.9,-333.8,3898.91,6624.36,0.14,E,77.88,,GIE AGSI+ API v013
DE,2020-04-29,Germany,DE,191.4607,245.1412,78.1,871,561.31,19.8,-541.5,3852.11,6624.36,0.23,E,78.1,,GIE AGSI+ API v013
DE,2020-04-30,Germany,DE,192.1285,245.1412,78.37,871,659.54,3.7,-655.9,3852.11,6624.36,0.27,E,78.37,,GIE AGSI+ API v013
DE,2020-05-01,Germany,DE,192.9762,245.2807,78.68,871,834.44,1.5,-832.9,3852.11,6624.36,0.35,E,78.68,,GIE AGSI+ API v013
DE,2020-05-02,Germany,DE,193.7026,245.2807,78.97,871,714.39,2.3,-712,3852.11,6624.36,0.3,E,78.97,,GIE AGSI+ API v013
DE,2020-05-03,Germany,DE,194.3869,245.2807,79.25,871,679.57,9.4,-670.1,3852.11,6624.36,0.28,E,79.25,,GIE AGSI+ API v013
DE,2020-05-04,Germany,DE,194.8033,245.3947,79.38,871,417.25,15.6,-401.7,3853.93,6627.01,0.17,E,79.38,,GIE AGSI+ API v013
DE,2020-05-05,Germany,DE,195.0373,245.3947,79.48,871,283.18,57.7,-225.5,3853.93,6627.01,0.1,E,79.48,,GIE AGSI+ API v013
DE,2020-05-06,Germany,DE,195.2775,245.3947,79.58,871,285.81,59.7,-226.1,3853.93,6627.01,0.1,E,79.58,,GIE AGSI+ API v013
DE,2020-05-07,Germany,DE,195.7029,245.3947,79.75,871,413.17,2,-411.2,3853.93,6627.01,0.17,E,79.75,,GIE AGSI+ API v013
DE,2020-05-08,Germany,DE,196.6502,245.3977,80.14,871,925.7,1,-924.7,3853.98,6627.09,0.39,E,80.14,,GIE AGSI+ API v013
DE,2020-05-09,Germany,DE,197.8686,245.3977,80.63,871,1216.97,0,-1217,3853.98,6627.09,0.5,E,80.63,,GIE AGSI+ API v013
DE,2020-05-10,Germany,DE,199.1525,245.3977,81.16,871,1280.81,0.5,-1280.3,3853.98,6627.09,0.52,E,81.16,,GIE AGSI+ API v013
DE,2020-05-11,Germany,DE,199.7532,245.3673,81.41,871,580.14,9.2,-570.9,3853.49,6626.38,0.24,E,81.41,,GIE AGSI+ API v013
DE,2020-05-12,Germany,DE,199.415,245.3673,81.27,871,66.35,411.5,345.1,3853.49,6626.38,-0.14,E,81.27,,GIE AGSI+ API v013
DE,2020-05-13,Germany,DE,199.4691,245.3737,81.29,871,225.04,176.5,-48.5,3853.49,6626.38,0.02,E,81.29,,GIE AGSI+ API v013
DE,2020-05-14,Germany,DE,199.5693,245.3737,81.33,871,199.72,105.5,-94.2,3853.49,6626.38,0.04,E,81.33,,GIE AGSI+ API v013
DE,2020-05-15,Germany,DE,199.7969,245.3737,81.43,871,283.61,62,-221.7,3853.49,6626.38,0.09,E,81.43,,GIE AGSI+ API v013
DE,2020-05-16,Germany,DE,200.4316,245.3737,81.68,871,634.26,12.8,-621.5,3853.49,6626.38,0.26,E,81.68,,GIE AGSI+ API v013
DE,2020-05-17,Germany,DE,201.2845,245.3737,82.03,871,846.92,0.3,-846.6,3853.49,6626.38,0.35,E,82.03,,GIE AGSI+ API v013
DE,2020-05-18,Germany,DE,201.9395,245.4611,82.27,871,623.9,2.8,-621,3854.88,6628.42,0.27,E,82.27,,GIE AGSI+ API v013
DE,2020-05-19,Germany,DE,202.3422,245.4611,82.43,871,442.97,48.4,-394.6,3854.88,6628.42,0.16,E,82.43,,GIE AGSI+ API v013
DE,2020-05-20,Germany,DE,202.7922,245.4611,82.62,871,455.36,12.6,-442.7,3854.88,6628.42,0.18,E,82.62,,GIE AGSI+ API v013
DE,2020-05-21,Germany,DE,203.5575,245.4611,82.93,871,769.22,15.5,-753.7,3854.88,6628.42,0.31,E,82.93,,GIE AGSI+ API v013
DE,2020-05-22,Germany,DE,204.5552,245.4611,83.34,871,1007.63,15.5,-992.1,3854.88,6628.42,0.41,E,83.34,,GIE AGSI+ API v013
DE,2020-05-23,Germany,DE,205.586,245.6644,83.69,871,1047.53,32.5,-1015,3854.88,6628.42,0.42,E,83.69,,GIE AGSI+ API v013
DE,2020-05-24,Germany,DE,206.2877,245.6644,83.97,871,814.35,124.8,-689.6,3854.88,6628.42,0.29,E,83.97,,GIE AGSI+ API v013
DE,2020-05-25,Germany,DE,206.8239,245.5048,84.24,871,557.6,31.4,-526.2,3852.34,6624.7,0.22,E,84.24,,GIE AGSI+ API v013
DE,2020-05-26,Germany,DE,207.1727,245.5048,84.39,871,372.26,27.9,-344.3,3852.34,6624.7,0.14,E,84.39,,GIE AGSI+ API v013
DE,2020-05-27,Germany,DE,207.1757,245.5048,84.39,871,113.7,114.4,0.7,3852.34,6624.7,0,E,84.39,,GIE AGSI+ API v013
DE,2020-05-28,Germany,DE,207.0576,245.5048,84.34,871,138.27,256.4,118.2,3852.34,6624.7,-0.05,E,84.34,,GIE AGSI+ API v013
DE,2020-05-29,Germany,DE,207.1889,245.5048,84.39,871,230.66,105.9,-124.8,3852.34,6624.7,0.05,E,84.39,,GIE AGSI+ API v013
DE,2020-05-30,Germany,DE,207.796,245.5048,84.64,871,618.64,26.8,-591.8,3852.34,6624.7,0.25,E,84.64,,GIE AGSI+ API v013
DE,2020-05-31,Germany,DE,208.3705,245.5048,84.87,871,584.09,14.2,-569.9,3852.34,6624.7,0.23,E,84.87,,GIE AGSI+ API v013
DE,2020-06-01,Germany,DE,209.0089,245.4954,85.14,871,625.53,11.8,-613.7,3852.19,6624.48,0.26,E,85.14,,GIE AGSI+ API v013
DE,2020-06-02,Germany,DE,209.3502,245.4954,85.28,871,345.66,10.5,-335.1,3852.19,6624.48,0.14,E,85.28,,GIE AGSI+ API v013
DE,2020-06-03,Germany,DE,209.6774,245.4954,85.41,871,347.8,38.1,-309.7,3852.19,6624.48,0.13,E,85.41,,GIE AGSI+ API v013
DE,2020-06-04,Germany,DE,209.9765,245.4954,85.53,871,442.63,153.1,-289.5,3852.19,6624.48,0.12,E,85.53,,GIE AGSI+ API v013
DE,2020-06-05,Germany,DE,210.1377,245.4954,85.6,871,263.63,115.1,-148.6,3852.19,6624.48,0.07,E,85.6,,GIE AGSI+ API v013
DE,2020-06-06,Germany,DE,210.6457,245.4954,85.8,871,529.32,8.5,-520.9,3852.19,6624.48,0.21,E,85.8,,GIE AGSI+ API v013
DE,2020-06-07,Germany,DE,211.1173,245.4954,86,871,497.56,17.5,-480.1,3852.19,6624.48,0.19,E,86,,GIE AGSI+ API v013
DE,2020-06-08,Germany,DE,211.2798,246.2918,85.78,871,196.63,58.3,-138.3,3851.62,6623.64,0.07,E,85.78,,GIE AGSI+ API v013
DE,2020-06-09,Germany,DE,211.3843,246.2918,85.83,871,145.11,47,-98.1,3851.62,6623.64,0.04,E,85.83,,GIE AGSI+ API v013
DE,2020-06-10,Germany,DE,211.3779,246.2918,85.82,871,69.98,85.1,15.2,3851.62,6623.64,-0,E,85.82,,GIE AGSI+ API v013
DE,2020-06-11,Germany,DE,211.6815,246.2918,85.95,871,304.27,8.9,-295.4,3851.62,6623.64,0.12,E,85.95,,GIE AGSI+ API v013
DE,2020-06-12,Germany,DE,212.1289,246.2918,86.13,871,447.38,9.8,-437.5,3851.62,6623.64,0.18,E,86.13,,GIE AGSI+ API v013
DE,2020-06-13,Germany,DE,212.8218,246.2918,86.41,871,698.94,18.1,-680.8,3851.62,6623.64,0.28,E,86.41,,GIE AGSI+ API v013
DE,2020-06-14,Germany,DE,213.6257,246.2918,86.74,871,807.69,17.3,-790.4,3851.62,6623.64,0.33,E,86.74,,GIE AGSI+ API v013
DE,2020-06-15,Germany,DE,213.9783,246.2063,86.91,871,360.4,16.3,-344.1,3850.26,6621.65,0.14,E,86.91,,GIE AGSI+ API v013
DE,2020-06-16,Germany,DE,214.199,246.2063,87,871,275.94,63.2,-212.7,3850.26,6621.65,0.09,E,87,,GIE AGSI+ API v013
DE,2020-06-17,Germany,DE,214.3753,246.2322,87.06,871,195.65,24.9,-170.7,3850.26,6621.65,0.07,E,87.06,,GIE AGSI+ API v013
DE,2020-06-18,Germany,DE,214.5468,246.2322,87.13,871,187.7,26.6,-161.1,3850.26,6621.65,0.07,E,87.13,,GIE AGSI+ API v013
DE,2020-06-19,Germany,DE,214.7869,246.2322,87.23,871,247.38,17.1,-230.3,3850.26,6621.65,0.1,E,87.23,,GIE AGSI+ API v013
DE,2020-06-20,Germany,DE,215.3826,246.2322,87.47,871,597.39,13.1,-584.3,3850.26,6621.65,0.24,E,87.47,,GIE AGSI+ API v013
DE,2020-06-21,Germany,DE,216.0625,246.2322,87.75,871,677.16,8.4,-668.7,3850.26,6621.65,0.28,E,87.75,,GIE AGSI+ API v013
DE,2020-06-22,Germany,DE,216.3767,246.3235,87.84,871,320.98,14.3,-306.7,3851.71,6623.77,0.13,E,87.84,,GIE AGSI+ API v013
DE,2020-06-23,Germany,DE,216.628,246.3235,87.94,871,249.9,14.4,-235.5,3851.71,6623.77,0.1,E,87.94,,GIE AGSI+ API v013
DE,2020-06-24,Germany,DE,216.8008,246.3235,88.01,871,179.37,24.4,-155,3851.71,6623.77,0.07,E,88.01,,GIE AGSI+ API v013
DE,2020-06-25,Germany,DE,217.0206,246.3235,88.1,871,229.58,24.4,-205.2,3851.71,6623.77,0.09,E,88.1,,GIE AGSI+ API v013
DE,2020-06-26,Germany,DE,217.3138,246.3235,88.22,871,288.47,6.7,-281.7,3851.71,6623.77,0.12,E,88.22,,GIE AGSI+ API v013
DE,2020-06-27,Germany,DE,217.8479,246.3235,88.44,871,526.83,6.5,-520.4,3851.71,6623.77,0.22,E,88.44,,GIE AGSI+ API v013
DE,2020-06-28,Germany,DE,218.389,246.3235,88.66,871,538.55,10.3,-528.3,3851.71,6623.77,0.22,E,88.66,,GIE AGSI+ API v013
DE,2020-06-29,Germany,DE,218.6874,246.3463,88.77,871,301.07,12.6,-288.5,3852.07,6624.3,0.12,E,88.77,,GIE AGSI+ API v013
DE,2020-06-30,Germany,DE,219.0462,246.3463,88.92,871,363.92,17,-346.9,3852.07,6624.3,0.15,E,88.92,,GIE AGSI+ API v013
DE,2020-07-01,Germany,DE,219.2867,246.3463,89.02,871,257.82,21.3,-236.5,3852.07,6624.3,0.1,E,89.02,,GIE AGSI+ API v013
DE,2020-07-02,Germany,DE,219.3834,246.3463,89.05,871,133.23,34,-99.2,3852.07,6624.3,0.04,E,89.05,,GIE AGSI+ API v013
DE,2020-07-03,Germany,DE,220.0406,246.3463,89.32,871,391.09,42.6,-348.5,3852.07,6624.3,0.27,E,89.32,,GIE AGSI+ API v013
DE,2020-07-04,Germany,DE,220.8496,246.3463,89.65,871,814.05,3.3,-810.7,3852.07,6624.3,0.33,E,89.65,,GIE AGSI+ API v013
DE,2020-07-05,Germany,DE,221.6583,246.3463,89.98,871,828.21,30.2,-798,3852.07,6624.3,0.33,E,89.98,,GIE AGSI+ API v013
DE,2020-07-06,Germany,DE,221.7403,246.3197,90.02,871,409.5,98.2,-311.3,3851.65,6623.68,0.03,E,90.02,,GIE AGSI+ API v013
DE,2020-07-07,Germany,DE,221.659,246.3197,89.99,871,162.04,247.4,85.4,3851.65,6623.68,-0.03,E,89.99,,GIE AGSI+ API v013
DE,2020-07-08,Germany,DE,221.6061,246.3197,89.97,871,136.3,185.9,49.6,3851.65,6623.68,-0.02,E,89.97,,GIE AGSI+ API v013
DE,2020-07-09,Germany,DE,221.3962,246.3197,89.88,871,146.09,356.7,210.6,3851.65,6623.68,-0.09,E,89.88,,GIE AGSI+ API v013
DE,2020-07-10,Germany,DE,221.5309,246.3197,89.94,871,260.95,152.7,-108.3,3851.65,6623.68,0.05,E,89.94,,GIE AGSI+ API v013
DE,2020-07-11,Germany,DE,221.852,246.3197,90.07,871,337.13,6.8,-330.4,3851.65,6623.68,0.13,E,90.07,,GIE AGSI+ API v013
DE,2020-07-12,Germany,DE,222.3801,246.3197,90.28,871,539.88,3.1,-536.8,3851.65,6623.68,0.21,E,90.28,,GIE AGSI+ API v013
DE,2020-07-13,Germany,DE,222.6721,246.2797,90.41,871,302.44,13.6,-288.8,3851.01,6622.75,0.12,E,90.41,,GIE AGSI+ API v013
DE,2020-07-14,Germany,DE,222.3861,246.1656,90.34,871,220.02,535.3,315.2,3851.01,6622.75,-0.12,E,90.34,,GIE AGSI+ API v013
DE,2020-07-15,Germany,DE,222.0124,246.1656,90.19,871,216.4,595.5,379.1,3851.01,6622.75,-0.15,E,90.19,,GIE AGSI+ API v013
DE,2020-07-16,Germany,DE,221.6456,246.1656,90.04,871,195.71,566.9,371.1,3851.01,6622.75,-0.15,E,90.04,,GIE AGSI+ API v013
DE,2020-07-17,Germany,DE,221.3342,246.1656,89.91,871,206.41,521.9,315.5,3851.01,6622.75,-0.13,E,89.91,,GIE AGSI+ API v013
DE,2020-07-18,Germany,DE,221.1389,246.1656,89.83,871,335.43,522.3,186.8,3851.01,6622.75,-0.08,E,89.83,,GIE AGSI+ API v013
DE,2020-07-19,Germany,DE,220.9999,246.1656,89.78,871,366.43,511.4,144.9,3851.01,6622.75,-0.06,E,89.78,,GIE AGSI+ API v013
DE,2020-07-20,Germany,DE,220.6806,246.2037,89.63,871,195.61,538.5,342.9,3851.62,6623.64,-0.13,E,89.63,,GIE AGSI+ API v013
DE,2020-07-21,Germany,DE,220.1071,246.2037,89.4,871,99.7,662,562.3,3851.62,6623.64,-0.23,E,89.4,,GIE AGSI+ API v013
DE,2020-07-22,Germany,DE,219.6191,246.5326,89.08,871,126.45,601.9,475.4,3851.62,6623.64,-0.2,E,89.08,,GIE AGSI+ API v013
DE,2020-07-23,Germany,DE,219.1051,246.5326,88.87,871,92.77,642.6,549.8,3851.62,6623.64,-0.21,E,88.87,,GIE AGSI+ API v013
DE,2020-07-24,Germany,DE,218.6848,246.5326,88.7,871,125.2,549.7,424.5,3851.62,6623.64,-0.17,E,88.7,,GIE AGSI+ API v013
DE,2020-07-25,Germany,DE,218.3849,246.5326,88.58,871,231.02,532.4,301.4,3851.62,6623.64,-0.12,E,88.58,,GIE AGSI+ API v013
DE,2020-07-26,Germany,DE,218.899,246.5326,88.79,871,522.53,3,-519.5,3851.62,6623.64,0.21,E,88.79,,GIE AGSI+ API v013
DE,2020-07-27,Germany,DE,219.0875,246.577,88.85,871,204.63,51.5,-153.1,3852.31,6624.66,0.08,E,88.85,,GIE AGSI+ API v013
DE,2020-07-28,Germany,DE,219.2556,246.577,88.92,871,204.87,31,-173.9,3852.31,6624.66,0.07,E,88.92,,GIE AGSI+ API v013
DE,2020-07-29,Germany,DE,219.5094,246.577,89.02,871,250.73,6.3,-244.4,3852.31,6624.66,0.1,E,89.02,,GIE AGSI+ API v013
DE,2020-07-30,Germany,DE,219.5412,246.577,89.04,871,92.06,64.4,-27.7,3852.31,6624.66,0.01,E,89.04,,GIE AGSI+ API v013
DE,2020-07-31,Germany,DE,219.7246,246.577,89.11,871,196.54,14.3,-182.3,3852.31,6624.66,0.07,E,89.11,,GIE AGSI+ API v013
DE,2020-08-01,Germany,DE,220.2552,246.577,89.33,871,541.28,18.4,-522.8,3852.31,6624.66,0.22,E,89.33,,GIE AGSI+ API v013
DE,2020-08-02,Germany,DE,220.8036,246.577,89.55,871,585.42,43.8,-541.6,3852.31,6624.66,0.22,E,89.55,,GIE AGSI+ API v013
DE,2020-08-03,Germany,DE,221.0716,246.5346,89.67,871,336.58,73.1,-263.5,3851.65,6623.68,0.11,E,89.67,,GIE AGSI+ API v013
DE,2020-08-04,Germany,DE,221.287,246.5346,89.76,871,243.27,34.1,-209.2,3851.65,6623.68,0.09,E,89.76,,GIE AGSI+ API v013
DE,2020-08-05,Germany,DE,221.6918,246.5346,89.92,871,423.06,18.4,-404.7,3851.65,6623.68,0.16,E,89.92,,GIE AGSI+ API v013
DE,2020-08-06,Germany,DE,221.9447,246.5346,90.03,871,282.1,37.2,-244.9,3851.65,6623.68,0.1,E,90.03,,GIE AGSI+ API v013
DE,2020-08-07,Germany,DE,222.3465,246.5394,90.19,871,430.08,35.8,-394.3,3851.65,6623.68,0.16,E,90.19,,GIE AGSI+ API v013
DE,2020-08-08,Germany,DE,222.9594,246.5394,90.44,871,647.88,43.1,-604.8,3851.65,6623.68,0.25,E,90.44,,GIE AGSI+ API v013
DE,2020-08-09,Germany,DE,223.5406,246.5394,90.67,871,596.84,23.3,-573.6,3851.65,6623.68,0.24,E,90.67,,GIE AGSI+ API v013
DE,2020-08-10,Germany,DE,223.9429,246.634,90.8,871,398.52,20.8,-377.8,3853.13,6625.85,0.16,E,90.8,,GIE AGSI+ API v013
DE,2020-08-11,Germany,DE,224.1892,246.634,90.9,871,263.51,22,-241.5,3853.13,6625.85,0.1,E,90.9,,GIE AGSI+ API v013
DE,2020-08-12,Germany,DE,224.4573,246.634,91.01,871,287.27,21,-266.3,3853.13,6625.85,0.11,E,91.01,,GIE AGSI+ API v013
DE,2020-08-13,Germany,DE,224.8736,246.634,91.18,871,445.32,38.8,-406.6,3853.13,6625.85,0.17,E,91.18,,GIE AGSI+ API v013
DE,2020-08-14,Germany,DE,225.2426,246.634,91.33,871,412.47,49,-363.4,3853.13,6625.85,0.15,E,91.33,,GIE AGSI+ API v013
DE,2020-08-15,Germany,DE,225.7327,246.634,91.53,871,513.2,30.6,-482.6,3853.13,6625.85,0.2,E,91.53,,GIE AGSI+ API v013
DE,2020-08-16,Germany,DE,226.2585,246.6374,91.74,871,522.97,3.6,-519.3,3853.13,6625.85,0.21,E,91.74,,GIE AGSI+ API v013
DE,2020-08-17,Germany,DE,226.6346,246.58,91.91,871,375.12,3.5,-371.6,3850.83,6622.49,0.15,E,91.91,,GIE AGSI+ API v013
DE,2020-08-18,Germany,DE,226.9119,246.58,92.02,871,298.87,26.6,-272.3,3850.83,6622.49,0.11,E,92.02,,GIE AGSI+ API v013
DE,2020-08-19,Germany,DE,227.1322,246.58,92.11,871,238.73,22.1,-216.7,3850.83,6622.49,0.09,E,92.11,,GIE AGSI+ API v013
DE,2020-08-20,Germany,DE,227.4017,246.58,92.22,871,279.68,14.7,-265,3850.83,6622.49,0.11,E,92.22,,GIE AGSI+ API v013
DE,2020-08-21,Germany,DE,227.8542,246.58,92.41,871,450.28,3.6,-446.7,3850.83,6622.49,0.18,E,92.41,,GIE AGSI+ API v013
DE,2020-08-22,Germany,DE,228.5297,246.58,92.68,871,671.5,4.1,-667.4,3850.83,6622.49,0.27,E,92.68,,GIE AGSI+ API v013
DE,2020-08-23,Germany,DE,229.0985,246.58,92.91,871,565.5,3.5,-562,3850.83,6622.49,0.23,E,92.91,,GIE AGSI+ API v013
DE,2020-08-24,Germany,DE,229.2003,246.6629,92.92,871,140.39,41.5,-98.9,3851.31,6623.2,0.04,E,92.92,,GIE AGSI+ API v013
DE,2020-08-25,Germany,DE,229.4202,246.6629,93.01,871,220.18,3.5,-216.7,3851.31,6623.2,0.09,E,93.01,,GIE AGSI+ API v013
DE,2020-08-26,Germany,DE,229.7739,246.6629,93.15,871,378.29,28.5,-349.8,3851.31,6623.2,0.14,E,93.15,,GIE AGSI+ API v013
DE,2020-08-27,Germany,DE,229.9072,246.6629,93.21,871,168.82,38.2,-130.6,3851.31,6623.2,0.05,E,93.21,,GIE AGSI+ API v013
DE,2020-08-28,Germany,DE,230.0656,247.0385,93.13,871,177.8,23.7,-154.1,3851.31,6623.2,0.06,E,93.13,,GIE AGSI+ API v013
DE,2020-08-29,Germany,DE,230.1981,247.0885,93.16,871,278.06,151.9,-126.1,3851.31,6623.2,0.05,E,93.16,,GIE AGSI+ API v013
DE,2020-08-30,Germany,DE,230.3643,247.0885,93.23,871,234.58,72.6,-162,3851.31,6623.2,0.07,E,93.23,,GIE AGSI+ API v013
DE,2020-08-31,Germany,DE,230.3117,247.0615,93.22,871,128.89,181.9,53,3850.89,6622.58,-0.02,E,93.22,,GIE AGSI+ API v013
DE,2020-09-01,Germany,DE,230.3073,247.0615,93.22,871,75.02,84.9,9.9,3850.89,6622.58,-0,E,93.22,,GIE AGSI+ API v013
DE,2020-09-02,Germany,DE,230.4408,247.0615,93.27,871,260.51,138.3,-122.2,3850.89,6622.58,0.05,E,93.27,,GIE AGSI+ API v013
DE,2020-09-03,Germany,DE,230.6236,247.0615,93.35,871,258.09,78.7,-179.4,3850.89,6622.58,0.07,E,93.35,,GIE AGSI+ API v013
DE,2020-09-04,Germany,DE,230.8077,247.0615,93.42,871,239.76,60.1,-179.7,3850.89,6622.58,0.07,E,93.42,,GIE AGSI+ API v013
DE,2020-09-05,Germany,DE,231.2831,247.0615,93.61,871,483.17,13.1,-470.1,3850.89,6622.58,0.19,E,93.61,,GIE AGSI+ API v013
DE,2020-09-06,Germany,DE,231.6735,247.0615,93.77,871,393.11,7.3,-385.9,3850.89,6622.58,0.16,E,93.77,,GIE AGSI+ API v013
DE,2020-09-07,Germany,DE,231.8037,247.0729,93.82,871,262.45,132,-130.4,3850.29,6621.69,0.05,E,93.82,,GIE AGSI+ API v013
DE,2020-09-08,Germany,DE,231.9184,247.0729,93.87,871,228.38,105.8,-122.5,3850.29,6621.69,0.05,E,93.87,,GIE AGSI+ API v013
DE,2020-09-09,Germany,DE,232.1172,247.0729,93.95,871,238.26,45.2,-193.1,3850.29,6621.69,0.08,E,93.95,,GIE AGSI+ API v013
DE,2020-09-10,Germany,DE,232.1188,247.1229,93.93,871,176.82,179.5,2.7,3850.29,6621.69,0,E,93.93,,GIE AGSI+ API v013
DE,2020-09-11,Germany,DE,232.2393,247.1229,93.98,871,145.69,29.4,-116.3,3850.29,6621.69,0.05,E,93.98,,GIE AGSI+ API v013
DE,2020-09-12,Germany,DE,232.6575,247.1229,94.15,871,422.09,9.4,-412.7,3850.29,6621.69,0.17,E,94.15,,GIE AGSI+ API v013
DE,2020-09-13,Germany,DE,233.1177,247.1229,94.33,871,458.38,3.7,-454.7,3850.29,6621.69,0.19,E,94.33,,GIE AGSI+ API v013
DE,2020-09-14,Germany,DE,233.2912,247.1847,94.38,871,203.34,34.6,-168.7,3851.25,6623.11,0.07,E,94.38,,GIE AGSI+ API v013
DE,2020-09-15,Germany,DE,233.4994,247.1847,94.46,871,165.15,18.7,-146.4,3851.25,6623.11,0.08,E,94.46,,GIE AGSI+ API v013
DE,2020-09-16,Germany,DE,233.5656,247.1847,94.49,871,114.48,53.1,-61.4,3851.25,6623.11,0.03,E,94.49,,GIE AGSI+ API v013
DE,2020-09-17,Germany,DE,233.7038,247.1847,94.55,871,144.99,11.8,-133.2,3851.25,6623.11,0.06,E,94.55,,GIE AGSI+ API v013
DE,2020-09-18,Germany,DE,233.9311,247.1847,94.64,871,250.45,24.6,-225.9,3851.25,6623.11,0.09,E,94.64,,GIE AGSI+ API v013
DE,2020-09-19,Germany,DE,234.3927,247.1847,94.82,871,460.11,1.6,-458.5,3851.25,6623.11,0.19,E,94.82,,GIE AGSI+ API v013
DE,2020-09-20,Germany,DE,234.7876,247.1847,94.98,871,403.36,10.1,-393.2,3851.25,6623.11,0.16,E,94.98,,GIE AGSI+ API v013
DE,2020-09-21,Germany,DE,234.8489,247.177,95.01,871,150.17,92.4,-57.8,3851.13,6622.93,0.02,E,95.01,,GIE AGSI+ API v013
DE,2020-09-22,Germany,DE,234.964,247.177,95.06,871,177.13,65.3,-111.8,3851.13,6622.93,0.05,E,95.06,,GIE AGSI+ API v013
DE,2020-09-23,Germany,DE,235.0063,247.177,95.08,871,141.57,106.4,-35.2,3851.13,6622.93,0.02,E,95.08,,GIE AGSI+ API v013
DE,2020-09-24,Germany,DE,235.2622,247.177,95.18,871,294.72,43.4,-251.3,3851.13,6622.93,0.1,E,95.18,,GIE AGSI+ API v013
DE,2020-09-25,Germany,DE,235.389,247.177,95.23,871,175.95,54.1,-121.9,3851.13,6622.93,0.05,E,95.23,,GIE AGSI+ API v013
DE,2020-09-26,Germany,DE,235.292,247.177,95.19,871,183.56,280.3,96.7,3851.13,6622.93,-0.04,E,95.19,,GIE AGSI+ API v013
DE,2020-09-27,Germany,DE,235.1739,247.182,95.14,871,188.35,306.3,118,3851.13,6622.93,-0.05,E,95.14,,GIE AGSI+ API v013
DE,2020-09-28,Germany,DE,234.8227,247.2302,94.98,871,49.8,399.7,349.9,3851.89,6624.04,-0.14,E,94.98,,GIE AGSI+ API v013
DE,2020-09-29,Germany,DE,234.5444,247.232,94.87,871,67.99,347.9,279.9,3851.89,6624.04,-0.11,E,94.87,,GIE AGSI+ API v013
DE,2020-09-30,Germany,DE,234.2003,247.232,94.73,871,122.46,466,343.5,3851.89,6624.04,-0.14,E,94.73,,GIE AGSI+ API v013
DE,2020-10-01,Germany,DE,234.2188,247.282,94.72,871,128.31,131.9,3.6,3851.89,6624.04,0.01,E,94.72,,GIE AGSI+ API v013
DE,2020-10-02,Germany,DE,234.3563,247.282,94.77,871,188.11,55.4,-132.7,3851.89,6624.04,0.06,E,94.77,,GIE AGSI+ API v013
DE,2020-10-03,Germany,DE,234.7733,247.282,94.94,871,488.07,19.7,-468.4,3851.89,6624.04,0.17,E,94.94,,GIE AGSI+ API v013
DE,2020-10-04,Germany,DE,235.1436,247.282,95.09,871,376.56,12.6,-363.9,3851.89,6624.04,0.15,E,95.09,,GIE AGSI+ API v013
DE,2020-10-05,Germany,DE,235.1253,247.2549,95.09,871,54.52,70.6,16.1,3851.47,6623.42,-0.01,E,95.09,,GIE AGSI+ API v013
DE,2020-10-06,Germany,DE,235.1392,247.2946,95.08,871,47.76,31,-16.7,3851.47,6623.42,0.01,E,95.08,,GIE AGSI+ API v013
DE,2020-10-07,Germany,DE,235.1893,247.2946,95.1,871,81.32,31.1,-50.2,3851.47,6623.42,0.02,E,95.1,,GIE AGSI+ API v013
DE,2020-10-08,Germany,DE,235.241,247.2946,95.13,871,83.37,30.5,-52.9,3851.47,6623.42,0.02,E,95.13,,GIE AGSI+ API v013
DE,2020-10-09,Germany,DE,235.2593,247.2946,95.13,871,53.32,35,-18.3,3851.47,6623.42,0.01,E,95.13,,GIE AGSI+ API v013
DE,2020-10-10,Germany,DE,235.4809,247.2946,95.22,871,224.58,3,-221.6,3851.47,6623.42,0.09,E,95.22,,GIE AGSI+ API v013
DE,2020-10-11,Germany,DE,235.6781,247.2946,95.3,871,202.82,2.6,-200.2,3851.47,6623.42,0.08,E,95.3,,GIE AGSI+ API v013
DE,2020-10-12,Germany,DE,235.5427,247.2637,95.26,871,94.1,227.2,133.1,3850.98,6622.71,-0.05,E,95.26,,GIE AGSI+ API v013
DE,2020-10-13,Germany,DE,235.3649,247.2637,95.19,871,41.04,218,176.9,3850.98,6622.71,-0.07,E,95.19,,GIE AGSI+ API v013
DE,2020-10-14,Germany,DE,235.201,247.2637,95.12,871,25.86,187.7,161.9,3850.98,6622.71,-0.07,E,95.12,,GIE AGSI+ API v013
DE,2020-10-15,Germany,DE,234.908,247.2637,95,871,21.84,309.3,287.5,3850.98,6622.71,-0.12,E,95,,GIE AGSI+ API v013
DE,2020-10-16,Germany,DE,234.6779,247.2637,94.91,871,6.66,232.7,226.1,3850.98,6622.71,-0.09,E,94.91,,GIE AGSI+ API v013
DE,2020-10-17,Germany,DE,234.4442,247.2637,94.82,871,2.82,234.3,231.5,3850.98,6622.71,-0.09,E,94.82,,GIE AGSI+ API v013
DE,2020-10-18,Germany,DE,234.394,247.2637,94.8,871,49.6,81.9,32.3,3850.98,6622.71,-0.02,E,94.8,,GIE AGSI+ API v013
DE,2020-10-19,Germany,DE,234.1409,247.1807,94.72,871,12.75,274.7,261.9,3849.68,6620.81,-0.1,E,94.72,,GIE AGSI+ API v013
DE,2020-10-20,Germany,DE,233.9318,247.1807,94.64,871,18.5,223.6,205.1,3849.68,6620.81,-0.08,E,94.64,,GIE AGSI+ API v013
DE,2020-10-21,Germany,DE,233.8686,247.1807,94.61,871,22.44,85.6,63.1,3849.68,6620.81,-0.03,E,94.61,,GIE AGSI+ API v013
DE,2020-10-22,Germany,DE,233.8803,247.1807,94.62,871,41.92,30.3,-11.7,3849.68,6620.81,0,E,94.62,,GIE AGSI+ API v013
DE,2020-10-23,Germany,DE,233.7815,247.1807,94.58,871,27.14,126,98.8,3849.68,6620.81,-0.04,E,94.58,,GIE AGSI+ API v013
DE,2020-10-24,Germany,DE,233.9692,247.1807,94.66,871,264.33,62,-202.3,3970.99,6824.1,0.08,E,94.66,,GIE AGSI+ API v013
DE,2020-10-25,Germany,DE,234.229,247.1807,94.76,871,261.65,9.3,-252.3,3849.68,6620.81,0.11,E,94.76,,GIE AGSI+ API v013
DE,2020-10-26,Germany,DE,233.9526,247.1807,94.65,871,35.79,326.4,290.6,3849.68,6620.81,-0.11,E,94.65,,GIE AGSI+ API v013
DE,2020-10-27,Germany,DE,233.3764,247.1807,94.42,871,9.21,584.7,575.5,3849.68,6620.81,-0.23,E,94.42,,GIE AGSI+ API v013
DE,2020-10-28,Germany,DE,233.0162,247.1807,94.27,871,14.15,369.4,355.3,3849.68,6620.81,-0.15,E,94.27,,GIE AGSI+ API v013
DE,2020-10-29,Germany,DE,232.75,247.1807,94.16,871,26.48,293.6,267.1,3849.68,6620.81,-0.11,E,94.16,,GIE AGSI+ API v013
DE,2020-10-30,Germany,DE,232.719,247.1807,94.15,871,90.9,111.2,20.3,3849.68,6620.81,-0.01,E,94.15,,GIE AGSI+ API v013
DE,2020-10-31,Germany,DE,233.0688,247.1807,94.29,871,380.97,20.9,-360,3849.68,6620.81,0.14,E,94.29,,GIE AGSI+ API v013
DE,2020-11-01,Germany,DE,233.4985,247.1807,94.46,871,477.76,53.1,-424.7,3849.68,6620.81,0.17,E,94.46,,GIE AGSI+ API v013
DE,2020-11-02,Germany,DE,233.9608,247.2307,94.63,871,499.02,41.1,-457.9,3849.68,6620.81,0.19,E,94.63,,GIE AGSI+ API v013
DE,2020-11-03,Germany,DE,234.0277,247.2307,94.66,871,120.95,58.5,-62.4,3849.68,6620.81,0.03,E,94.66,,GIE AGSI+ API v013
DE,2020-11-04,Germany,DE,233.5944,247.2307,94.48,871,9.05,444.8,435.7,3849.68,6620.81,-0.18,E,94.48,,GIE AGSI+ API v013
DE,2020-11-05,Germany,DE,233.0581,247.2307,94.27,871,30.61,565.9,535.3,3849.68,6620.81,-0.22,E,94.27,,GIE AGSI+ API v013
DE,2020-11-06,Germany,DE,232.7883,247.2307,94.16,871,105.55,363.8,258.3,3849.68,6620.81,-0.11,E,94.16,,GIE AGSI+ API v013
DE,2020-11-07,Germany,DE,232.7517,247.2307,94.14,871,69.65,106.4,36.7,3849.68,6620.81,-0.01,E,94.14,,GIE AGSI+ API v013
DE,2020-11-08,Germany,DE,232.7404,247.2307,94.14,871,111.42,121.3,9.9,3849.68,6620.81,-0,E,94.14,,GIE AGSI+ API v013
DE,2020-11-09,Germany,DE,232.492,247.2307,94.04,871,59.44,425.6,366.1,3849.68,6620.81,-0.1,E,94.04,,GIE AGSI+ API v013
DE,2020-11-10,Germany,DE,231.6056,247.2256,93.68,871,12.13,734.9,722.8,3849.63,6620.73,-0.36,E,93.68,,GIE AGSI+ API v013
DE,2020-11-11,Germany,DE,231.177,247.2256,93.51,871,41.1,467.2,426.1,3849.63,6620.73,-0.17,E,93.51,,GIE AGSI+ API v013
DE,2020-11-12,Germany,DE,230.9148,247.2256,93.4,871,61.02,319.5,258.5,3849.63,6620.73,-0.11,E,93.4,,GIE AGSI+ API v013
DE,2020-11-13,Germany,DE,230.66,247.2256,93.3,871,37.13,293.4,256.2,3849.63,6620.73,-0.1,E,93.3,,GIE AGSI+ API v013
DE,2020-11-14,Germany,DE,230.7617,247.2256,93.34,871,238.92,136.5,-102.4,3849.63,6620.73,0.04,E,93.34,,GIE AGSI+ API v013
DE,2020-11-15,Germany,DE,230.9456,247.2256,93.41,871,284.61,107.1,-177.6,3849.63,6620.73,0.07,E,93.41,,GIE AGSI+ API v013
DE,2020-11-16,Germany,DE,230.8335,247.2256,93.37,871,141.26,262.8,121.5,3849.63,6620.73,-0.05,E,93.37,,GIE AGSI+ API v013
DE,2020-11-17,Germany,DE,230.5819,247.2256,93.27,871,76.53,330.4,253.9,3849.63,6620.73,-0.1,E,93.27,,GIE AGSI+ API v013
DE,2020-11-18,Germany,DE,230.5165,247.2256,93.24,871,146.65,198.4,51.7,3849.63,6620.73,-0.03,E,93.24,,GIE AGSI+ API v013
DE,2020-11-19,Germany,DE,230.4248,247.2256,93.2,871,86.01,200.4,114.3,3849.63,6620.73,-0.04,E,93.2,,GIE AGSI+ API v013
DE,2020-11-20,Germany,DE,229.7259,247.2256,92.92,871,7.21,705.7,698.5,3849.63,6620.73,-0.28,E,92.92,,GIE AGSI+ API v013
DE,2020-11-21,Germany,DE,229.3925,247.2256,92.79,871,21.36,347.2,325.8,3849.63,6620.73,-0.13,E,92.79,,GIE AGSI+ API v013
DE,2020-11-22,Germany,DE,229.0529,247.2256,92.65,871,18.08,353.3,335.2,3849.63,6620.73,-0.14,E,92.65,,GIE AGSI+ API v013
DE,2020-11-23,Germany,DE,228.3899,247.2256,92.38,871,17.69,671.6,654,3849.63,6620.73,-0.27,E,92.38,,GIE AGSI+ API v013
DE,2020-11-24,Germany,DE,227.5437,247.2256,92.04,871,17.76,846.6,828.9,3849.63,6620.73,-0.34,E,92.04,,GIE AGSI+ API v013
DE,2020-11-25,Germany,DE,226.2254,247.2256,91.51,871,12.39,1317.3,1304.9,3849.63,6620.73,-0.53,E,91.51,,GIE AGSI+ API v013
DE,2020-11-26,Germany,DE,224.6665,247.2256,90.88,871,13.39,1558.1,1544.8,3849.63,6620.73,-0.63,E,90.88,,GIE AGSI+ API v013
DE,2020-11-27,Germany,DE,223.2109,247.2256,90.29,871,16.7,1461.8,1445.1,3849.63,6620.73,-0.59,E,90.29,,GIE AGSI+ API v013
DE,2020-11-28,Germany,DE,222.0519,247.2256,89.82,871,17.62,1163.9,1146.3,3849.63,6620.73,-0.47,E,89.82,,GIE AGSI+ API v013
DE,2020-11-29,Germany,DE,220.6306,247.2256,89.24,871,35.22,1441.7,1406.5,3849.63,6620.73,-0.57,E,89.24,,GIE AGSI+ API v013
DE,2020-11-30,Germany,DE,218.8359,247.2256,88.52,871,24.14,1799.6,1775.4,3849.63,6620.73,-0.73,E,88.52,,GIE AGSI+ API v013
DE,2020-12-01,Germany,DE,216.7973,247.2256,87.69,871,32.54,2004.8,1972.3,3849.63,6620.73,-0.82,E,87.69,,GIE AGSI+ API v013
DE,2020-12-02,Germany,DE,214.5661,247.2256,86.79,871,28.77,2297.1,2268.4,3849.63,6620.73,-0.9,E,86.79,,GIE AGSI+ API v013
DE,2020-12-03,Germany,DE,212.6524,247.2256,86.02,871,27.81,1868.2,1840.4,3849.63,6620.73,-0.77,E,86.02,,GIE AGSI+ API v013
DE,2020-12-04,Germany,DE,211.0779,247.2256,85.38,871,30.71,1591.4,1560.7,3849.63,6620.73,-0.64,E,85.38,,GIE AGSI+ API v013
DE,2020-12-05,Germany,DE,209.6816,247.2256,84.81,871,16.65,1381.4,1364.7,3849.63,6620.73,-0.56,E,84.81,,GIE AGSI+ API v013
DE,2020-12-06,Germany,DE,208.4835,247.2256,84.33,871,28.61,1216,1187.3,3849.63,6620.73,-0.48,E,84.33,,GIE AGSI+ API v013
DE,2020-12-07,Germany,DE,206.7163,247.2256,83.61,871,26.88,1779.6,1752.7,3849.63,6620.73,-0.71,E,83.61,,GIE AGSI+ API v013
DE,2020-12-08,Germany,DE,205.3118,247.2256,83.05,871,36.71,1445,1408.3,3849.63,6620.73,-0.57,E,83.05,,GIE AGSI+ API v013
DE,2020-12-09,Germany,DE,203.3221,247.2256,82.24,871,32.29,1987.9,1955.7,3849.63,6620.73,-0.8,E,82.24,,GIE AGSI+ API v013
DE,2020-12-10,Germany,DE,201.2355,247.2256,81.4,871,17.17,2079.1,2061.9,3849.63,6620.73,-0.84,E,81.4,,GIE AGSI+ API v013
DE,2020-12-11,Germany,DE,199.5062,247.2256,80.7,871,35.49,1751.2,1715.7,3849.63,6620.73,-0.7,E,80.7,,GIE AGSI+ API v013
DE,2020-12-12,Germany,DE,198.3852,247.2256,80.24,871,47.59,1161.1,1113.5,3849.63,6620.73,-0.45,E,80.24,,GIE AGSI+ API v013
DE,2020-12-13,Germany,DE,197.5102,247.2256,79.89,871,101.08,969.6,868.6,3849.63,6620.73,-0.35,E,79.89,,GIE AGSI+ API v013
DE,2020-12-14,Germany,DE,196.4135,247.2256,79.45,871,35.64,1122.9,1087.3,3849.63,6620.73,-0.44,E,79.45,,GIE AGSI+ API v013
DE,2020-12-15,Germany,DE,194.9683,246.0793,79.23,871,57.98,1090.2,1032.2,3849.63,6620.73,-0.59,E,79.23,,GIE AGSI+ API v013
DE,2020-12-16,Germany,DE,194.0348,246.0793,78.85,871,24.56,956.4,931.8,3849.63,6620.73,-0.38,E,78.85,,GIE AGSI+ API v013
DE,2020-12-17,Germany,DE,193.2377,246.0793,78.53,871,29.18,814.8,785.6,3849.63,6620.73,-0.32,E,78.53,,GIE AGSI+ API v013
DE,2020-12-18,Germany,DE,192.3888,246.0793,78.18,871,25.19,863.8,838.7,3849.63,6620.73,-0.34,E,78.18,,GIE AGSI+ API v013
DE,2020-12-19,Germany,DE,191.9178,246.0793,77.99,871,52.43,520.2,467.8,3849.63,6620.73,-0.19,E,77.99,,GIE AGSI+ API v013
DE,2020-12-20,Germany,DE,191.3584,246.0793,77.76,871,45.09,599.3,554.2,3849.63,6620.73,-0.23,E,77.76,,GIE AGSI+ API v013
DE,2020-12-21,Germany,DE,190.4157,246.0793,77.38,871,29.25,966.4,937.2,3849.63,6620.73,-0.38,E,77.38,,GIE AGSI+ API v013
DE,2020-12-22,Germany,DE,190.0139,246.0793,77.22,871,92.72,494.5,401.8,3849.63,6620.73,-0.16,E,77.22,,GIE AGSI+ API v013
DE,2020-12-23,Germany,DE,189.5659,246.0793,77.03,871,94.37,541.7,447.3,3849.63,6620.73,-0.18,E,77.03,,GIE AGSI+ API v013
DE,2020-12-24,Germany,DE,189.1294,246.0793,76.86,871,64.68,501,436.3,3849.63,6620.73,-0.18,E,76.86,,GIE AGSI+ API v013
DE,2020-12-25,Germany,DE,188.4902,246.0793,76.6,871,44.11,681,636.9,3849.63,6620.73,-0.26,E,76.6,,GIE AGSI+ API v013
DE,2020-12-26,Germany,DE,187.6848,246.0793,76.27,871,45.98,844.5,798.6,3849.63,6620.73,-0.33,E,76.27,,GIE AGSI+ API v013
DE,2020-12-27,Germany,DE,186.7922,246.0793,75.91,871,43.23,926.8,883.6,3849.63,6620.73,-0.36,E,75.91,,GIE AGSI+ API v013
DE,2020-12-28,Germany,DE,185.5187,246.0793,75.39,871,33.23,1296.4,1263.2,3849.63,6620.73,-0.52,E,75.39,,GIE AGSI+ API v013
DE,2020-12-29,Germany,DE,184.1528,246.0793,74.83,871,44.03,1424.3,1380.3,3849.63,6620.73,-0.56,E,74.83,,GIE AGSI+ API v013
DE,2020-12-30,Germany,DE,182.629,246.0793,74.22,871,40.64,1547.9,1507.3,3849.63,6620.73,-0.62,E,74.22,,GIE AGSI+ API v013
DE,2020-12-31,Germany,DE,181.3394,246.0793,73.69,871,134.84,1421.8,1287,3849.63,6620.73,-0.52,E,73.69,,GIE AGSI+ API v013
DE,2021-01-01,Germany,DE,180.1683,246.0793,73.22,905,90.61,1241,1150.4,3849.63,6620.73,0,E,73.22,96.89,GIE AGSI+ API v013
DE,2021-01-02,Germany,DE,178.8388,246.0793,72.68,905,55.74,1384.5,1328.7,3849.63,6620.73,-0.54,E,72.68,96.51,GIE AGSI+ API v013
DE,2021-01-03,Germany,DE,177.3155,246.0793,72.06,905,25.92,1517.8,1491.9,3849.63,6620.73,-0.62,E,72.06,96.26,GIE AGSI+ API v013
DE,2021-01-04,Germany,DE,175.0347,246.0793,71.13,905,18.05,2276.7,2258.6,3849.63,6620.73,-0.93,E,71.13,96.11,GIE AGSI+ API v013
DE,2021-01-05,Germany,DE,172.4964,246.0793,70.1,905,29.25,2506.9,2477.7,3849.63,6620.73,-1.03,E,70.1,95.93,GIE AGSI+ API v013
DE,2021-01-06,Germany,DE,170.0767,246.0793,69.11,905,45.18,2474.9,2429.7,3849.63,6620.73,-0.98,E,69.11,95.63,GIE AGSI+ API v013
DE,2021-01-07,Germany,DE,167.1719,246.0793,67.93,905,21.64,2858,2836.3,3849.63,6620.73,-1.18,E,67.93,95.26,GIE AGSI+ API v013
DE,2021-01-08,Germany,DE,164.2183,246.0793,66.73,905,27.26,2947.9,2920.6,3849.63,6620.73,-1.2,E,66.73,94.88,GIE AGSI+ API v013
DE,2021-01-09,Germany,DE,161.5175,246.0793,65.64,905,29.44,2730,2700.6,3849.63,6620.73,-1.1,E,65.64,94.71,GIE AGSI+ API v013
DE,2021-01-10,Germany,DE,158.9121,246.0793,64.58,905,62.01,2627.1,2565.1,3849.63,6620.73,-1.06,E,64.58,94.57,GIE AGSI+ API v013
DE,2021-01-11,Germany,DE,155.9471,246.0793,63.37,905,38.09,3006.3,2968.2,3849.63,6620.73,-1.2,E,63.37,94.36,GIE AGSI+ API v013
DE,2021-01-12,Germany,DE,152.972,246.0793,62.16,905,20.83,2942.2,2921.4,3849.63,6620.73,-1.21,E,62.16,94.12,GIE AGSI+ API v013
DE,2021-01-13,Germany,DE,150.0356,246.0793,60.97,905,44.29,2949.2,2904.9,3849.63,6620.73,-1.19,E,60.97,93.87,GIE AGSI+ API v013
DE,2021-01-14,Germany,DE,146.8749,246.0793,59.69,905,19.98,3176.4,3156.4,3849.63,6620.73,-1.28,E,59.69,93.68,GIE AGSI+ API v013
DE,2021-01-15,Germany,DE,143.3663,246.0793,58.26,905,37.2,3484.9,3447.7,3896.43,6620.73,-1.43,E,58.26,93.47,GIE AGSI+ API v013
DE,2021-01-16,Germany,DE,140.485,246.0793,57.09,905,28.43,2908.3,2879.9,3896.43,6620.73,-1.17,E,57.09,93.25,GIE AGSI+ API v013
DE,2021-01-17,Germany,DE,137.9366,246.0793,56.05,905,55.07,2529.3,2474.2,3896.43,6620.73,-1.04,E,56.05,92.97,GIE AGSI+ API v013
DE,2021-01-18,Germany,DE,135.0099,246.0793,54.86,905,18.92,2942.6,2923.7,3896.43,6620.73,-1.19,E,54.86,92.71,GIE AGSI+ API v013
DE,2021-01-19,Germany,DE,132.6694,246.0793,53.91,905,52.42,2347.8,2295.4,3896.43,6620.73,-0.95,E,53.91,92.33,GIE AGSI+ API v013
DE,2021-01-20,Germany,DE,130.9289,246.0793,53.21,905,77.4,1772.4,1695,3896.43,6620.73,-0.71,E,53.21,91.68,GIE AGSI+ API v013
DE,2021-01-21,Germany,DE,129.7545,246.0793,52.73,905,305.97,1461.4,1155.4,3896.43,6620.73,-0.48,E,52.73,90.99,GIE AGSI+ API v013
DE,2021-01-22,Germany,DE,128.1968,246.0793,52.1,905,72.88,1827,1754.1,3896.43,6620.73,-0.63,E,52.1,90.36,GIE AGSI+ API v013
DE,2021-01-23,Germany,DE,126.5035,246.0793,51.41,905,68.19,1731.4,1663.2,3896.43,6620.73,-0.69,E,51.41,89.66,GIE AGSI+ API v013
DE,2021-01-24,Germany,DE,124.8346,246.0793,50.73,905,94.88,1926.9,1832.1,3896.43,6620.73,-0.68,E,50.73,88.96,GIE AGSI+ API v013
DE,2021-01-25,Germany,DE,122.1447,246.0793,49.64,905,27.86,2850.7,2822.9,3896.43,6622.73,-1.09,E,49.64,88.47,GIE AGSI+ API v013
DE,2021-01-26,Germany,DE,119.6258,246.0793,48.61,905,57.84,2571.6,2513.8,3896.43,6622.73,-1.02,E,48.61,88.09,GIE AGSI+ API v013
DE,2021-01-27,Germany,DE,117.212,245.9713,47.65,905,27.04,2411,2384,3897.01,6625.61,-0.98,E,47.65,87.71,GIE AGSI+ API v013
DE,2021-01-28,Germany,DE,115.4692,245.9713,46.94,905,105.55,1936,1830.5,3897.01,6625.61,-0.71,E,46.94,87.15,GIE AGSI+ API v013
DE,2021-01-29,Germany,DE,113.9925,245.9713,46.34,905,119.16,1547.5,1428.4,3897.01,6625.61,-0.6,E,46.34,86.63,GIE AGSI+ API v013
DE,2021-01-30,Germany,DE,112.35,245.9713,45.68,905,54.83,1679,1624.2,3897.01,6625.61,-0.67,E,45.68,86.16,GIE AGSI+ API v013
DE,2021-01-31,Germany,DE,110.39,245.9713,44.88,905,49.88,1982.6,1932.7,3897.01,6625.61,-0.8,E,44.88,86.01,GIE AGSI+ API v013
DE,2021-02-01,Germany,DE,108.3682,245.9713,44.06,905,213.03,2232.9,2019.9,3897.01,6625.61,-0.82,E,44.06,85.97,GIE AGSI+ API v013
DE,2021-02-02,Germany,DE,106.8611,245.9713,43.44,905,42.46,1509.8,1467.3,3897.01,6625.61,-0.61,E,43.44,85.9,GIE AGSI+ API v013
DE,2021-02-03,Germany,DE,105.9959,245.9713,43.09,905,110.77,927,816.3,3897.01,6625.61,-0.35,E,43.09,85.6,GIE AGSI+ API v013
DE,2021-02-04,Germany,DE,104.8438,245.9713,42.62,905,78.34,1211.8,1133.4,3897.01,6625.61,-0.47,E,42.62,85.22,GIE AGSI+ API v013
DE,2021-02-05,Germany,DE,103.7598,245.9713,42.18,905,111.29,1176.2,1064.9,3897.01,6625.61,-0.44,E,42.18,84.72,GIE AGSI+ API v013
DE,2021-02-06,Germany,DE,102.8083,245.9713,41.8,905,96.14,1003.7,907.5,3897.01,6625.61,-0.39,E,41.8,83.97,GIE AGSI+ API v013
DE,2021-02-07,Germany,DE,101.3705,245.9713,41.21,905,90.82,1530.2,1439.4,3897.01,6625.61,-0.58,E,41.21,83.52,GIE AGSI+ API v013
DE,2021-02-08,Germany,DE,98.9178,245.9713,40.22,905,51.72,2484.2,2432.5,3897.01,6625.61,-1,E,40.22,83.16,GIE AGSI+ API v013
DE,2021-02-09,Germany,DE,96.0047,245.9713,39.03,905,43.82,2925.8,2882,3897.01,6625.61,-1.18,E,39.03,83.03,GIE AGSI+ API v013
DE,2021-02-10,Germany,DE,92.916,245.9713,37.78,905,30.2,3077.1,3046.9,3876.61,6625.61,-1.26,E,37.78,82.82,GIE AGSI+ API v013
DE,2021-02-11,Germany,DE,90.2347,245.9713,36.69,905,42.85,2711.6,2668.7,3876.61,6625.61,-1.09,E,36.69,82.51,GIE AGSI+ API v013
DE,2021-02-12,Germany,DE,87.4866,245.9713,35.57,905,28.92,2747.5,2718.6,3876.61,6625.61,-1.12,E,35.57,82.12,GIE AGSI+ API v013
DE,2021-02-13,Germany,DE,85.1232,245.9713,34.61,905,17.92,2358.7,2340.8,3876.61,6625.61,-0.96,E,34.61,81.72,GIE AGSI+ API v013
DE,2021-02-14,Germany,DE,83.0428,245.9713,33.76,905,24.92,2045.2,2020.3,3876.61,6625.61,-0.85,E,33.76,81.47,GIE AGSI+ API v013
DE,2021-02-15,Germany,DE,80.6735,245.9713,32.8,905,27.94,2366.9,2338.9,3876.61,6625.61,-0.96,E,32.8,81.41,GIE AGSI+ API v013
DE,2021-02-16,Germany,DE,79.6743,245.9713,32.39,905,38.89,958.9,920,3876.61,6625.61,-0.41,E,32.39,81.43,GIE AGSI+ API v013
DE,2021-02-17,Germany,DE,79.1586,245.943,32.19,905,123.89,588.5,464.6,3876.61,6625.61,-0.21,E,32.19,81.25,GIE AGSI+ API v013
DE,2021-02-18,Germany,DE,78.6822,245.9289,31.99,905,65.19,512.1,446.9,3876.61,6625.61,-0.19,E,31.99,81.01,GIE AGSI+ API v013
DE,2021-02-19,Germany,DE,78.2424,245.9289,31.82,905,49.69,453.7,404,3876.61,6625.61,-0.18,E,31.82,80.81,GIE AGSI+ API v013
DE,2021-02-20,Germany,DE,78.0571,245.9289,31.74,905,269.35,413.1,143.7,3876.61,6625.61,-0.08,E,31.74,80.6,GIE AGSI+ API v013
DE,2021-02-21,Germany,DE,77.9804,245.9289,31.71,905,317.21,375,57.7,3876.61,6625.61,-0.03,E,31.71,80.4,GIE AGSI+ API v013
DE,2021-02-22,Germany,DE,77.4837,245.9289,31.51,905,89.89,587.5,497.6,3876.61,6625.61,-0.2,E,31.51,80.34,GIE AGSI+ API v013
DE,2021-02-23,Germany,DE,77.2315,245.9289,31.4,905,197.27,416.6,219.3,3876.61,6625.61,-0.1,E,31.4,80.31,GIE AGSI+ API v013
DE,2021-02-24,Germany,DE,77.2654,245.9289,31.42,905,401.33,344.7,-56.7,3876.61,6625.61,0.01,E,31.42,80.07,GIE AGSI+ API v013
DE,2021-02-25,Germany,DE,77.107,245.9289,31.35,905,211.47,346.6,135.2,3876.61,6625.61,-0.06,E,31.35,79.89,GIE AGSI+ API v013
DE,2021-02-26,Germany,DE,77.0284,245.9289,31.32,905,244.26,334.9,90.7,3876.61,6625.61,-0.03,E,31.32,79.45,GIE AGSI+ API v013
DE,2021-02-27,Germany,DE,76.9089,245.9289,31.27,905,154.83,251.4,96.6,3876.61,6625.61,-0.05,E,31.27,78.83,GIE AGSI+ API v013
DE,2021-02-28,Germany,DE,76.6115,245.9289,31.15,905,58.24,312.5,254.2,3876.61,6625.61,-0.12,E,31.15,78.27,GIE AGSI+ API v013
DE,2021-03-01,Germany,DE,75.7013,245.9289,30.78,905,21.74,907.5,885.8,3876.61,6625.61,-0.37,E,30.78,78.06,GIE AGSI+ API v013
DE,2021-03-02,Germany,DE,74.9833,245.9289,30.49,905,21.45,713.8,692.3,3923.41,6625.61,-0.29,E,30.49,77.49,GIE AGSI+ API v013
DE,2021-03-03,Germany,DE,74.0999,245.9289,30.13,905,15.93,875.8,859.8,3923.41,6625.61,-0.36,E,30.13,77.23,GIE AGSI+ API v013
DE,2021-03-04,Germany,DE,73.3705,245.9289,29.83,905,56.78,761.8,705,3923.41,6625.61,-0.3,E,29.83,76.92,GIE AGSI+ API v013
DE,2021-03-05,Germany,DE,72.4158,245.9289,29.45,905,26.16,952.9,926.8,3923.41,6625.61,-0.39,E,29.45,76.53,GIE AGSI+ API v013
DE,2021-03-06,Germany,DE,71.7018,245.9289,29.16,905,24.94,709.8,684.8,3923.41,6625.61,-0.29,E,29.16,76.31,GIE AGSI+ API v013
DE,2021-03-07,Germany,DE,70.9923,245.9289,28.87,905,58.64,740.9,682.2,3923.41,6625.61,-0.29,E,28.87,76.13,GIE AGSI+ API v013
DE,2021-03-08,Germany,DE,69.7962,245.9289,28.38,905,24.81,1192.8,1168,3923.41,6625.61,-0.49,E,28.38,76.09,GIE AGSI+ API v013
DE,2021-03-09,Germany,DE,68.6059,245.9155,27.9,905,48.13,1207.2,1159.1,3923.41,6625.61,-0.48,E,27.9,75.86,GIE AGSI+ API v013
DE,2021-03-10,Germany,DE,68.0109,245.9289,27.65,905,73.18,639.4,566.3,3923.41,6625.61,-0.24,E,27.65,75.72,GIE AGSI+ API v013
DE,2021-03-11,Germany,DE,67.7062,245.9289,27.53,905,164.29,444.3,280,3923.41,6625.61,-0.12,E,27.53,75.67,GIE AGSI+ API v013
DE,2021-03-12,Germany,DE,67.5633,245.9289,27.47,905,154.54,276.5,122,3923.41,6625.61,-0.06,E,27.47,75.64,GIE AGSI+ API v013
DE,2021-03-13,Germany,DE,67.5051,245.9289,27.45,905,288.34,328.7,40.3,3923.41,6625.61,-0.02,E,27.45,75.47,GIE AGSI+ API v013
DE,2021-03-14,Germany,DE,67.1862,245.9289,27.32,905,130.47,428.9,298.5,3923.41,6625.61,-0.13,E,27.32,75.28,GIE AGSI+ API v013
DE,2021-03-15,Germany,DE,67.139,247.0751,27.17,905,68.87,499,430.1,3923.41,6625.61,-0.02,E,27.17,75.22,GIE AGSI+ API v013
DE,2021-03-16,Germany,DE,66.6843,247.0751,26.99,905,103.54,530.2,426.7,3923.41,6625.61,-0.18,E,26.99,75.11,GIE AGSI+ API v013
DE,2021-03-17,Germany,DE,66.0944,247.0751,26.75,905,102.4,658.9,556.5,3923.41,6625.61,-0.24,E,26.75,75,GIE AGSI+ API v013
DE,2021-03-18,Germany,DE,65.2805,247.0751,26.42,905,42.73,828.3,785.5,3923.41,6625.61,-0.33,E,26.42,74.93,GIE AGSI+ API v013
DE,2021-03-19,Germany,DE,64.7313,247.0751,26.2,905,78.11,603.3,525.2,3923.41,6625.61,-0.22,E,26.2,74.77,GIE AGSI+ API v013
DE,2021-03-20,Germany,DE,64.374,247.0751,26.05,905,120.18,453.7,333.5,3923.41,6625.61,-0.14,E,26.05,74.62,GIE AGSI+ API v013
DE,2021-03-21,Germany,DE,64.2203,247.0751,25.99,905,190.02,329.3,139.3,3923.41,6625.61,-0.06,E,25.99,74.47,GIE AGSI+ API v013
DE,2021-03-22,Germany,DE,63.5315,247.0751,25.71,905,53.42,721.2,667.8,3923.41,6625.61,-0.28,E,25.71,74.31,GIE AGSI+ API v013
DE,2021-03-23,Germany,DE,63.0416,247.0751,25.52,905,63.45,535,471.6,3923.41,6625.61,-0.2,E,25.52,73.91,GIE AGSI+ API v013
DE,2021-03-24,Germany,DE,62.812,247.0751,25.42,905,150.44,365.3,214.9,3923.41,6625.61,-0.09,E,25.42,73.6,GIE AGSI+ API v013
DE,2021-03-25,Germany,DE,62.7396,247.0751,25.39,905,258.5,320.8,62.3,3923.41,6625.61,-0.03,E,25.39,73.24,GIE AGSI+ API v013
DE,2021-03-26,Germany,DE,63.061,247.0751,25.52,905,598.48,272,-326.5,3923.41,6625.61,0.13,E,25.52,72.91,GIE AGSI+ API v013
DE,2021-03-27,Germany,DE,63.4517,247.0751,25.68,905,624.09,228.5,-395.6,3806.26,6420.09,0.16,E,25.68,72.76,GIE AGSI+ API v013
DE,2021-03-28,Germany,DE,63.8382,247.0751,25.84,905,642.21,252,-390.2,3928.69,6625.61,0.16,E,25.84,72.81,GIE AGSI+ API v013
DE,2021-03-29,Germany,DE,63.4127,247.0751,25.67,905,623.79,261.3,-362.5,3928.69,6625.61,-0.17,E,25.67,72.74,GIE AGSI+ API v013
DE,2021-03-30,Germany,DE,64.6041,247.0751,26.15,905,659.75,247.4,-412.3,3928.69,6625.61,0.48,E,26.15,72.36,GIE AGSI+ API v013
DE,2021-03-31,Germany,DE,66.0516,252.5718,26.15,905,830.58,267.8,-562.8,4063.85,6895.92,0.57,E,26.15,71.81,GIE AGSI+ API v013
DE,2021-04-01,Germany,DE,66.6998,247.8668,26.91,905,680.27,17.5,-662.8,4063.84,6898.57,0.26,E,26.91,72.74,GIE AGSI+ API v013
DE,2021-04-02,Germany,DE,67.0257,247.8668,27.04,905,456.91,135.3,-321.6,4063.84,6898.57,0.13,E,27.04,72.58,GIE AGSI+ API v013
DE,2021-04-03,Germany,DE,67.6161,247.8668,27.28,905,633.45,54.5,-579,4063.84,6898.57,0.24,E,27.28,72.47,GIE AGSI+ API v013
DE,2021-04-04,Germany,DE,68.1464,247.8668,27.49,905,595.97,49.9,-546.1,4063.84,6898.57,0.21,E,27.49,72.54,GIE AGSI+ API v013
DE,2021-04-05,Germany,DE,68.2055,247.8668,27.52,905,234.17,182.5,-51.7,4063.84,6898.57,0.02,E,27.52,72.7,GIE AGSI+ API v013
DE,2021-04-06,Germany,DE,67.508,247.8668,27.24,905,48.4,713,664.6,4063.84,6898.57,-0.28,E,27.24,72.87,GIE AGSI+ API v013
DE,2021-04-07,Germany,DE,66.7005,247.8668,26.91,905,50.65,846.1,795.5,4063.84,6898.57,-0.33,E,26.91,73.02,GIE AGSI+ API v013
DE,2021-04-08,Germany,DE,65.7864,247.8668,26.54,905,66.49,966.2,899.7,4063.84,6898.57,-0.37,E,26.54,73.19,GIE AGSI+ API v013
DE,2021-04-09,Germany,DE,65.3657,247.8668,26.37,905,122.7,531.3,408.6,4063.84,6898.57,-0.17,E,26.37,73.41,GIE AGSI+ API v013
DE,2021-04-10,Germany,DE,65.2928,247.8668,26.34,905,162.81,226.5,63.7,4063.84,6898.57,-0.03,E,26.34,73.69,GIE AGSI+ API v013
DE,2021-04-11,Germany,DE,65.3299,247.8668,26.36,905,266.22,225.7,-40.5,4063.84,6898.57,0.01,E,26.36,74.02,GIE AGSI+ API v013
DE,2021-04-12,Germany,DE,64.2647,247.86,25.93,905,29.13,1097.3,1068.2,4063.67,6898.24,-0.43,E,25.93,74.41,GIE AGSI+ API v013
DE,2021-04-13,Germany,DE,62.9448,247.86,25.4,905,39.23,1333.2,1293.9,4063.67,6898.24,-0.53,E,25.4,74.66,GIE AGSI+ API v013
DE,2021-04-14,Germany,DE,61.7309,247.86,24.91,905,64.09,1270.1,1206,4063.67,6898.24,-0.49,E,24.91,74.65,GIE AGSI+ API v013
DE,2021-04-15,Germany,DE,60.8232,247.86,24.54,905,58.75,962.6,903.9,4063.67,6898.24,-0.37,E,24.54,74.68,GIE AGSI+ API v013
DE,2021-04-16,Germany,DE,60.4655,247.86,24.4,905,138.37,473,334.7,4063.67,6898.24,-0.14,E,24.4,74.83,GIE AGSI+ API v013
DE,2021-04-17,Germany,DE,60.3885,247.86,24.36,905,155.92,228.9,73,4063.67,6898.24,-0.03,E,24.36,75,GIE AGSI+ API v013
DE,2021-04-18,Germany,DE,60.4115,247.86,24.37,905,245.44,218.3,-27.1,4063.67,6898.24,0.01,E,24.37,75.42,GIE AGSI+ API v013
DE,2021-04-19,Germany,DE,60.2685,247.8556,24.32,905,183.49,352.1,168.6,4063.57,6898.02,-0.06,E,24.32,75.83,GIE AGSI+ API v013
DE,2021-04-20,Germany,DE,60.3677,247.8556,24.36,905,263.67,158.2,-105.5,4063.57,6898.02,0.04,E,24.36,76.05,GIE AGSI+ API v013
DE,2021-04-21,Germany,DE,60.6147,247.8556,24.46,905,283.09,42.2,-240.8,4063.57,6898.02,0.1,E,24.46,76.33,GIE AGSI+ API v013
DE,2021-04-22,Germany,DE,60.6753,247.8556,24.48,905,134.62,70.4,-64.2,4063.57,6898.02,0.02,E,24.48,76.59,GIE AGSI+ API v013
DE,2021-04-23,Germany,DE,60.7791,247.8556,24.52,905,168.08,62,-106.1,4063.57,6898.02,0.04,E,24.52,76.79,GIE AGSI+ API v013
DE,2021-04-24,Germany,DE,61.2401,247.8556,24.71,905,466.07,5.1,-461,4063.57,6898.02,0.19,E,24.71,77.04,GIE AGSI+ API v013
DE,2021-04-25,Germany,DE,61.7732,247.8556,24.92,905,543.24,7.7,-535.5,4063.57,6898.02,0.22,E,24.92,77.35,GIE AGSI+ API v013
DE,2021-04-26,Germany,DE,62.1477,247.8576,25.07,905,443.3,66.7,-376.6,4063.61,6898.12,0.15,E,25.07,77.62,GIE AGSI+ API v013
DE,2021-04-27,Germany,DE,62.6464,247.8576,25.28,905,593.33,92.3,-501,4063.61,6898.12,0.2,E,25.28,77.74,GIE AGSI+ API v013
DE,2021-04-28,Germany,DE,62.9885,247.8576,25.41,905,426.32,81.9,-344.4,4063.61,6898.12,0.14,E,25.41,77.88,GIE AGSI+ API v013
DE,2021-04-29,Germany,DE,63.0536,247.8576,25.44,905,192.9,125,-67.9,4063.61,6898.12,0.03,E,25.44,78.1,GIE AGSI+ API v013
DE,2021-04-30,Germany,DE,62.8497,247.8576,25.36,905,61.49,258.6,197.2,4101.68,6898.12,-0.08,E,25.36,78.37,GIE AGSI+ API v013
DE,2021-05-01,Germany,DE,63.0042,247.8576,25.42,905,214.99,79.1,-135.8,4101.68,6898.12,0.06,E,25.42,78.68,GIE AGSI+ API v013
DE,2021-05-02,Germany,DE,63.0765,247.8576,25.45,905,130.86,66.1,-64.7,4101.68,6898.12,0.03,E,25.45,78.97,GIE AGSI+ API v013
DE,2021-05-03,Germany,DE,62.7757,247.8561,25.33,905,62.23,376.4,314.2,4101.65,6898.05,-0.12,E,25.33,79.25,GIE AGSI+ API v013
DE,2021-05-04,Germany,DE,62.8442,247.8561,25.36,905,264.51,196.6,-68,4101.65,6898.05,0.03,E,25.36,79.38,GIE AGSI+ API v013
DE,2021-05-05,Germany,DE,62.4197,247.8561,25.18,905,40.33,466.5,426.2,4101.65,6898.05,-0.17,E,25.18,79.48,GIE AGSI+ API v013
DE,2021-05-06,Germany,DE,61.7552,247.8562,24.92,905,56.36,712,655.7,4101.65,6898.05,-0.27,E,24.92,79.58,GIE AGSI+ API v013
DE,2021-05-07,Germany,DE,61.3797,247.8562,24.76,905,123,498.5,375.5,4101.65,6898.05,-0.15,E,24.76,79.75,GIE AGSI+ API v013
DE,2021-05-08,Germany,DE,61.7573,247.8562,24.92,905,413.48,35.9,-377.6,4101.65,6898.05,0.15,E,24.92,80.14,GIE AGSI+ API v013
DE,2021-05-09,Germany,DE,62.8377,247.8562,25.35,905,1120.29,3.2,-1117.1,4101.65,6898.05,0.44,E,25.35,80.63,GIE AGSI+ API v013
DE,2021-05-10,Germany,DE,63.9243,247.8582,25.79,905,994.99,1,-994,4101.69,6898.14,0.44,E,25.79,81.16,GIE AGSI+ API v013
DE,2021-05-11,Germany,DE,64.6597,247.8582,26.09,905,750.1,14.7,-735.4,4101.69,6898.14,0.3,E,26.09,81.41,GIE AGSI+ API v013
DE,2021-05-12,Germany,DE,65.2805,247.8582,26.34,905,685.87,65.1,-620.8,4101.69,6898.14,0.25,E,26.34,81.27,GIE AGSI+ API v013
DE,2021-05-13,Germany,DE,65.9642,248.4582,26.55,905,736.21,40.5,-695.7,4101.69,6898.14,0.28,E,26.55,81.29,GIE AGSI+ API v013
DE,2021-05-14,Germany,DE,66.4938,247.8582,26.83,905,537.47,19.9,-517.6,4101.69,6898.14,0.21,E,26.83,81.33,GIE AGSI+ API v013
DE,2021-05-15,Germany,DE,67.1436,247.8582,27.09,905,693.17,43.4,-649.8,4101.69,6898.14,0.26,E,27.09,81.43,GIE AGSI+ API v013
DE,2021-05-16,Germany,DE,67.8053,247.8582,27.36,905,725.96,64.3,-661.6,4101.69,6898.14,0.27,E,27.36,81.68,GIE AGSI+ API v013
DE,2021-05-17,Germany,DE,68.1071,247.8587,27.48,905,501.79,200,-301.8,4101.71,6898.17,0.12,E,27.48,82.03,GIE AGSI+ API v013
DE,2021-05-18,Germany,DE,68.2954,247.8587,27.55,905,442.4,254.1,-188.3,4101.71,6898.17,0.08,E,27.55,82.27,GIE AGSI+ API v013
DE,2021-05-19,Germany,DE,68.5249,247.8587,27.65,905,470.88,242.8,-228.1,4101.71,6898.17,0.09,E,27.65,82.43,GIE AGSI+ API v013
DE,2021-05-20,Germany,DE,69.194,247.8587,27.92,905,788.11,108.5,-679.6,4101.71,6898.17,0.27,E,27.92,82.62,GIE AGSI+ API v013
DE,2021-05-21,Germany,DE,70.0901,247.8587,28.28,905,905.88,8.5,-897.3,4101.71,6898.17,0.36,E,28.28,82.93,GIE AGSI+ API v013
DE,2021-05-22,Germany,DE,70.8114,247.8587,28.57,905,750.93,31.6,-719.3,4101.71,6898.17,0.29,E,28.57,83.34,GIE AGSI+ API v013
DE,2021-05-23,Germany,DE,71.5806,247.8587,28.88,905,801.74,33.1,-768.6,4101.71,6898.17,0.31,E,28.88,83.69,GIE AGSI+ API v013
DE,2021-05-24,Germany,DE,72.2941,247.8533,29.17,905,730.71,18.6,-712.1,4101.57,6897.9,0.29,E,29.17,83.97,GIE AGSI+ API v013
DE,2021-05-25,Germany,DE,72.5266,247.8533,29.26,905,350.02,117.2,-232.8,4101.57,6897.9,0.09,E,29.26,84.24,GIE AGSI+ API v013
DE,2021-05-26,Germany,DE,72.8022,247.8533,29.37,905,350.07,74.8,-275.3,4101.57,6897.9,0.11,E,29.37,84.39,GIE AGSI+ API v013
DE,2021-05-27,Germany,DE,72.8497,247.8533,29.39,905,260.77,213.9,-46.9,4101.57,6897.9,0.02,E,29.39,84.39,GIE AGSI+ API v013
DE,2021-05-28,Germany,DE,73.1947,247.8533,29.53,905,413.78,68.8,-345,4101.57,6897.9,0.14,E,29.53,84.34,GIE AGSI+ API v013
DE,2021-05-29,Germany,DE,74.0894,247.8533,29.89,905,929.79,1.1,-928.7,4101.57,6897.9,0.36,E,29.89,84.39,GIE AGSI+ API v013
DE,2021-05-30,Germany,DE,75.1584,247.8533,30.32,905,1069.27,1.7,-1067.6,4101.57,6897.9,0.43,E,30.32,84.64,GIE AGSI+ API v013
DE,2021-05-31,Germany,DE,76.0577,247.8626,30.69,905,873.13,10.1,-863.1,4101.8,6898.36,0.36,E,30.69,84.87,GIE AGSI+ API v013
DE,2021-06-01,Germany,DE,77.2122,248.1126,31.12,905,1167.52,7.6,-1159.9,4101.8,6898.36,0.47,E,31.12,85.14,GIE AGSI+ API v013
DE,2021-06-02,Germany,DE,78.5532,248.1126,31.66,905,1302.08,52.4,-1249.7,4101.8,6898.36,0.54,E,31.66,85.28,GIE AGSI+ API v013
DE,2021-06-03,Germany,DE,79.7803,248.1126,32.15,905,1224.92,9.3,-1215.6,4101.8,6898.36,0.49,E,32.15,85.41,GIE AGSI+ API v013
DE,2021-06-04,Germany,DE,80.9037,248.1126,32.61,905,1134.53,12.2,-1122.4,4101.8,6898.36,0.45,E,32.61,85.53,GIE AGSI+ API v013
DE,2021-06-05,Germany,DE,82.2664,248.1126,33.16,905,1360.05,8.4,-1351.7,4101.8,6898.36,0.55,E,33.16,85.6,GIE AGSI+ API v013
DE,2021-06-06,Germany,DE,83.5787,248.1126,33.69,905,1311.69,11.7,-1300,4101.8,6898.36,0.53,E,33.69,85.8,GIE AGSI+ API v013
DE,2021-06-07,Germany,DE,84.3984,248.1165,34.02,905,895.16,105.6,-789.6,4101.9,6898.55,0.33,E,34.02,86,GIE AGSI+ API v013
DE,2021-06-08,Germany,DE,85.1068,248.1165,34.3,905,864.55,166.3,-698.2,4101.9,6898.55,0.29,E,34.3,85.78,GIE AGSI+ API v013
DE,2021-06-09,Germany,DE,85.4822,248.1165,34.45,905,528.01,164,-364,4101.9,6898.55,0.15,E,34.45,85.83,GIE AGSI+ API v013
DE,2021-06-10,Germany,DE,86.1029,248.1165,34.7,905,644.62,35.1,-609.5,4101.9,6898.55,0.25,E,34.7,85.82,GIE AGSI+ API v013
DE,2021-06-11,Germany,DE,86.7836,248.1165,34.98,905,695.44,11.7,-683.8,4101.9,6898.55,0.27,E,34.98,85.95,GIE AGSI+ API v013
DE,2021-06-12,Germany,DE,87.831,248.1165,35.4,905,1046.16,6.6,-1039.6,4101.9,6898.55,0.42,E,35.4,86.13,GIE AGSI+ API v013
DE,2021-06-13,Germany,DE,88.9154,248.1165,35.84,905,1084.88,12.5,-1072.4,4101.9,6898.55,0.44,E,35.84,86.41,GIE AGSI+ API v013
DE,2021-06-14,Germany,DE,89.7739,248.115,36.18,905,840.75,12,-828.7,4101.86,6898.48,0.35,E,36.18,86.74,GIE AGSI+ API v013
DE,2021-06-15,Germany,DE,90.2998,248.115,36.39,905,563.66,48.7,-514.9,4101.86,6898.48,0.21,E,36.39,86.91,GIE AGSI+ API v013
DE,2021-06-16,Germany,DE,90.89,248.115,36.63,905,622.34,43.1,-579.3,4101.86,6898.48,0.24,E,36.63,87,GIE AGSI+ API v013
DE,2021-06-17,Germany,DE,91.7055,248.115,36.96,905,840.24,28.7,-811.5,4101.86,6898.48,0.33,E,36.96,87.06,GIE AGSI+ API v013
DE,2021-06-18,Germany,DE,92.6461,248.115,37.34,905,963.79,8.1,-955.7,4101.86,6898.48,0.38,E,37.34,87.13,GIE AGSI+ API v013
DE,2021-06-19,Germany,DE,93.8625,248.115,37.83,905,1218,10.6,-1207.4,4101.86,6898.48,0.49,E,37.83,87.23,GIE AGSI+ API v013
DE,2021-06-20,Germany,DE,94.9719,248.115,38.28,905,1096.64,13,-1083.7,4101.86,6898.48,0.45,E,38.28,87.47,GIE AGSI+ API v013
DE,2021-06-21,Germany,DE,95.956,248.1121,38.67,905,992.4,44,-948.4,4101.79,6898.33,0.4,E,38.67,87.75,GIE AGSI+ API v013
DE,2021-06-22,Germany,DE,96.3842,248.1121,38.85,905,544.28,83.7,-460.6,4101.79,6898.33,0.17,E,38.85,87.84,GIE AGSI+ API v013
DE,2021-06-23,Germany,DE,96.9064,248.1121,39.06,905,541.08,29.4,-511.7,4101.79,6898.33,0.21,E,39.06,87.94,GIE AGSI+ API v013
DE,2021-06-24,Germany,DE,97.4246,248.1121,39.27,905,547.38,40.4,-507,4101.79,6898.33,0.21,E,39.27,88.01,GIE AGSI+ API v013
DE,2021-06-25,Germany,DE,98.0874,248.1121,39.53,905,666.53,15.5,-651,4101.79,6898.33,0.27,E,39.53,88.1,GIE AGSI+ API v013
DE,2021-06-26,Germany,DE,99.0444,248.1121,39.92,905,1027.14,65.3,-961.8,4101.79,6898.33,0.39,E,39.92,88.22,GIE AGSI+ API v013
DE,2021-06-27,Germany,DE,100.1387,248.1121,40.36,905,1130.5,44.8,-1085.8,4101.79,6898.33,0.44,E,40.36,88.44,GIE AGSI+ API v013
DE,2021-06-28,Germany,DE,100.8962,248.0994,40.67,905,754.16,13.3,-740.8,4101.48,6897.71,0.31,E,40.67,88.66,GIE AGSI+ API v013
DE,2021-06-29,Germany,DE,101.6962,248.0994,40.99,905,799.15,11.2,-788,4101.48,6897.71,0.32,E,40.99,88.77,GIE AGSI+ API v013
DE,2021-06-30,Germany,DE,102.3874,248.0994,41.27,905,706.22,13.1,-693.2,4101.48,6897.71,0.28,E,41.27,88.92,GIE AGSI+ API v013
DE,2021-07-01,Germany,DE,103.3061,248.2486,41.61,905,898.92,10.9,-888,4101.48,6897.71,0.37,E,41.61,89.02,GIE AGSI+ API v013
DE,2021-07-02,Germany,DE,103.9106,248.2486,41.86,905,622.81,29.2,-593.6,4101.48,6897.71,0.24,E,41.86,89.05,GIE AGSI+ API v013
DE,2021-07-03,Germany,DE,105.1266,248.2486,42.35,905,1232.56,11.6,-1220.9,4101.48,6897.71,0.49,E,42.35,89.32,GIE AGSI+ API v013
DE,2021-07-04,Germany,DE,106.2599,248.2486,42.8,905,1133.14,9.7,-1123.4,4101.48,6897.71,0.46,E,42.8,89.65,GIE AGSI+ API v013
DE,2021-07-05,Germany,DE,107.2427,248.2525,43.2,905,943.05,32.9,-910.2,4101.57,6897.9,0.4,E,43.2,89.98,GIE AGSI+ API v013
DE,2021-07-06,Germany,DE,107.8534,248.2525,43.45,905,809.17,208.4,-600.8,4054.77,6897.9,0.25,E,43.45,90.02,GIE AGSI+ API v013
DE,2021-07-07,Germany,DE,108.2742,248.2525,43.61,905,636.75,203.9,-432.9,4054.77,6897.9,0.17,E,43.61,89.99,GIE AGSI+ API v013
DE,2021-07-08,Germany,DE,108.6242,248.2525,43.76,905,604.3,270.2,-334.1,4054.77,6924.78,0.14,E,43.76,89.97,GIE AGSI+ API v013
DE,2021-07-09,Germany,DE,109.3408,248.2525,44.04,905,891.39,159,-732.4,4054.77,6897.9,0.29,E,44.04,89.88,GIE AGSI+ API v013
DE,2021-07-10,Germany,DE,110.3689,248.2525,44.46,905,1026.15,9.6,-1016.5,4054.77,6897.9,0.41,E,44.46,89.94,GIE AGSI+ API v013
DE,2021-07-11,Germany,DE,111.3962,248.2525,44.87,905,1025.7,9.3,-1016.4,4054.77,6897.9,0.41,E,44.87,90.07,GIE AGSI+ API v013
DE,2021-07-12,Germany,DE,112.0982,248.2452,45.16,905,734.28,44.9,-689.4,4054.59,6897.54,0.28,E,45.16,90.28,GIE AGSI+ API v013
DE,2021-07-13,Germany,DE,112.2149,248.2452,45.2,905,490.24,382.7,-107.6,4054.59,6897.54,0.05,E,45.2,90.41,GIE AGSI+ API v013
DE,2021-07-14,Germany,DE,112.2427,248.2452,45.21,905,279.17,262.6,-16.5,4054.59,6897.54,0.01,E,45.21,90.34,GIE AGSI+ API v013
DE,2021-07-15,Germany,DE,112.2536,247.2684,45.4,905,308.44,298.9,-9.6,4054.59,6897.54,0,E,45.4,90.19,GIE AGSI+ API v013
DE,2021-07-16,Germany,DE,112.8431,247.2684,45.64,905,631.74,331.5,-300.2,4054.59,6897.54,0.24,E,45.64,90.04,GIE AGSI+ API v013
DE,2021-07-17,Germany,DE,113.4069,247.2684,45.86,905,800.45,249.9,-550.5,4054.59,6897.54,0.23,E,45.86,89.91,GIE AGSI+ API v013
DE,2021-07-18,Germany,DE,113.9435,247.2684,46.08,905,763.44,237.9,-525.5,4054.59,6897.54,0.22,E,46.08,89.83,GIE AGSI+ API v013
DE,2021-07-19,Germany,DE,114.3083,247.2742,46.23,905,645.9,317.9,-328,4054.74,6897.83,0.15,E,46.23,89.78,GIE AGSI+ API v013
DE,2021-07-20,Germany,DE,114.5965,247.2742,46.34,905,350.61,325.3,-25.3,4054.74,6897.83,0.12,E,46.34,89.63,GIE AGSI+ API v013
DE,2021-07-21,Germany,DE,114.7061,247.2742,46.39,905,400.31,340.4,-59.9,4054.74,6897.83,0.04,E,46.39,89.4,GIE AGSI+ API v013
DE,2021-07-22,Germany,DE,114.7363,247.2742,46.4,905,313.09,294,-19.1,4054.74,6897.83,0.01,E,46.4,89.08,GIE AGSI+ API v013
DE,2021-07-23,Germany,DE,115.6073,247.2742,46.75,905,893.04,18.5,-874.5,4054.74,6897.83,0.35,E,46.75,88.87,GIE AGSI+ API v013
DE,2021-07-24,Germany,DE,116.7935,247.2742,47.23,905,1176.63,15.8,-1160.8,4054.74,6897.83,0.48,E,47.23,88.7,GIE AGSI+ API v013
DE,2021-07-25,Germany,DE,117.7599,247.2742,47.62,905,995.04,29.7,-965.4,4054.74,6897.83,0.39,E,47.62,88.58,GIE AGSI+ API v013
DE,2021-07-26,Germany,DE,118.5817,247.2811,47.95,905,820.38,21.8,-798.6,4054.91,6898.17,0.33,E,47.95,88.79,GIE AGSI+ API v013
DE,2021-07-27,Germany,DE,119.5183,247.2811,48.33,905,935.64,23,-912.7,4054.91,6898.17,0.38,E,48.33,88.85,GIE AGSI+ API v013
DE,2021-07-28,Germany,DE,120.4943,247.2811,48.73,905,983.02,17.3,-965.7,4054.91,6898.17,0.39,E,48.73,88.92,GIE AGSI+ API v013
DE,2021-07-29,Germany,DE,121.421,247.2811,49.1,905,935.59,9.5,-926.1,4054.91,6898.17,0.37,E,49.1,89.02,GIE AGSI+ API v013
DE,2021-07-30,Germany,DE,122.254,247.3177,49.43,905,826.3,11.6,-814.7,4054.91,6898.17,0.34,E,49.43,89.04,GIE AGSI+ API v013
DE,2021-07-31,Germany,DE,123.1294,247.3177,49.79,905,1606.56,39.4,-1567.2,4054.91,6898.17,0.35,E,49.79,89.11,GIE AGSI+ API v013
DE,2021-08-01,Germany,DE,124.1131,247.3177,50.18,905,1004.93,31.6,-973.4,4054.91,6898.17,0.4,E,50.18,89.33,GIE AGSI+ API v013
DE,2021-08-02,Germany,DE,124.9989,247.3226,50.54,905,873.47,22,-851.5,4055.03,6898.41,0.36,E,50.54,89.55,GIE AGSI+ API v013
DE,2021-08-03,Germany,DE,125.6309,247.3226,50.8,905,643.93,19.4,-624.5,4055.03,6898.41,0.26,E,50.8,89.67,GIE AGSI+ API v013
DE,2021-08-04,Germany,DE,126.3928,247.3226,51.1,905,775.48,19.7,-755.8,4055.03,6898.41,0.31,E,51.1,89.76,GIE AGSI+ API v013
DE,2021-08-05,Germany,DE,127.0903,247.3226,51.39,905,796.78,103.2,-693.6,4055.03,6898.41,0.28,E,51.39,89.92,GIE AGSI+ API v013
DE,2021-08-06,Germany,DE,128.2387,247.3226,51.85,905,1161.76,35.6,-1126.2,4055.03,6898.41,0.46,E,51.85,90.03,GIE AGSI+ API v013
DE,2021-08-07,Germany,DE,129.1355,247.3226,52.21,905,1056.14,165.9,-890.3,4055.03,6898.41,0.36,E,52.21,90.19,GIE AGSI+ API v013
DE,2021-08-08,Germany,DE,129.9988,247.3226,52.56,905,1042.01,189.4,-852.6,4055.03,6898.41,0.35,E,52.56,90.44,GIE AGSI+ API v013
DE,2021-08-09,Germany,DE,130.6177,247.3104,52.82,905,768.01,188.3,-579.7,4054.73,6897.81,0.25,E,52.82,90.67,GIE AGSI+ API v013
DE,2021-08-10,Germany,DE,131.2485,247.3104,53.07,905,879.54,249.6,-629.9,4054.73,6897.81,0.26,E,53.07,90.8,GIE AGSI+ API v013
DE,2021-08-11,Germany,DE,131.8086,247.3104,53.3,905,984.26,442.7,-541.6,4054.73,6897.81,0.23,E,53.3,90.9,GIE AGSI+ API v013
DE,2021-08-12,Germany,DE,132.2706,247.3104,53.48,905,898.01,444.8,-453.2,4054.73,6897.81,0.19,E,53.48,91.01,GIE AGSI+ API v013
DE,2021-08-13,Germany,DE,132.9729,247.3104,53.77,905,1131.28,437.9,-693.4,4054.73,6897.81,0.28,E,53.77,91.18,GIE AGSI+ API v013
DE,2021-08-14,Germany,DE,133.9089,247.3104,54.15,905,1267.52,336.8,-930.7,4054.73,6897.81,0.38,E,54.15,91.33,GIE AGSI+ API v013
DE,2021-08-15,Germany,DE,134.7711,247.3104,54.49,905,1238.72,381.8,-856.9,4054.73,6897.81,0.35,E,54.49,91.53,GIE AGSI+ API v013
DE,2021-08-16,Germany,DE,135.4879,247.3036,54.79,905,1248.46,362.1,-886.4,4054.56,6897.47,0.29,E,54.79,91.74,GIE AGSI+ API v013
DE,2021-08-17,Germany,DE,135.8979,247.3036,54.95,905,878.21,278.1,-600.1,4054.56,6897.47,0.17,E,54.95,91.91,GIE AGSI+ API v013
DE,2021-08-18,Germany,DE,136.3983,247.3036,55.15,905,780.16,290.9,-489.3,4054.56,6897.47,0.2,E,55.15,92.02,GIE AGSI+ API v013
DE,2021-08-19,Germany,DE,136.8998,247.3036,55.36,905,817.61,326.8,-490.8,4054.56,6897.47,0.2,E,55.36,92.11,GIE AGSI+ API v013
DE,2021-08-20,Germany,DE,137.6249,247.3036,55.65,905,998.25,283.9,-714.3,4054.56,6897.47,0.29,E,55.65,92.22,GIE AGSI+ API v013
DE,2021-08-21,Germany,DE,138.5134,247.3036,56.01,905,1025.79,148.1,-877.7,4054.56,6897.47,0.36,E,56.01,92.41,GIE AGSI+ API v013
DE,2021-08-22,Germany,DE,139.4291,247.3036,56.38,905,1056.53,152.1,-904.5,4016.49,6897.47,0.37,E,56.38,92.68,GIE AGSI+ API v013
DE,2021-08-23,Germany,DE,140.3874,247.3153,56.76,905,1000.64,53.5,-947.1,4048.5,6898.05,0.39,E,56.76,92.91,GIE AGSI+ API v013
DE,2021-08-24,Germany,DE,141.3371,247.3153,57.15,905,958.4,19.8,-938.6,4048.5,6898.05,0.38,E,57.15,92.92,GIE AGSI+ API v013
DE,2021-08-25,Germany,DE,142.1785,247.3153,57.49,905,843.18,12.9,-830.3,4016.78,6898.05,0.34,E,57.49,93.01,GIE AGSI+ API v013
DE,2021-08-26,Germany,DE,143.0925,247.3153,57.86,905,883.45,38.7,-844.7,4016.78,6898.05,0.37,E,57.86,93.15,GIE AGSI+ API v013
DE,2021-08-27,Germany,DE,144.0851,247.3153,58.26,905,1041.37,52.8,-988.6,4016.78,6898.05,0.4,E,58.26,93.21,GIE AGSI+ API v013
DE,2021-08-28,Germany,DE,145.1242,247.3153,58.68,905,1054.19,26.9,-1027.3,4016.78,6898.05,0.42,E,58.68,93.13,GIE AGSI+ API v013
DE,2021-08-29,Germany,DE,146.1388,247.3153,59.09,905,1031.84,28.4,-1003.5,4016.78,6898.05,0.41,E,59.09,93.16,GIE AGSI+ API v013
DE,2021-08-30,Germany,DE,147.0509,247.3197,59.46,905,934.66,32.8,-901.9,4016.89,6898.26,0.37,E,59.46,93.23,GIE AGSI+ API v013
DE,2021-08-31,Germany,DE,147.6275,247.3197,59.69,905,773.59,213.7,-559.9,4016.89,6898.26,0.23,E,59.69,93.22,GIE AGSI+ API v013
DE,2021-09-01,Germany,DE,148.3165,247.6197,59.9,905,708.43,30.9,-677.5,4016.89,6898.26,0.28,E,59.9,93.22,GIE AGSI+ API v013
DE,2021-09-02,Germany,DE,148.8083,247.6197,60.1,905,691.67,211.3,-480.4,4016.89,6898.26,0.2,E,60.1,93.27,GIE AGSI+ API v013
DE,2021-09-03,Germany,DE,149.3901,247.6197,60.33,905,615.15,44.6,-570.5,4016.89,6898.26,0.23,E,60.33,93.35,GIE AGSI+ API v013
DE,2021-09-04,Germany,DE,150.2073,247.6197,60.66,905,836.44,31,-805.5,4016.89,6898.26,0.33,E,60.66,93.42,GIE AGSI+ API v013
DE,2021-09-05,Germany,DE,151.0545,247.6197,61,905,865.91,30.8,-835.1,4016.89,6898.26,0.34,E,61,93.61,GIE AGSI+ API v013
DE,2021-09-06,Germany,DE,151.6169,247.5928,61.24,905,577.22,25,-552.2,4016.23,6896.94,0.23,E,61.24,93.77,GIE AGSI+ API v013
DE,2021-09-07,Germany,DE,152.0939,247.5928,61.43,905,527.76,60.9,-466.9,4016.23,6896.94,0.19,E,61.43,93.82,GIE AGSI+ API v013
DE,2021-09-08,Germany,DE,152.8415,247.5928,61.73,905,753.34,16.3,-737,4016.23,6896.94,0.3,E,61.73,93.87,GIE AGSI+ API v013
DE,2021-09-09,Germany,DE,153.6401,247.5928,62.05,905,774.95,29.7,-745.3,4016.23,6896.94,0.32,E,62.05,93.95,GIE AGSI+ API v013
DE,2021-09-10,Germany,DE,154.3346,247.5928,62.33,905,703.53,22.2,-681.3,4016.23,6896.94,0.28,E,62.33,93.93,GIE AGSI+ API v013
DE,2021-09-11,Germany,DE,155.2103,247.5928,62.69,905,877.65,16.7,-860.9,4016.23,6896.94,0.35,E,62.69,93.98,GIE AGSI+ API v013
DE,2021-09-12,Germany,DE,156.1378,247.5928,63.06,905,923.42,10,-913.5,4016.23,6896.94,0.37,E,63.06,94.15,GIE AGSI+ API v013
DE,2021-09-13,Germany,DE,156.7205,247.5904,63.3,905,619.96,47.6,-572.4,4016.17,6896.82,0.24,E,63.3,94.33,GIE AGSI+ API v013
DE,2021-09-14,Germany,DE,157.1805,247.5904,63.48,905,514.8,64.9,-449.9,4016.17,6896.82,0.19,E,63.48,94.38,GIE AGSI+ API v013
DE,2021-09-15,Germany,DE,157.5257,247.5904,63.62,905,406.6,55.9,-350.7,4016.17,6896.82,0.14,E,63.62,94.46,GIE AGSI+ API v013
DE,2021-09-16,Germany,DE,157.8575,247.5904,63.76,905,412.73,91.7,-321.1,4016.17,6896.82,0.13,E,63.76,94.49,GIE AGSI+ API v013
DE,2021-09-17,Germany,DE,158.2991,247.5904,63.94,905,471.15,40,-431.1,4016.17,6896.82,0.18,E,63.94,94.55,GIE AGSI+ API v013
DE,2021-09-18,Germany,DE,159.0743,247.5904,64.25,905,776.37,13.6,-762.8,4016.17,6896.82,0.31,E,64.25,94.64,GIE AGSI+ API v013
DE,2021-09-19,Germany,DE,159.8474,247.5904,64.56,905,780.25,18,-762.2,4016.17,6896.82,0.31,E,64.56,94.82,GIE AGSI+ API v013
DE,2021-09-20,Germany,DE,160.1637,247.5904,64.69,905,394.47,87.8,-306.7,4016.17,6896.82,0.13,E,64.69,94.98,GIE AGSI+ API v013
DE,2021-09-21,Germany,DE,160.5751,247.5904,64.86,905,459.67,57.4,-402.3,4016.17,6896.82,0.17,E,64.86,95.01,GIE AGSI+ API v013
DE,2021-09-22,Germany,DE,160.8813,247.5904,64.98,905,355.89,59.6,-296.3,4016.17,6896.82,0.12,E,64.98,95.06,GIE AGSI+ API v013
DE,2021-09-23,Germany,DE,161.7167,247.8314,65.25,905,845.76,21.1,-824.6,4016.17,6896.82,0.34,E,65.25,95.08,GIE AGSI+ API v013
DE,2021-09-24,Germany,DE,162.5391,247.8314,65.58,905,938.84,127.1,-811.7,4016.17,6896.82,0.33,E,65.58,95.18,GIE AGSI+ API v013
DE,2021-09-25,Germany,DE,163.9019,247.8314,66.13,905,1363.69,12.4,-1351.3,4016.17,6896.82,0.55,E,66.13,95.23,GIE AGSI+ API v013
DE,2021-09-26,Germany,DE,165.3915,247.8314,66.74,905,1488.62,10.9,-1477.7,4016.17,6896.82,0.6,E,66.74,95.19,GIE AGSI+ API v013
DE,2021-09-27,Germany,DE,166.5296,247.9168,67.17,905,1139.02,10.3,-1128.7,4016.3,6897.09,0.46,E,67.17,95.14,GIE AGSI+ API v013
DE,2021-09-28,Germany,DE,167.5232,248.2446,67.48,905,1019.14,34.4,-984.8,4016.3,6897.09,0.4,E,67.48,94.98,GIE AGSI+ API v013
DE,2021-09-29,Germany,DE,168.4872,248.2446,67.87,905,1008.63,36.7,-971.9,4016.3,6897.09,0.39,E,67.87,94.87,GIE AGSI+ API v013
DE,2021-09-30,Germany,DE,169.6129,249.2214,68.06,905,1138.58,38.8,-1099.8,4016.3,6897.09,0.45,E,68.06,94.73,GIE AGSI+ API v013
DE,2021-10-01,Germany,DE,170.439,249.1834,68.4,905,1357.33,28.4,-1328.9,4016.3,6897.09,0.33,E,68.4,94.72,GIE AGSI+ API v013
DE,2021-10-02,Germany,DE,171.5661,249.1834,68.85,905,1369.31,12.2,-1357.1,4016.3,6897.09,0.45,E,68.85,94.77,GIE AGSI+ API v013
DE,2021-10-03,Germany,DE,173.0712,249.1834,69.46,905,1451.68,4.3,-1447.4,4016.3,6897.09,0.6,E,69.46,94.94,GIE AGSI+ API v013
DE,2021-10-04,Germany,DE,173.8907,249.1917,69.78,905,829.94,58.5,-771.4,4016.5,6897.49,0.33,E,69.78,95.09,GIE AGSI+ API v013
DE,2021-10-05,Germany,DE,175.1537,249.1917,70.29,905,844.01,85.6,-758.4,4016.5,6897.49,0.51,E,70.29,95.09,GIE AGSI+ API v013
DE,2021-10-06,Germany,DE,175.6877,249.1917,70.5,905,650.15,117.7,-532.5,4016.5,6897.49,0.21,E,70.5,95.08,GIE AGSI+ API v013
DE,2021-10-07,Germany,DE,175.612,249.1917,70.47,905,483.51,498.7,15.2,4016.5,6897.49,-0.03,E,70.47,95.1,GIE AGSI+ API v013
DE,2021-10-08,Germany,DE,176.1077,249.1917,70.67,905,579.43,79.2,-500.3,4016.5,6897.49,0.2,E,70.67,95.13,GIE AGSI+ API v013
DE,2021-10-09,Germany,DE,177.0311,249.1917,71.04,905,705.91,59.9,-646,4016.5,6897.49,0.37,E,71.04,95.13,GIE AGSI+ API v013
DE,2021-10-10,Germany,DE,177.5947,249.1917,71.27,905,663.7,118.7,-545,4016.5,6897.49,0.23,E,71.27,95.22,GIE AGSI+ API v013
DE,2021-10-11,Germany,DE,177.5226,249.1961,71.24,905,459.32,44.2,-415.1,4016.61,6897.71,-0.03,E,71.24,95.3,GIE AGSI+ API v013
DE,2021-10-12,Germany,DE,178.1653,249.1961,71.5,905,324.87,58.2,-266.6,4016.61,6897.71,0.26,E,71.5,95.26,GIE AGSI+ API v013
DE,2021-10-13,Germany,DE,177.8347,249.1961,71.36,905,136.61,321.7,185,4016.61,6897.71,-0.13,E,71.36,95.19,GIE AGSI+ API v013
DE,2021-10-14,Germany,DE,178.0728,249.1961,71.46,905,381.12,119.3,-261.9,4016.61,6897.71,0.1,E,71.46,95.12,GIE AGSI+ API v013
DE,2021-10-15,Germany,DE,178.353,249.1961,71.57,905,412.53,143.4,-269.1,4016.61,6897.71,0.11,E,71.57,95,GIE AGSI+ API v013
DE,2021-10-16,Germany,DE,178.6552,249.1961,71.69,905,569.95,231.1,-338.9,4016.61,6897.71,0.12,E,71.69,94.91,GIE AGSI+ API v013
DE,2021-10-17,Germany,DE,178.9853,249.1961,71.83,905,583.22,235,-348.3,4016.61,6897.71,0.13,E,71.83,94.82,GIE AGSI+ API v013
DE,2021-10-18,Germany,DE,179.1687,249.2005,71.9,905,410.93,240.8,-170.1,4016.72,6897.93,0.07,E,71.9,94.8,GIE AGSI+ API v013
DE,2021-10-19,Germany,DE,179.4747,249.2005,72.02,905,516.32,172.3,-344,4016.72,6897.93,0.12,E,72.02,94.72,GIE AGSI+ API v013
DE,2021-10-20,Germany,DE,180.0994,249.2005,72.27,905,743.46,99,-644.4,4016.72,6897.93,0.25,E,72.27,94.64,GIE AGSI+ API v013
DE,2021-10-21,Germany,DE,179.9444,249.2005,72.21,905,481.99,690.8,208.8,4016.72,6897.93,-0.06,E,72.21,94.61,GIE AGSI+ API v013
DE,2021-10-22,Germany,DE,179.9403,249.2005,72.21,905,219.49,224.9,5.4,4016.72,6897.93,-0,E,72.21,94.62,GIE AGSI+ API v013
DE,2021-10-23,Germany,DE,179.8493,249.2005,72.17,905,162.65,223.4,60.7,4016.72,6897.93,-0.04,E,72.17,94.58,GIE AGSI+ API v013
DE,2021-10-24,Germany,DE,179.8416,249.2005,72.17,905,203.36,195.8,-7.6,4016.72,6897.93,-0,E,72.17,94.66,GIE AGSI+ API v013
DE,2021-10-25,Germany,DE,179.4466,249.2073,72.01,905,135.96,536.2,400.3,4016.89,6898.26,-0.16,E,72.01,94.76,GIE AGSI+ API v013
DE,2021-10-26,Germany,DE,179.3939,249.2073,71.99,905,167.9,196.8,28.9,4016.89,6898.26,-0.02,E,71.99,94.65,GIE AGSI+ API v013
DE,2021-10-27,Germany,DE,180.2761,249.2073,72.34,905,975.73,78.5,-897.2,4016.89,6898.26,0.35,E,72.34,94.42,GIE AGSI+ API v013
DE,2021-10-28,Germany,DE,180.318,249.2073,72.36,905,255,207.1,-47.9,4016.89,6898.26,0.02,E,72.36,94.27,GIE AGSI+ API v013
DE,2021-10-29,Germany,DE,180.3375,249.2073,72.36,905,271.62,178.1,-93.5,4016.89,6898.26,0.01,E,72.36,94.16,GIE AGSI+ API v013
DE,2021-10-30,Germany,DE,180.6906,249.2073,72.51,905,543.76,341.5,-202.3,4146.61,7116.01,0.14,E,72.51,94.15,GIE AGSI+ API v013
DE,2021-10-31,Germany,DE,180.9105,249.2073,72.59,905,601.45,231,-370.5,4016.89,6898.26,0.09,E,72.59,94.29,GIE AGSI+ API v013
DE,2021-11-01,Germany,DE,181.2387,249.2107,72.73,905,581.37,284.9,-296.4,4016.97,6898.43,0.13,E,72.73,94.46,GIE AGSI+ API v013
DE,2021-11-02,Germany,DE,180.6502,249.2107,72.49,905,93.15,684.7,591.5,4016.97,6898.43,-0.24,E,72.49,94.63,GIE AGSI+ API v013
DE,2021-11-03,Germany,DE,179.7879,249.2107,72.14,905,75.01,936.1,861.1,4016.97,6898.43,-0.35,E,72.14,94.66,GIE AGSI+ API v013
DE,2021-11-04,Germany,DE,179.1349,249.2107,71.88,905,90.08,752.1,662,4016.97,6898.43,-0.26,E,71.88,94.48,GIE AGSI+ API v013
DE,2021-11-05,Germany,DE,178.6215,249.2107,71.67,905,149.35,665.2,515.9,4016.97,6898.43,-0.21,E,71.67,94.27,GIE AGSI+ API v013
DE,2021-11-06,Germany,DE,178.7729,249.2107,71.74,905,551.25,362.9,-188.4,4016.97,6898.43,0.06,E,71.74,94.16,GIE AGSI+ API v013
DE,2021-11-07,Germany,DE,178.932,249.2107,71.8,905,551.33,393.5,-157.8,4016.97,6898.43,0.06,E,71.8,94.14,GIE AGSI+ API v013
DE,2021-11-08,Germany,DE,178.1888,249.1946,71.51,905,131.05,935.2,804.1,4016.57,6897.64,-0.3,E,71.51,94.14,GIE AGSI+ API v013
DE,2021-11-09,Germany,DE,177.6696,249.1946,71.3,905,99.23,588.1,488.9,4016.57,6897.64,-0.21,E,71.3,94.04,GIE AGSI+ API v013
DE,2021-11-10,Germany,DE,177.0766,249.1946,71.06,905,97.16,682.2,585,4016.57,6897.64,-0.24,E,71.06,93.68,GIE AGSI+ API v013
DE,2021-11-11,Germany,DE,176.3105,249.1946,70.75,905,111.57,872.3,760.7,4016.57,6897.64,-0.31,E,70.75,93.51,GIE AGSI+ API v013
DE,2021-11-12,Germany,DE,175.3961,249.1946,70.39,905,123.15,1003.3,880.2,4016.57,6897.64,-0.37,E,70.39,93.4,GIE AGSI+ API v013
DE,2021-11-13,Germany,DE,175.4286,249.1946,70.4,905,327.89,280,-47.8,4016.57,6897.64,0.01,E,70.4,93.3,GIE AGSI+ API v013
DE,2021-11-14,Germany,DE,175.638,249.1946,70.48,905,444.19,226.7,-217.5,4016.57,6897.64,0.08,E,70.48,93.34,GIE AGSI+ API v013
DE,2021-11-15,Germany,DE,175.1361,249.1961,70.28,905,59.26,603.4,544.2,4016.61,6897.71,-0.2,E,70.28,93.41,GIE AGSI+ API v013
DE,2021-11-16,Germany,DE,174.3464,249.1961,69.96,905,113.21,881.8,768.6,4016.61,6897.71,-0.32,E,69.96,93.37,GIE AGSI+ API v013
DE,2021-11-17,Germany,DE,173.9991,249.1961,69.82,905,171.75,516.7,345,4016.61,6897.71,-0.14,E,69.82,93.27,GIE AGSI+ API v013
DE,2021-11-18,Germany,DE,173.8592,249.1961,69.77,905,199.78,316.4,116.6,4016.61,6897.71,-0.06,E,69.77,93.24,GIE AGSI+ API v013
DE,2021-11-19,Germany,DE,174.1858,249.1961,69.9,905,556.61,202.9,-353.7,4016.61,6897.71,0.13,E,69.9,93.2,GIE AGSI+ API v013
DE,2021-11-20,Germany,DE,174.4739,249.1961,70.01,905,491.2,190.4,-300.8,4016.61,6897.71,0.12,E,70.01,92.92,GIE AGSI+ API v013
DE,2021-11-21,Germany,DE,174.5815,249.1961,70.06,905,343.29,232.7,-110.6,4016.61,6897.71,0.04,E,70.06,92.79,GIE AGSI+ API v013
DE,2021-11-22,Germany,DE,173.7936,249.2068,69.74,905,68.36,898,829.6,4016.87,6898.24,-0.32,E,69.74,92.65,GIE AGSI+ API v013
DE,2021-11-23,Germany,DE,172.4518,249.2068,69.2,905,34.74,1381.7,1347,4016.87,6898.24,-0.54,E,69.2,92.38,GIE AGSI+ API v013
DE,2021-11-24,Germany,DE,170.9824,249.2068,68.61,905,32,1488,1456,4016.87,6898.24,-0.59,E,68.61,92.04,GIE AGSI+ API v013
DE,2021-11-25,Germany,DE,169.4907,249.2068,68.01,905,45.16,1508.6,1463.4,4016.87,6864.64,-0.6,E,68.01,91.51,GIE AGSI+ API v013
DE,2021-11-26,Germany,DE,168.0999,249.2068,67.45,905,34.15,1400.4,1366.2,4016.87,6864.64,-0.56,E,67.45,90.88,GIE AGSI+ API v013
DE,2021-11-27,Germany,DE,166.9747,249.2068,67,905,63.57,1172.7,1109.1,4016.87,6864.64,-0.45,E,67,90.29,GIE AGSI+ API v013
DE,2021-11-28,Germany,DE,165.8341,249.2068,66.54,905,121.17,1238.8,1117.6,4016.87,6864.64,-0.46,E,66.54,89.82,GIE AGSI+ API v013
DE,2021-11-29,Germany,DE,164.0487,249.1975,65.83,905,17.09,1826,1808.9,4016.65,6864.18,-0.72,E,65.83,89.24,GIE AGSI+ API v013
DE,2021-11-30,Germany,DE,162.5705,249.1975,65.24,905,22.8,1492.8,1470,4016.65,6864.18,-0.59,E,65.24,88.52,GIE AGSI+ API v013
DE,2021-12-01,Germany,DE,161.6042,249.1975,64.85,905,92.88,1241.8,1148.9,4016.65,6864.18,-0.39,E,64.85,87.69,GIE AGSI+ API v013
DE,2021-12-02,Germany,DE,160.1345,249.1975,64.26,905,84.4,1561,1476.6,4016.65,6864.18,-0.59,E,64.26,86.79,GIE AGSI+ API v013
DE,2021-12-03,Germany,DE,158.6762,249.1975,63.67,905,70.84,1530.4,1459.6,4016.65,6864.18,-0.59,E,63.67,86.02,GIE AGSI+ API v013
DE,2021-12-04,Germany,DE,157.7408,249.1975,63.3,905,169.09,1068.9,899.8,4016.65,6864.18,-0.38,E,63.3,85.38,GIE AGSI+ API v013
DE,2021-12-05,Germany,DE,156.8368,249.1975,62.94,905,164.05,1062.9,898.8,4016.65,6864.18,-0.36,E,62.94,84.81,GIE AGSI+ API v013
DE,2021-12-06,Germany,DE,155.1616,249.1956,62.27,905,156.71,1863.9,1707.2,4016.6,6864.09,-0.67,E,62.27,84.33,GIE AGSI+ API v013
DE,2021-12-07,Germany,DE,153.6577,249.1956,61.66,905,107.44,1584.3,1476.9,4016.6,6864.09,-0.6,E,61.66,83.61,GIE AGSI+ API v013
DE,2021-12-08,Germany,DE,152.1711,249.1956,61.06,905,109.43,1563.2,1453.7,4016.6,6864.09,-0.6,E,61.06,83.05,GIE AGSI+ API v013
DE,2021-12-09,Germany,DE,150.4231,249.1956,60.36,905,75.59,1831,1755.4,4016.6,6864.09,-0.7,E,60.36,82.24,GIE AGSI+ API v013
DE,2021-12-10,Germany,DE,148.9385,249.1956,59.77,905,124.24,1586.2,1462,4016.6,6864.09,-0.6,E,59.77,81.4,GIE AGSI+ API v013
DE,2021-12-11,Germany,DE,148.0506,249.1956,59.41,905,203.94,1091,887.1,4016.6,6864.09,-0.36,E,59.41,80.7,GIE AGSI+ API v013
DE,2021-12-12,Germany,DE,147.5912,249.1956,59.23,905,226.16,626.8,400.7,4016.6,6864.09,-0.18,E,59.23,80.24,GIE AGSI+ API v013
DE,2021-12-13,Germany,DE,146.6955,249.2005,58.87,905,159.54,1072.4,912.8,4016.72,6864.33,-0.36,E,58.87,79.89,GIE AGSI+ API v013
DE,2021-12-14,Germany,DE,145.7307,249.2005,58.48,905,48.83,989.3,940.5,4016.72,6864.33,-0.39,E,58.48,79.45,GIE AGSI+ API v013
DE,2021-12-15,Germany,DE,144.9352,249.2005,58.16,905,64.13,834,769.9,4016.72,6864.33,-0.32,E,58.16,79.23,GIE AGSI+ API v013
DE,2021-12-16,Germany,DE,144.2456,249.2005,57.88,905,295.1,989.4,694.3,4016.72,6864.33,-0.28,E,57.88,78.85,GIE AGSI+ API v013
DE,2021-12-17,Germany,DE,143.2904,249.2005,57.5,905,106.65,1085.2,978.5,4016.72,6864.33,-0.38,E,57.5,78.53,GIE AGSI+ API v013
DE,2021-12-18,Germany,DE,142.737,249.2005,57.28,905,79.72,586.8,507.1,4016.72,6864.33,-0.22,E,57.28,78.18,GIE AGSI+ API v013
DE,2021-12-19,Germany,DE,142.1591,249.2005,57.05,905,89.93,665.4,575.5,4016.72,6864.33,-0.23,E,57.05,77.99,GIE AGSI+ API v013
DE,2021-12-20,Germany,DE,140.3927,249.198,56.34,905,12.59,1792.3,1779.7,4016.66,6864.21,-0.71,E,56.34,77.76,GIE AGSI+ API v013
DE,2021-12-21,Germany,DE,138.0526,249.198,55.4,905,20.97,2349,2328,4016.66,6864.21,-0.94,E,55.4,77.38,GIE AGSI+ API v013
DE,2021-12-22,Germany,DE,135.8248,249.198,54.5,905,24.65,2229,2204.4,4016.66,6864.21,-0.89,E,54.5,77.22,GIE AGSI+ API v013
DE,2021-12-23,Germany,DE,134.3072,249.198,53.9,905,96.21,1601.2,1504.9,4016.66,6864.21,-0.61,E,53.9,77.03,GIE AGSI+ API v013
DE,2021-12-24,Germany,DE,133.5835,249.198,53.61,905,365.68,1044.9,679.2,4016.66,6864.21,-0.29,E,53.61,76.86,GIE AGSI+ API v013
DE,2021-12-25,Germany,DE,133.1688,249.198,53.44,905,501.81,885.9,384.1,4016.66,6864.21,-0.17,E,53.44,76.6,GIE AGSI+ API v013
DE,2021-12-26,Germany,DE,132.6065,249.198,53.21,905,390.76,948.3,557.6,4016.66,6864.21,-0.23,E,53.21,76.27,GIE AGSI+ API v013
DE,2021-12-27,Germany,DE,132.282,249.1985,53.08,905,499.33,816.3,316.9,4016.67,6864.23,-0.13,E,53.08,75.91,GIE AGSI+ API v013
DE,2021-12-28,Germany,DE,132.0676,249.1985,53,905,615.47,818.8,203.4,4016.67,6864.23,-0.09,E,53,75.39,GIE AGSI+ API v013
DE,2021-12-29,Germany,DE,132.4561,249.1985,53.15,905,910,663.7,-246.3,4016.67,6864.23,0.16,E,53.15,74.83,GIE AGSI+ API v013
DE,2021-12-30,Germany,DE,132.9517,249.1985,53.35,905,1167.75,657.1,-510.7,4021.14,6864.23,0.2,E,53.35,74.22,GIE AGSI+ API v013
DE,2021-12-31,Germany,DE,133.9981,249.1985,53.77,905,1293.37,274.4,-1019,4016.67,6864.23,0.42,E,53.77,73.69,GIE AGSI+ API v013
DE,2022-01-01,Germany,DE,135.0393,249.2235,54.18,891.25,1204.24,321.2,-883,4016.67,6864.23,0,E,54.18,85.055,GIE AGSI+ API v013
DE,2022-01-02,Germany,DE,135.74,249.2235,54.47,891.25,1016.46,350,-666.5,4016.67,6864.23,0.28,E,54.47,84.595,GIE AGSI+ API v013
DE,2022-01-03,Germany,DE,135.9501,249.2401,54.55,891.25,735.07,598.4,-136.6,4017.08,6865.05,0.08,E,54.55,84.16,GIE AGSI+ API v013
DE,2022-01-04,Germany,DE,135.6439,249.2401,54.42,891.25,527.68,837.9,310.2,4017.08,6865.05,-0.12,E,54.42,83.62,GIE AGSI+ API v013
DE,2022-01-05,Germany,DE,134.3962,249.2401,53.92,891.25,101.4,1357.9,1256.5,4017.08,6865.05,-0.5,E,53.92,83.015,GIE AGSI+ API v013
DE,2022-01-06,Germany,DE,133.013,249.2401,53.37,891.25,50.44,1430.2,1379.8,4017.08,6865.05,-0.55,E,53.37,82.37,GIE AGSI+ API v013
DE,2022-01-07,Germany,DE,131.5951,249.2401,52.8,891.25,90.89,1490.2,1399.3,4017.08,6865.05,-0.57,E,52.8,81.595,GIE AGSI+ API v013
DE,2022-01-08,Germany,DE,130.5812,249.2401,52.39,891.25,76.39,1068.4,992,4017.08,6865.05,-0.41,E,52.39,80.805,GIE AGSI+ API v013
DE,2022-01-09,Germany,DE,129.5809,249.2401,51.99,891.25,109.26,1099.7,990.4,4017.08,6865.05,-0.4,E,51.99,80.175,GIE AGSI+ API v013
DE,2022-01-10,Germany,DE,127.2707,249.3743,51.04,891.25,61.14,2398.7,2337.6,4020.38,6871.65,-0.93,E,51.04,79.575,GIE AGSI+ API v013
DE,2022-01-11,Germany,DE,124.7762,249.4251,50.03,891.25,51.35,2532.7,2481.3,4020.38,6871.65,-1,E,50.03,78.865,GIE AGSI+ API v013
DE,2022-01-12,Germany,DE,122.4049,249.4251,49.07,891.25,38.61,2389.2,2350.6,4020.38,6871.65,-0.95,E,49.07,78.14,GIE AGSI+ API v013
DE,2022-01-13,Germany,DE,120.2449,249.4251,48.21,891.25,50.67,2207.6,2157,4020.38,6871.65,-0.87,E,48.21,77.42,GIE AGSI+ API v013
DE,2022-01-14,Germany,DE,118.0908,249.4251,47.35,891.25,40.66,2196.2,2155.5,4020.38,6871.65,-0.86,E,47.35,76.685,GIE AGSI+ API v013
DE,2022-01-15,Germany,DE,116.6933,249.4251,46.78,891.25,124.8,1520.6,1395.8,4020.38,6871.65,-0.56,E,46.78,75.865,GIE AGSI+ API v013
DE,2022-01-16,Germany,DE,115.6657,249.4251,46.37,891.25,202.87,1202.9,1000.1,4020.38,6871.65,-0.41,E,46.37,75.17,GIE AGSI+ API v013
DE,2022-01-17,Germany,DE,114.019,249.3251,45.73,891.25,110,1767.4,1657.4,4017.92,6866.73,-0.66,E,45.73,74.51,GIE AGSI+ API v013
DE,2022-01-18,Germany,DE,111.9327,249.3251,44.89,891.25,58.03,2139,2080.9,4017.92,6866.73,-0.84,E,44.89,73.785,GIE AGSI+ API v013
DE,2022-01-19,Germany,DE,110.2151,249.3251,44.21,891.25,45.18,1954.9,1909.7,4017.92,6866.73,-0.69,E,44.21,73.12,GIE AGSI+ API v013
DE,2022-01-20,Germany,DE,108.242,249.3251,43.41,891.25,39.65,2019.2,1979.5,4017.92,6866.73,-0.79,E,43.41,72.445,GIE AGSI+ API v013
DE,2022-01-21,Germany,DE,105.9773,249.3251,42.51,891.25,43.79,2288.2,2244.4,4017.92,6866.73,-0.91,E,42.51,71.86,GIE AGSI+ API v013
DE,2022-01-22,Germany,DE,104.4464,249.3251,41.89,891.25,125.51,1646.1,1520.6,4017.92,6866.73,-0.61,E,41.89,71.23,GIE AGSI+ API v013
DE,2022-01-23,Germany,DE,103.0538,249.3251,41.33,891.25,145.83,1536.2,1390.4,4017.92,6866.73,-0.56,E,41.33,70.535,GIE AGSI+ API v013
DE,2022-01-24,Germany,DE,100.761,249.3031,40.42,891.25,63.73,2349.5,2285.8,4017.38,6865.65,-0.92,E,40.42,69.845,GIE AGSI+ API v013
DE,2022-01-25,Germany,DE,98.369,249.3031,39.46,891.25,44.59,2422.9,2378.3,4017.38,6865.65,-0.96,E,39.46,69.055,GIE AGSI+ API v013
DE,2022-01-26,Germany,DE,96.289,249.3031,38.62,891.25,63.53,2180.5,2116.9,4017.38,6865.65,-0.83,E,38.62,68.35,GIE AGSI+ API v013
DE,2022-01-27,Germany,DE,94.7854,249.3031,38.02,891.25,113.49,1582,1468.5,4017.38,6865.65,-0.6,E,38.02,67.68,GIE AGSI+ API v013
DE,2022-01-28,Germany,DE,93.0908,249.3031,37.34,891.25,57.81,1747.3,1689.5,4017.38,6865.65,-0.68,E,37.34,67.045,GIE AGSI+ API v013
DE,2022-01-29,Germany,DE,92.4956,249.3031,37.1,891.25,191,782.5,591.5,4017.38,6865.65,-0.24,E,37.1,66.485,GIE AGSI+ API v013
DE,2022-01-30,Germany,DE,91.8712,249.3031,36.85,891.25,177.44,804.9,627.5,4017.38,6865.65,-0.25,E,36.85,65.92,GIE AGSI+ API v013
DE,2022-01-31,Germany,DE,90.4295,249.2909,36.27,891.25,96.78,1536,1439.2,4017.08,6865.05,-0.58,E,36.27,65.445,GIE AGSI+ API v013
DE,2022-02-01,Germany,DE,89.4666,249.2909,35.89,891.25,99.28,1097.7,998.4,4017.08,6865.05,-0.39,E,35.89,65.015,GIE AGSI+ API v013
DE,2022-02-02,Germany,DE,88.4446,249.2909,35.48,891.25,98.85,1113.2,1014.4,4017.08,6865.05,-0.41,E,35.48,64.67,GIE AGSI+ API v013
DE,2022-02-03,Germany,DE,87.698,249.2909,35.18,891.25,149.34,894,744.7,4017.08,6865.05,-0.3,E,35.18,64.345,GIE AGSI+ API v013
DE,2022-02-04,Germany,DE,87.1455,249.2909,34.96,891.25,150.84,677.3,526.5,4017.08,6865.05,-0.22,E,34.96,63.92,GIE AGSI+ API v013
DE,2022-02-05,Germany,DE,86.8718,249.2909,34.85,891.25,108.43,383.4,275,4017.08,6865.05,-0.11,E,34.85,63.45,GIE AGSI+ API v013
DE,2022-02-06,Germany,DE,86.6036,249.2909,34.74,891.25,119.71,391.7,272,4017.08,6865.05,-0.11,E,34.74,62.885,GIE AGSI+ API v013
DE,2022-02-07,Germany,DE,85.6501,249.2919,34.36,891.25,35.03,964.1,929.1,4017.1,6865.09,-0.38,E,34.36,62.365,GIE AGSI+ API v013
DE,2022-02-08,Germany,DE,84.9808,249.2919,34.09,891.25,60.89,717.3,656.4,4017.1,6865.09,-0.27,E,34.09,61.69,GIE AGSI+ API v013
DE,2022-02-09,Germany,DE,84.4088,249.2919,33.86,891.25,202.55,871.7,669.1,4017.1,6865.09,-0.23,E,33.86,61.03,GIE AGSI+ API v013
DE,2022-02-10,Germany,DE,83.2759,249.2919,33.4,891.25,191.49,1319.4,1127.9,4017.1,6865.09,-0.45,E,33.4,60.3,GIE AGSI+ API v013
DE,2022-02-11,Germany,DE,82.1784,249.2919,32.96,891.25,184.93,1306.9,1122,4017.1,6865.09,-0.44,E,32.96,59.6,GIE AGSI+ API v013
DE,2022-02-12,Germany,DE,81.4088,249.2919,32.66,891.25,215.32,942.4,727,4017.1,6865.09,-0.31,E,32.66,58.845,GIE AGSI+ API v013
DE,2022-02-13,Germany,DE,81.0026,249.2919,32.49,891.25,375.56,775.7,400.1,4017.1,6865.09,-0.16,E,32.49,58.165,GIE AGSI+ API v013
DE,2022-02-14,Germany,DE,80.4396,249.2895,32.27,891.25,313.35,893.1,579.8,4017.04,6864.97,-0.23,E,32.27,57.615,GIE AGSI+ API v013
DE,2022-02-15,Germany,DE,79.7591,249.2895,31.99,891.25,127.29,778.7,651.4,4017.04,6864.97,-0.27,E,31.99,57.105,GIE AGSI+ API v013
DE,2022-02-16,Germany,DE,79.1058,249.2895,31.73,891.25,149.8,806.1,656.3,4017.04,6864.97,-0.26,E,31.73,56.91,GIE AGSI+ API v013
DE,2022-02-17,Germany,DE,78.6081,249.2895,31.53,891.25,142.56,631.8,489.3,4017.04,6864.97,-0.2,E,31.53,56.72,GIE AGSI+ API v013
DE,2022-02-18,Germany,DE,78.0532,249.2895,31.31,891.25,87.71,642.7,555,4017.04,6864.97,-0.22,E,31.31,56.5,GIE AGSI+ API v013
DE,2022-02-19,Germany,DE,77.4313,249.2895,31.06,891.25,165.07,792.4,627.3,4017.04,6864.97,-0.25,E,31.06,56.315,GIE AGSI+ API v013
DE,2022-02-20,Germany,DE,77.0602,249.2895,30.91,891.25,218.83,589.9,371,4017.04,6864.97,-0.15,E,30.91,56.17,GIE AGSI+ API v013
DE,2022-02-21,Germany,DE,76.225,249.2895,30.58,891.25,60.92,907.1,846.1,4017.04,6864.97,-0.34,E,30.58,56.055,GIE AGSI+ API v013
DE,2022-02-22,Germany,DE,75.2673,249.2895,30.19,891.25,72.03,1021.4,949.4,4017.04,6864.97,-0.38,E,30.19,55.925,GIE AGSI+ API v013
DE,2022-02-23,Germany,DE,74.5762,249.2895,29.92,891.25,90.72,781.5,690.8,4017.04,6864.97,-0.28,E,29.92,55.855,GIE AGSI+ API v013
DE,2022-02-24,Germany,DE,74.2126,249.2895,29.77,891.25,173.03,527.2,354.2,4017.04,6864.97,-0.15,E,29.77,55.745,GIE AGSI+ API v013
DE,2022-02-25,Germany,DE,73.3547,249.2895,29.43,891.25,43.77,895.7,851.9,4048.77,6864.97,-0.34,E,29.43,55.62,GIE AGSI+ API v013
DE,2022-02-26,Germany,DE,72.7341,249.2895,29.18,891.25,135.25,764.3,629,4048.77,6864.97,-0.25,E,29.18,55.385,GIE AGSI+ API v013
DE,2022-02-27,Germany,DE,72.2538,249.2895,28.98,891.25,236.36,705.5,469.2,4048.77,6864.97,-0.19,E,28.98,55.05,GIE AGSI+ API v013
DE,2022-02-28,Germany,DE,71.1292,249.288,28.53,891.25,178.86,1289.4,1110.5,4017.01,6864.9,-0.45,E,28.53,54.71,GIE AGSI+ API v013
DE,2022-03-01,Germany,DE,69.5571,249.288,27.9,891.25,140.31,1655.4,1515.1,4025.45,6864.9,-0.63,E,27.9,54.42,GIE AGSI+ API v013
DE,2022-03-02,Germany,DE,68.241,249.288,27.37,891.25,170.87,1479.4,1308.5,4025.45,6864.9,-0.53,E,27.37,53.99,GIE AGSI+ API v013
DE,2022-03-03,Germany,DE,67.118,249.288,26.92,891.25,163.55,1245,1081.4,4025.45,6864.9,-0.45,E,26.92,53.68,GIE AGSI+ API v013
DE,2022-03-04,Germany,DE,66.0369,249.288,26.49,891.25,173.22,1245.1,1071.9,4057.18,6864.9,-0.43,E,26.49,53.375,GIE AGSI+ API v013
DE,2022-03-05,Germany,DE,65.3604,249.288,26.22,891.25,313.76,982.6,668.9,4057.18,6864.9,-0.27,E,26.22,52.99,GIE AGSI+ API v013
DE,2022-03-06,Germany,DE,64.6661,249.288,25.94,891.25,314.7,1003.6,688.9,4057.18,6864.9,-0.28,E,25.94,52.735,GIE AGSI+ API v013
DE,2022-03-07,Germany,DE,63.2014,249.288,25.35,891.25,200.36,1647.3,1447,4057.18,6864.9,-0.59,E,25.35,52.5,GIE AGSI+ API v013
DE,2022-03-08,Germany,DE,61.9827,249.288,24.86,891.25,167.63,1370.6,1203,4057.18,6864.9,-0.49,E,24.86,52.235,GIE AGSI+ API v013
DE,2022-03-09,Germany,DE,61.1885,249.288,24.55,891.25,341.73,1127.7,786,4057.18,6864.9,-0.32,E,24.55,51.88,GIE AGSI+ API v013
DE,2022-03-10,Germany,DE,61.4645,249.288,24.66,891.25,1133.68,844.9,-288.8,4057.18,6864.9,0.11,E,24.66,51.685,GIE AGSI+ API v013
DE,2022-03-11,Germany,DE,61.3973,249.288,24.63,891.25,516.91,576.2,59.3,4057.18,6864.9,-0.03,E,24.63,51.6,GIE AGSI+ API v013
DE,2022-03-12,Germany,DE,61.6831,249.288,24.74,891.25,673.4,332,-341.4,4057.18,6864.9,0.11,E,24.74,51.555,GIE AGSI+ API v013
DE,2022-03-13,Germany,DE,62.1273,249.288,24.92,891.25,784.82,316.9,-467.9,4057.18,6864.9,0.18,E,24.92,51.46,GIE AGSI+ API v013
DE,2022-03-14,Germany,DE,61.9273,249.287,24.84,891.25,331.97,553.1,221.1,4057.15,6864.85,-0.08,E,24.84,51.3,GIE AGSI+ API v013
DE,2022-03-15,Germany,DE,61.585,249.287,24.7,891.25,305.79,626.2,320.4,4057.15,6864.85,-0.14,E,24.7,51.195,GIE AGSI+ API v013
DE,2022-03-16,Germany,DE,61.4519,249.287,24.65,891.25,653.73,781.3,127.6,4057.15,6864.85,-0.05,E,24.65,51.05,GIE AGSI+ API v013
DE,2022-03-17,Germany,DE,61.2035,249.287,24.55,891.25,734.03,977.3,243.3,4057.15,6864.85,-0.1,E,24.55,50.875,GIE AGSI+ API v013
DE,2022-03-18,Germany,DE,60.978,249.287,24.46,891.25,867.63,1089,221.3,4057.15,6864.85,-0.09,E,24.46,50.675,GIE AGSI+ API v013
DE,2022-03-19,Germany,DE,61.5358,249.287,24.68,891.25,1083.66,522.8,-560.9,4057.15,6864.85,0.22,E,24.68,50.485,GIE AGSI+ API v013
DE,2022-03-20,Germany,DE,61.9608,249.287,24.86,891.25,1003.68,574.1,-429.6,4057.15,6864.85,0.17,E,24.86,50.335,GIE AGSI+ API v013
DE,2022-03-21,Germany,DE,61.8308,249.2851,24.8,891.25,751.44,879.2,127.7,4057.11,6864.76,-0.05,E,24.8,50.23,GIE AGSI+ API v013
DE,2022-03-22,Germany,DE,61.998,249.2851,24.87,891.25,727.69,530,-197.7,4057.11,6864.76,0.07,E,24.87,50.01,GIE AGSI+ API v013
DE,2022-03-23,Germany,DE,62.3111,249.2851,25,891.25,761.7,448.6,-313.1,4057.11,6864.76,0.13,E,25,49.715,GIE AGSI+ API v013
DE,2022-03-24,Germany,DE,63.269,249.2851,25.38,891.25,971.32,438.5,-532.8,4057.11,6864.76,0.38,E,25.38,49.51,GIE AGSI+ API v013
DE,2022-03-25,Germany,DE,63.6678,249.2851,25.54,891.25,1160.69,373.7,-787,4057.11,6864.76,0.16,E,25.54,49.315,GIE AGSI+ API v013
DE,2022-03-26,Germany,DE,64.7241,249.2851,25.96,891.25,1248.75,199.4,-1049.4,3925.8,6646.29,0.42,E,25.96,49.215,GIE AGSI+ API v013
DE,2022-03-27,Germany,DE,65.6294,249.2851,26.33,891.25,1181.38,283.1,-898.3,4057.11,6864.76,0.36,E,26.33,49.22,GIE AGSI+ API v013
DE,2022-03-28,Germany,DE,66.1691,249.2943,26.54,891.25,962.58,426.6,-536,4057.33,6865.21,0.22,E,26.54,49.325,GIE AGSI+ API v013
DE,2022-03-29,Germany,DE,66.7109,249.2943,26.76,891.25,887.98,345.3,-542.7,4057.33,6865.21,0.22,E,26.76,49.205,GIE AGSI+ API v013
DE,2022-03-30,Germany,DE,66.9996,249.2943,26.88,891.25,789.65,503.5,-286.2,4057.33,6865.21,0.12,E,26.88,49.255,GIE AGSI+ API v013
DE,2022-03-31,Germany,DE,66.4242,249.2943,26.64,891.25,582.63,599.2,16.6,4057.33,6865.21,-0.23,E,26.64,48.98,GIE AGSI+ API v013
DE,2022-04-01,Germany,DE,66.5326,247.0367,26.93,891.25,392.55,558.5,165.9,4046.64,6861.58,0.04,E,26.93,49.825,GIE AGSI+ API v013
DE,2022-04-02,Germany,DE,66.5353,246.6767,26.97,891.25,410.17,402,-8.2,4047.12,6873.34,0,E,26.97,49.81,GIE AGSI+ API v013
DE,2022-04-03,Germany,DE,66.4928,246.6767,26.96,891.25,440.89,476.3,35.4,4047.12,6873.34,-0.02,E,26.96,49.875,GIE AGSI+ API v013
DE,2022-04-04,Germany,DE,66.3489,246.6767,26.9,891.25,443.25,580.2,136.9,4047.12,6873.34,-0.06,E,26.9,50.015,GIE AGSI+ API v013
DE,2022-04-05,Germany,DE,66.2546,246.6767,26.86,891.25,498.73,407.9,-90.8,4047.12,6873.34,-0.04,E,26.86,50.11,GIE AGSI+ API v013
DE,2022-04-06,Germany,DE,67.0083,246.6767,27.16,891.25,921.33,165.8,-755.5,4047.12,6873.34,0.31,E,27.16,50.055,GIE AGSI+ API v013
DE,2022-04-07,Germany,DE,67.7771,246.6767,27.48,891.25,849.53,78.6,-771,4047.12,6873.34,0.31,E,27.48,49.965,GIE AGSI+ API v013
DE,2022-04-08,Germany,DE,68.4353,245.6374,27.86,891.25,824.24,163.1,-661.1,4047.12,6873.34,0.27,E,27.86,49.865,GIE AGSI+ API v013
DE,2022-04-09,Germany,DE,69.1671,245.6374,28.16,891.25,875.13,99.9,-775.2,4047.12,6873.34,0.3,E,28.16,49.89,GIE AGSI+ API v013
DE,2022-04-10,Germany,DE,69.9624,245.6374,28.48,891.25,873.32,101.1,-772.3,4047.12,6873.34,0.32,E,28.48,50.015,GIE AGSI+ API v013
DE,2022-04-11,Germany,DE,70.4176,245.6365,28.67,891.25,614.55,159.4,-455.1,4047.1,6873.3,0.19,E,28.67,50.19,GIE AGSI+ API v013
DE,2022-04-12,Germany,DE,71.1686,245.6365,28.97,891.25,874.06,122.5,-751.6,4047.1,6873.3,0.31,E,28.97,50.17,GIE AGSI+ API v013
DE,2022-04-13,Germany,DE,72.0739,245.6365,29.34,891.25,1019.14,124.6,-894.5,4047.1,6873.3,0.37,E,29.34,50.03,GIE AGSI+ API v013
DE,2022-04-14,Germany,DE,73.1114,245.6365,29.76,891.25,1104.67,60.5,-1044.2,4047.1,6873.3,0.42,E,29.76,49.78,GIE AGSI+ API v013
DE,2022-04-15,Germany,DE,74.0646,245.6365,30.15,891.25,1055.93,88.4,-967.5,4047.1,6873.3,0.39,E,30.15,49.61,GIE AGSI+ API v013
DE,2022-04-16,Germany,DE,75.2307,245.6365,30.63,891.25,1212.1,44.3,-1167.8,4047.1,6873.3,0.47,E,30.63,49.615,GIE AGSI+ API v013
DE,2022-04-17,Germany,DE,76.4412,245.6365,31.12,891.25,1279.92,54.6,-1225.3,4047.1,6873.3,0.49,E,31.12,49.68,GIE AGSI+ API v013
DE,2022-04-18,Germany,DE,77.4958,245.636,31.55,891.25,1270.12,56.2,-1213.9,4047.09,6873.27,0.43,E,31.55,49.895,GIE AGSI+ API v013
DE,2022-04-19,Germany,DE,78.4548,245.636,31.94,891.25,949.11,189.7,-759.4,4047.09,6873.27,0.39,E,31.94,50.075,GIE AGSI+ API v013
DE,2022-04-20,Germany,DE,78.9982,245.636,32.16,891.25,799.31,248.6,-550.7,4047.09,6873.27,0.22,E,32.16,50.205,GIE AGSI+ API v013
DE,2022-04-21,Germany,DE,79.6704,245.636,32.43,891.25,827.41,159.2,-668.3,4047.09,6873.27,0.27,E,32.43,50.395,GIE AGSI+ API v013
DE,2022-04-22,Germany,DE,80.4962,245.636,32.77,891.25,971.64,139,-832.7,4047.09,6873.27,0.34,E,32.77,50.535,GIE AGSI+ API v013
DE,2022-04-23,Germany,DE,81.6494,245.636,33.24,891.25,1232.83,48,-1184.8,4047.09,6873.27,0.47,E,33.24,50.655,GIE AGSI+ API v013
DE,2022-04-24,Germany,DE,82.821,245.636,33.72,891.25,1247.62,90.2,-1157.5,4047.09,6873.27,0.48,E,33.72,50.875,GIE AGSI+ API v013
DE,2022-04-25,Germany,DE,83.2049,245.6467,33.87,891.25,708.12,350.6,-357.5,4047.35,6873.8,0.16,E,33.87,51.135,GIE AGSI+ API v013
DE,2022-04-26,Germany,DE,83.4879,245.6467,33.99,891.25,644.16,361.9,-282.3,4047.35,6873.8,0.12,E,33.99,51.345,GIE AGSI+ API v013
DE,2022-04-27,Germany,DE,83.726,245.6467,34.08,891.25,519.38,289.8,-229.5,4047.35,6873.8,0.1,E,34.08,51.51,GIE AGSI+ API v013
DE,2022-04-28,Germany,DE,84.4765,245.6467,34.39,891.25,887.75,125.7,-762.1,4047.35,6873.8,0.31,E,34.39,51.645,GIE AGSI+ API v013
DE,2022-04-29,Germany,DE,85.1453,245.6467,34.66,891.25,793.63,131.7,-661.9,4047.35,6873.8,0.27,E,34.66,51.77,GIE AGSI+ API v013
DE,2022-04-30,Germany,DE,85.9281,244.2113,35.19,891.25,1128.15,52.7,-1075.4,4047.35,6873.8,0.32,E,35.19,51.865,GIE AGSI+ API v013
DE,2022-05-01,Germany,DE,87.4313,244.1803,35.81,891.25,1304.75,7.7,-1297.1,4047.35,6873.8,0.62,E,35.81,52.05,GIE AGSI+ API v013
DE,2022-05-02,Germany,DE,88.3804,244.2008,36.19,891.25,977.61,57,-920.6,4047.86,6874.81,0.39,E,36.19,52.21,GIE AGSI+ API v013
DE,2022-05-03,Germany,DE,89.3166,244.2008,36.58,891.25,1003.62,67.1,-936.5,4047.86,6874.81,0.38,E,36.58,52.29,GIE AGSI+ API v013
DE,2022-05-04,Germany,DE,90.4132,244.2008,37.02,891.25,1227.04,98.9,-1128.1,4047.86,6874.81,0.45,E,37.02,52.37,GIE AGSI+ API v013
DE,2022-05-05,Germany,DE,91.504,244.2008,37.47,891.25,1136.75,52.8,-1084,4047.86,6874.81,0.45,E,37.47,52.33,GIE AGSI+ API v013
DE,2022-05-06,Germany,DE,92.28,244.2008,37.79,891.25,1302.77,526.8,-776,4047.86,6874.81,0.32,E,37.79,52.25,GIE AGSI+ API v013
DE,2022-05-07,Germany,DE,93.5464,244.2008,38.31,891.25,1371.36,146.4,-1224.9,4047.86,6874.81,0.52,E,38.31,52.255,GIE AGSI+ API v013
DE,2022-05-08,Germany,DE,94.7483,244.2008,38.8,891.25,1365.91,164.1,-1201.8,4047.86,6874.81,0.49,E,38.8,52.53,GIE AGSI+ API v013
DE,2022-05-09,Germany,DE,95.609,244.2017,39.15,891.25,1185.82,325.2,-860.6,4047.88,6874.86,0.35,E,39.15,52.99,GIE AGSI+ API v013
DE,2022-05-10,Germany,DE,96.22,244.2017,39.4,891.25,1171.29,560.4,-610.9,4047.88,6874.86,0.25,E,39.4,53.475,GIE AGSI+ API v013
DE,2022-05-11,Germany,DE,97.0848,244.2017,39.76,891.25,1209.14,348.2,-861,4048.86,6881.35,0.35,E,39.76,53.75,GIE AGSI+ API v013
DE,2022-05-12,Germany,DE,97.6211,244.2017,39.98,891.25,978.52,445.6,-532.9,4048.86,6881.35,0.22,E,39.98,53.805,GIE AGSI+ API v013
DE,2022-05-13,Germany,DE,98.7852,243.0935,40.64,891.25,1193.21,28.4,-1164.8,4048.86,6881.35,0.48,E,40.64,53.92,GIE AGSI+ API v013
DE,2022-05-14,Germany,DE,100.2794,243.0935,41.25,891.25,1492.63,15.9,-1476.7,4050.97,6881.35,0.61,E,41.25,54.08,GIE AGSI+ API v013
DE,2022-05-15,Germany,DE,101.8886,243.0935,41.91,891.25,1627.7,18.6,-1609.1,4050.97,6881.35,0.66,E,41.91,54.26,GIE AGSI+ API v013
DE,2022-05-16,Germany,DE,102.9852,243.1136,42.36,891.25,1223.79,141.7,-1082.1,4051.46,6882.34,0.45,E,42.36,54.52,GIE AGSI+ API v013
DE,2022-05-17,Germany,DE,104.0346,243.1136,42.79,891.25,1125.56,96.4,-1029.1,4051.46,6882.34,0.43,E,42.79,54.755,GIE AGSI+ API v013
DE,2022-05-18,Germany,DE,105.1661,243.0926,43.26,891.25,1268.04,91.6,-1176.5,4051.46,6882.34,0.47,E,43.26,54.91,GIE AGSI+ API v013
DE,2022-05-19,Germany,DE,106.1964,243.0926,43.69,891.25,1017.44,53.5,-963.9,4051.46,6882.34,0.42,E,43.69,55.04,GIE AGSI+ API v013
DE,2022-05-20,Germany,DE,107.2315,243.0926,44.11,891.25,1137.46,77.6,-1059.9,4051.46,6882.34,0.43,E,44.11,55.27,GIE AGSI+ API v013
DE,2022-05-21,Germany,DE,109.0497,243.0926,44.86,891.25,1849.81,30.8,-1819,4051.46,6882.34,0.75,E,44.86,55.605,GIE AGSI+ API v013
DE,2022-05-22,Germany,DE,110.698,243.0926,45.54,891.25,1666.97,29.9,-1637.1,4051.46,6882.34,0.68,E,45.54,55.955,GIE AGSI+ API v013
DE,2022-05-23,Germany,DE,112.0657,243.1087,46.1,891.25,1389.73,26,-1363.7,4051.86,6883.13,0.56,E,46.1,56.285,GIE AGSI+ API v013
DE,2022-05-24,Germany,DE,113.0288,243.1087,46.49,891.25,1088.1,103.1,-985,4051.86,6883.13,0.4,E,46.49,56.57,GIE AGSI+ API v013
DE,2022-05-25,Germany,DE,114.16,243.1087,46.96,891.25,1153.88,137.1,-1016.8,4051.86,6883.13,0.47,E,46.96,56.75,GIE AGSI+ API v013
DE,2022-05-26,Germany,DE,115.3627,243.1087,47.45,891.25,1258.23,78.5,-1179.7,4051.86,6883.13,0.49,E,47.45,56.88,GIE AGSI+ API v013
DE,2022-05-27,Germany,DE,116.7153,243.1087,48.01,891.25,1376.22,28.3,-1347.9,4051.86,6883.13,0.56,E,48.01,56.89,GIE AGSI+ API v013
DE,2022-05-28,Germany,DE,117.901,243.1087,48.5,891.25,1223.44,42.6,-1180.9,4051.86,6883.13,0.49,E,48.5,56.935,GIE AGSI+ API v013
DE,2022-05-29,Germany,DE,119.0419,243.1087,48.97,891.25,1173.14,51.2,-1121.9,4051.86,6883.13,0.47,E,48.97,57.14,GIE AGSI+ API v013
DE,2022-05-30,Germany,DE,119.5547,243.1262,49.17,891.25,792.87,299.7,-493.2,4052.21,6883.99,0.21,E,49.17,57.48,GIE AGSI+ API v013
DE,2022-05-31,Germany,DE,119.9754,243.1262,49.35,891.25,723.84,217.7,-506.1,4052.29,6883.99,0.17,E,49.35,57.78,GIE AGSI+ API v013
DE,2022-06-01,Germany,DE,120.8351,243.1262,49.7,891.25,936.14,86.8,-849.3,4052.29,6883.99,0.35,E,49.7,58.13,GIE AGSI+ API v013
DE,2022-06-02,Germany,DE,121.8835,243.1262,50.13,891.25,1092.36,27.3,-1065.1,4052.29,6883.99,0.43,E,50.13,58.47,GIE AGSI+ API v013
DE,2022-06-03,Germany,DE,123.1733,243.1262,50.66,891.25,1273.11,21.3,-1251.8,4052.29,6883.99,0.53,E,50.66,58.78,GIE AGSI+ API v013
DE,2022-06-04,Germany,DE,124.8599,243.1262,51.36,891.25,1691.23,14.2,-1677,4020.57,6883.99,0.69,E,51.36,59.07,GIE AGSI+ API v013
DE,2022-06-05,Germany,DE,126.5183,243.1262,52.04,891.25,1664.09,17.6,-1646.4,4020.57,6883.99,0.68,E,52.04,59.38,GIE AGSI+ API v013
DE,2022-06-06,Germany,DE,128.1611,243.1438,52.71,891.25,1644.67,20.1,-1624.5,4021,6884.86,0.68,E,52.71,59.745,GIE AGSI+ API v013
DE,2022-06-07,Germany,DE,129.2283,243.1438,53.15,891.25,1125.46,67,-1058.5,4021,6884.86,0.44,E,53.15,60.01,GIE AGSI+ API v013
DE,2022-06-08,Germany,DE,129.8595,243.1438,53.41,891.25,950.19,328.9,-621.3,4014.65,6884.86,0.26,E,53.41,60.04,GIE AGSI+ API v013
DE,2022-06-09,Germany,DE,130.4405,243.1438,53.65,891.25,937.72,365.4,-572.4,4014.65,6884.86,0.24,E,53.65,60.14,GIE AGSI+ API v013
DE,2022-06-10,Germany,DE,131.3695,243.1438,54.03,891.25,1076.25,156.7,-919.5,4014.65,6884.86,0.38,E,54.03,60.26,GIE AGSI+ API v013
DE,2022-06-11,Germany,DE,132.9774,243.1438,54.69,891.25,1611.05,13.6,-1597.4,4014.65,6884.86,0.66,E,54.69,60.465,GIE AGSI+ API v013
DE,2022-06-12,Germany,DE,134.6469,243.1438,55.38,891.25,1672.88,13.4,-1659.5,4014.65,6884.86,0.69,E,55.38,60.765,GIE AGSI+ API v013
DE,2022-06-13,Germany,DE,135.4628,243.1492,55.71,891.25,923.25,35.4,-887.9,4014.79,6885.12,0.34,E,55.71,61.125,GIE AGSI+ API v013
DE,2022-06-14,Germany,DE,136.4037,243.1492,56.1,891.25,895.06,185.4,-709.7,4014.79,6885.12,0.39,E,56.1,61.46,GIE AGSI+ API v013
DE,2022-06-15,Germany,DE,137.241,243.1492,56.44,891.25,967.74,140.5,-827.2,4014.79,6885.12,0.34,E,56.44,61.65,GIE AGSI+ API v013
DE,2022-06-16,Germany,DE,138.1849,243.1492,56.83,891.25,1042.56,98.5,-944.1,4014.79,6885.12,0.39,E,56.83,61.815,GIE AGSI+ API v013
DE,2022-06-17,Germany,DE,139.1905,243.4905,57.16,891.25,1085.84,57,-1028.8,4014.79,6885.12,0.41,E,57.16,62.01,GIE AGSI+ API v013
DE,2022-06-18,Germany,DE,140.5033,243.4905,57.7,891.25,1359.61,17.3,-1342.3,4031.95,6885.12,0.54,E,57.7,62.235,GIE AGSI+ API v013
DE,2022-06-19,Germany,DE,141.7791,243.4905,58.23,891.25,1300.43,23,-1277.4,4031.95,6885.12,0.52,E,58.23,62.53,GIE AGSI+ API v013
DE,2022-06-20,Germany,DE,142.5711,243.4622,58.56,891.25,860.91,60.6,-800.3,4031.25,6883.73,0.33,E,58.56,62.875,GIE AGSI+ API v013
DE,2022-06-21,Germany,DE,143.3437,243.4622,58.88,891.25,914.55,154.1,-760.4,4029.15,6883.73,0.32,E,58.88,63.21,GIE AGSI+ API v013
DE,2022-06-22,Germany,DE,143.988,243.3522,59.17,891.25,787.02,132.9,-654.1,4029.15,6883.73,0.26,E,59.17,63.345,GIE AGSI+ API v013
DE,2022-06-23,Germany,DE,144.7443,243.3522,59.48,891.25,854.07,77.1,-776.9,4029.15,6883.73,0.31,E,59.48,63.5,GIE AGSI+ API v013
DE,2022-06-24,Germany,DE,145.3877,243.3522,59.74,891.25,831.04,96.7,-734.3,4029.15,6883.73,0.26,E,59.74,63.64,GIE AGSI+ API v013
DE,2022-06-25,Germany,DE,146.3153,243.3522,60.12,891.25,997.15,52.6,-944.6,4029.15,6883.73,0.38,E,60.12,63.815,GIE AGSI+ API v013
DE,2022-06-26,Germany,DE,147.1295,243.3522,60.46,891.25,851.33,35.9,-815.4,4029.15,6883.73,0.33,E,60.46,64.07,GIE AGSI+ API v013
DE,2022-06-27,Germany,DE,147.6182,243.3338,60.66,891.25,739.72,248.5,-491.2,4028.24,6881.4,0.2,E,60.66,64.4,GIE AGSI+ API v013
DE,2022-06-28,Germany,DE,148.0246,243.3338,60.83,891.25,726.33,306.4,-419.9,4028.24,6881.4,0.17,E,60.83,64.665,GIE AGSI+ API v013
DE,2022-06-29,Germany,DE,148.3596,243.3338,60.97,891.25,654.6,303.1,-351.5,4028.24,6881.4,0.14,E,60.97,64.88,GIE AGSI+ API v013
DE,2022-06-30,Germany,DE,148.8111,243.3338,61.16,891.25,655.21,135.2,-520,4037.7,6881.4,0.19,E,61.16,65.095,GIE AGSI+ API v013
DE,2022-07-01,Germany,DE,149.5624,243.5232,61.42,891.25,821.42,125.9,-695.5,4037.7,6881.4,0.31,E,61.42,65.315,GIE AGSI+ API v013
DE,2022-07-02,Germany,DE,150.487,243.5232,61.8,891.25,1072.27,139.3,-933,4037.7,6881.4,0.38,E,61.8,65.455,GIE AGSI+ API v013
DE,2022-07-03,Germany,DE,151.4968,243.5232,62.21,891.25,1111.58,99.3,-1012.3,4037.7,6881.4,0.41,E,62.21,65.835,GIE AGSI+ API v013
DE,2022-07-04,Germany,DE,152.2711,243.5466,62.52,891.25,874.79,91.8,-783,4038.27,6882.55,0.32,E,62.52,66.225,GIE AGSI+ API v013
DE,2022-07-05,Germany,DE,153.0061,243.5466,62.82,891.25,818.18,69.7,-748.4,4038.27,6882.55,0.3,E,62.82,66.59,GIE AGSI+ API v013
DE,2022-07-06,Germany,DE,153.6503,243.5466,63.09,891.25,864.43,207,-657.4,4038.27,6882.55,0.26,E,63.09,66.735,GIE AGSI+ API v013
DE,2022-07-07,Germany,DE,154.2703,243.5466,63.34,891.25,892.09,258.6,-633.5,4038.27,6882.55,0.25,E,63.34,66.8,GIE AGSI+ API v013
DE,2022-07-08,Germany,DE,154.8952,243.5466,63.6,891.25,786.89,150.7,-636.2,4038.27,6882.55,0.26,E,63.6,66.865,GIE AGSI+ API v013
DE,2022-07-09,Germany,DE,155.9081,243.5466,64.02,891.25,1089.4,59.2,-1030.2,4038.27,6882.55,0.42,E,64.02,66.96,GIE AGSI+ API v013
DE,2022-07-10,Germany,DE,157.0016,243.5466,64.46,891.25,1162.67,53.2,-1109.5,4038.27,6882.55,0.45,E,64.46,67.2,GIE AGSI+ API v013
DE,2022-07-11,Germany,DE,157.2084,243.5568,64.55,891.25,515.93,298.6,-217.3,4038.52,6883.06,0.08,E,64.55,67.47,GIE AGSI+ API v013
DE,2022-07-12,Germany,DE,157.063,243.5568,64.49,891.25,750.23,889.2,138.9,4038.52,6883.06,-0.06,E,64.49,67.72,GIE AGSI+ API v013
DE,2022-07-13,Germany,DE,157.0818,243.5568,64.49,891.25,676.69,645.5,-31.2,4038.52,6883.06,0.01,E,64.49,67.805,GIE AGSI+ API v013
DE,2022-07-14,Germany,DE,157.2631,243.6668,64.54,891.25,769.29,588,-181.3,4038.52,6883.06,0.07,E,64.54,67.775,GIE AGSI+ API v013
DE,2022-07-15,Germany,DE,157.3704,243.6668,64.58,891.25,774.46,658.5,-115.9,4038.52,6883.06,0.04,E,64.58,67.795,GIE AGSI+ API v013
DE,2022-07-16,Germany,DE,157.8427,243.6668,64.78,891.25,943.79,475.2,-468.6,4038.52,6883.06,0.19,E,64.78,67.84,GIE AGSI+ API v013
DE,2022-07-17,Germany,DE,158.449,243.6668,65.03,891.25,971.54,362,-609.5,4038.52,6883.06,0.25,E,65.03,67.885,GIE AGSI+ API v013
DE,2022-07-18,Germany,DE,158.4361,243.6717,65.02,891.25,684.42,705.6,21.2,4038.64,6883.3,-0.01,E,65.02,67.955,GIE AGSI+ API v013
DE,2022-07-19,Germany,DE,158.5677,243.6717,65.07,891.25,795.62,663.7,-131.9,4038.64,6883.3,0.05,E,65.07,68.005,GIE AGSI+ API v013
DE,2022-07-20,Germany,DE,158.8623,243.6717,65.2,891.25,914.12,621.2,-292.9,4038.64,6883.3,0.12,E,65.2,67.985,GIE AGSI+ API v013
DE,2022-07-21,Germany,DE,159.0731,243.6717,65.28,891.25,762,558.4,-203.6,4038.64,6883.3,0.09,E,65.28,67.895,GIE AGSI+ API v013
DE,2022-07-22,Germany,DE,159.5808,243.6717,65.49,891.25,837.85,340.3,-497.6,4021.48,6883.3,0.21,E,65.49,67.74,GIE AGSI+ API v013
DE,2022-07-23,Germany,DE,160.4924,243.6717,65.86,891.25,1000.38,102.6,-897.8,4021.48,6883.3,0.37,E,65.86,67.81,GIE AGSI+ API v013
DE,2022-07-24,Germany,DE,161.6264,243.6717,66.33,891.25,1147.88,26.4,-1121.5,4021.48,6883.3,0.47,E,66.33,67.965,GIE AGSI+ API v013
DE,2022-07-25,Germany,DE,162.6168,243.6854,66.73,891.25,1032.47,52,-980.5,4013.3,6883.97,0.41,E,66.73,68.1,GIE AGSI+ API v013
DE,2022-07-26,Germany,DE,163.5893,243.6854,67.13,891.25,1029.58,69.1,-960.5,4013.03,6883.97,0.4,E,67.13,68.37,GIE AGSI+ API v013
DE,2022-07-27,Germany,DE,164.3193,243.6854,67.43,891.25,951.04,230.1,-721,4013.03,6883.97,0.3,E,67.43,68.59,GIE AGSI+ API v013
DE,2022-07-28,Germany,DE,165.1445,243.6854,67.77,891.25,922.57,102.5,-820,4013.03,6883.97,0.34,E,67.77,68.825,GIE AGSI+ API v013
DE,2022-07-29,Germany,DE,165.9531,243.6854,68.1,891.25,905.7,106.5,-799.2,4013.03,6883.97,0.33,E,68.1,69.06,GIE AGSI+ API v013
DE,2022-07-30,Germany,DE,166.9994,243.6854,68.53,891.25,1085.9,52.3,-1033.6,4030.19,6883.97,0.43,E,68.53,69.235,GIE AGSI+ API v013
DE,2022-07-31,Germany,DE,168.2027,243.6854,69.02,891.25,1264.04,22.8,-1241.2,4030.19,6883.97,0.49,E,69.02,69.45,GIE AGSI+ API v013
DE,2022-08-01,Germany,DE,169.153,243.6788,69.42,891.25,1080.54,108.3,-972.2,4030.32,6884.23,0.39,E,69.42,69.755,GIE AGSI+ API v013
DE,2022-08-02,Germany,DE,170.3644,243.6778,69.91,891.25,1246.77,42.8,-1204,4030.32,6884.23,0.5,E,69.91,70.045,GIE AGSI+ API v013
DE,2022-08-03,Germany,DE,171.5055,243.6778,70.38,891.25,1204.67,58.2,-1146.5,4030.32,6884.23,0.47,E,70.38,70.235,GIE AGSI+ API v013
DE,2022-08-04,Germany,DE,172.5281,243.5878,70.83,891.25,1133.2,100,-1033.2,4030.32,6884.23,0.42,E,70.83,70.43,GIE AGSI+ API v013
DE,2022-08-05,Germany,DE,173.7554,243.5878,71.33,891.25,1420.68,180.7,-1240,4030.32,6884.23,0.5,E,71.33,70.655,GIE AGSI+ API v013
DE,2022-08-06,Germany,DE,175.3546,243.5878,71.99,891.25,1635.34,29.1,-1606.2,4030.32,6884.23,0.66,E,71.99,70.94,GIE AGSI+ API v013
DE,2022-08-07,Germany,DE,176.9472,243.5878,72.64,891.25,1640.04,35.7,-1604.3,4030.32,6884.23,0.65,E,72.64,71.2,GIE AGSI+ API v013
DE,2022-08-08,Germany,DE,178.2591,243.5883,73.18,891.25,1439.75,123.9,-1315.9,4030.34,6884.26,0.54,E,73.18,71.5,GIE AGSI+ API v013
DE,2022-08-09,Germany,DE,179.6708,243.5883,73.76,891.25,1495.36,72.2,-1423.1,4030.34,6884.26,0.58,E,73.76,71.745,GIE AGSI+ API v013
DE,2022-08-10,Germany,DE,181.193,243.5596,74.39,891.25,1560.14,56.5,-1503.7,4030.34,6884.26,0.62,E,74.39,71.935,GIE AGSI+ API v013
DE,2022-08-11,Germany,DE,182.5045,243.5596,74.93,891.25,1438.23,122,-1316.2,4030.34,6884.26,0.54,E,74.93,72.1,GIE AGSI+ API v013
DE,2022-08-12,Germany,DE,183.8896,243.7972,75.43,891.25,1483.67,82.8,-1400.9,4030.34,6884.26,0.57,E,75.43,72.245,GIE AGSI+ API v013
DE,2022-08-13,Germany,DE,185.5633,243.7972,76.11,891.25,1695.51,10.7,-1684.8,4030.34,6884.26,0.69,E,76.11,72.475,GIE AGSI+ API v013
DE,2022-08-14,Germany,DE,187.2277,243.7972,76.8,891.25,1704.12,14.2,-1689.9,4030.34,6884.26,0.68,E,76.8,72.74,GIE AGSI+ API v013
DE,2022-08-15,Germany,DE,188.6643,244.0399,77.31,891.25,1480.78,33.1,-1447.6,4031.98,6887.55,0.59,E,77.31,73.01,GIE AGSI+ API v013
DE,2022-08-16,Germany,DE,189.8245,244.0399,77.78,891.25,1281.3,114.1,-1167.2,4031.98,6887.55,0.48,E,77.78,73.265,GIE AGSI+ API v013
DE,2022-08-17,Germany,DE,190.8131,244.0399,78.19,891.25,1253.33,253.7,-999.6,4031.98,6887.55,0.41,E,78.19,73.43,GIE AGSI+ API v013
DE,2022-08-18,Germany,DE,191.9972,244.7378,78.45,891.25,1401.05,205.7,-1195.4,4031.98,6887.55,0.48,E,78.45,73.585,GIE AGSI+ API v013
DE,2022-08-19,Germany,DE,193.1181,244.7378,78.91,891.25,1236.45,105,-1131.4,4031.98,6887.55,0.46,E,78.91,73.735,GIE AGSI+ API v013
DE,2022-08-20,Germany,DE,194.6458,244.7378,79.53,891.25,1595.43,59.5,-1535.9,4031.98,6887.55,0.62,E,79.53,73.935,GIE AGSI+ API v013
DE,2022-08-21,Germany,DE,196.1198,244.7378,80.13,891.25,1551.7,68.5,-1483.2,4031.98,6887.55,0.6,E,80.13,74.21,GIE AGSI+ API v013
DE,2022-08-22,Germany,DE,197.3751,244.7383,80.65,891.25,1328.14,82.1,-1246.1,4031.99,6887.57,0.51,E,80.65,74.53,GIE AGSI+ API v013
DE,2022-08-23,Germany,DE,198.4628,244.7894,81.07,891.25,1159.2,80.5,-1078.7,4032.56,6887.57,0.44,E,81.07,74.835,GIE AGSI+ API v013
DE,2022-08-24,Germany,DE,199.4655,245.397,81.28,891.25,1119.32,121.1,-998.2,4032.56,6887.57,0.41,E,81.28,75.035,GIE AGSI+ API v013
DE,2022-08-25,Germany,DE,200.69,245.397,81.78,891.25,1292.59,81.7,-1210.9,4032.56,6887.57,0.5,E,81.78,75.25,GIE AGSI+ API v013
DE,2022-08-26,Germany,DE,201.7372,245.397,82.21,891.25,1110.33,62.1,-1048.2,4032.56,6887.57,0.43,E,82.21,75.505,GIE AGSI+ API v013
DE,2022-08-27,Germany,DE,203.0734,245.397,82.75,891.25,1354.23,18.1,-1336.1,4015.4,6887.57,0.54,E,82.75,75.735,GIE AGSI+ API v013
DE,2022-08-28,Germany,DE,204.3458,245.397,83.27,891.25,1300.77,23,-1277.7,4015.4,6887.57,0.52,E,83.27,75.905,GIE AGSI+ API v013
DE,2022-08-29,Germany,DE,205.3014,245.3675,83.67,891.25,1022.05,68.7,-953.3,4016.32,6888.53,0.39,E,83.67,76.125,GIE AGSI+ API v013
DE,2022-08-30,Germany,DE,206.198,245.3675,84.04,891.25,1044.39,155.6,-888.7,4016.32,6888.53,0.37,E,84.04,76.345,GIE AGSI+ API v013
DE,2022-08-31,Germany,DE,206.7632,245.3675,84.27,891.25,964.79,357.6,-607.2,4016.32,6888.53,0.23,E,84.27,76.455,GIE AGSI+ API v013
DE,2022-09-01,Germany,DE,207.5135,245.4675,84.54,891.25,909.87,329.9,-580,4016.32,6888.53,0.31,E,84.54,76.56,GIE AGSI+ API v013
DE,2022-09-02,Germany,DE,208.7187,245.4675,85.03,891.25,1236.26,38.7,-1197.6,4016.32,6888.53,0.49,E,85.03,76.685,GIE AGSI+ API v013
DE,2022-09-03,Germany,DE,210.0365,245.4675,85.57,891.25,1333.23,20.8,-1312.5,4016.32,6888.53,0.54,E,85.57,76.84,GIE AGSI+ API v013
DE,2022-09-04,Germany,DE,211.3824,245.4675,86.11,891.25,1350.02,20.4,-1329.6,4016.32,6888.53,0.55,E,86.11,77.04,GIE AGSI+ API v013
DE,2022-09-05,Germany,DE,212.3688,245.474,86.51,891.25,1074,94.1,-979.9,4016.46,6888.82,0.4,E,86.51,77.305,GIE AGSI+ API v013
DE,2022-09-06,Germany,DE,213.2099,245.474,86.86,891.25,988.15,157,-831.1,4016.46,6888.82,0.34,E,86.86,77.505,GIE AGSI+ API v013
DE,2022-09-07,Germany,DE,213.4725,245.474,86.96,891.25,654.83,408.7,-246.2,4016.46,6888.82,0.11,E,86.96,77.625,GIE AGSI+ API v013
DE,2022-09-08,Germany,DE,214.1617,245.474,87.24,891.25,777.46,98.3,-679.2,4016.46,6888.82,0.28,E,87.24,77.8,GIE AGSI+ API v013
DE,2022-09-09,Germany,DE,214.968,245.474,87.57,891.25,808.01,40.2,-767.8,4016.46,6888.82,0.33,E,87.57,78,GIE AGSI+ API v013
DE,2022-09-10,Germany,DE,215.9161,245.474,87.96,891.25,952.2,17.5,-934.7,4016.46,6888.82,0.39,E,87.96,78.13,GIE AGSI+ API v013
DE,2022-09-11,Germany,DE,216.8346,245.474,88.33,891.25,949.52,44.3,-905.2,4016.46,6888.82,0.37,E,88.33,78.335,GIE AGSI+ API v013
DE,2022-09-12,Germany,DE,217.2327,245.474,88.5,891.25,460.6,73,-387.6,4016.46,6888.82,0.16,E,88.5,78.605,GIE AGSI+ API v013
DE,2022-09-13,Germany,DE,217.6308,245.2713,88.73,891.25,483.64,87.9,-395.8,4011.96,6879.82,0.16,E,88.73,78.815,GIE AGSI+ API v013
DE,2022-09-14,Germany,DE,217.9985,245.2713,88.88,891.25,446.56,96.3,-350.2,4011.96,6879.82,0.15,E,88.88,78.93,GIE AGSI+ API v013
DE,2022-09-15,Germany,DE,218.5197,245.2713,89.09,891.25,521.65,13.2,-508.5,4011.96,6879.82,0.21,E,89.09,79.04,GIE AGSI+ API v013
DE,2022-09-16,Germany,DE,219.264,245.2713,89.4,891.25,765.31,25.8,-739.5,4011.96,6879.82,0.3,E,89.4,79.125,GIE AGSI+ API v013
DE,2022-09-17,Germany,DE,220.1675,245.2713,89.76,891.25,908.01,10.6,-897.4,4011.96,6879.82,0.37,E,89.76,79.245,GIE AGSI+ API v013
DE,2022-09-18,Germany,DE,220.9553,245.2713,90.09,891.25,812.36,23.9,-788.5,4011.96,6879.82,0.32,E,90.09,79.445,GIE AGSI+ API v013
DE,2022-09-19,Germany,DE,221.5249,245.2713,90.32,891.25,605.17,42.3,-562.8,4011.96,6879.82,0.23,E,90.32,79.69,GIE AGSI+ API v013
DE,2022-09-20,Germany,DE,221.8195,245.2713,90.44,891.25,328.17,38.8,-289.3,4011.96,6879.82,0.12,E,90.44,79.835,GIE AGSI+ API v013
DE,2022-09-21,Germany,DE,222.1263,245.2744,90.56,891.25,372.92,72.8,-300.1,4011.96,6879.82,0.13,E,90.56,79.935,GIE AGSI+ API v013
DE,2022-09-22,Germany,DE,222.4861,245.3918,90.67,891.25,421.96,63.7,-358.2,4011.96,6879.82,0.15,E,90.67,80.02,GIE AGSI+ API v013
DE,2022-09-23,Germany,DE,222.8436,245.4006,90.81,891.25,404.74,41,-363.8,4011.96,6879.82,0.15,E,90.81,80.165,GIE AGSI+ API v013
DE,2022-09-24,Germany,DE,223.4604,245.4022,91.06,891.25,705.78,55.7,-650.1,4011.96,6879.82,0.25,E,91.06,80.38,GIE AGSI+ API v013
DE,2022-09-25,Germany,DE,224.1891,245.4022,91.36,891.25,800.07,55.6,-744.5,4011.96,6879.82,0.3,E,91.36,80.68,GIE AGSI+ API v013
DE,2022-09-26,Germany,DE,224.4621,245.4022,91.47,891.25,450.16,151,-299.1,4011.96,6879.82,0.11,E,91.47,80.965,GIE AGSI+ API v013
DE,2022-09-27,Germany,DE,224.6412,245.4103,91.54,891.25,375.61,196.5,-179.1,4029.12,6879.82,0.07,E,91.54,81.155,GIE AGSI+ API v013
DE,2022-09-28,Germany,DE,224.7756,246.1405,91.32,891.25,510.03,381.2,-128.8,4029.12,6879.82,0.05,E,91.32,81.23,GIE AGSI+ API v013
DE,2022-09-29,Germany,DE,224.9656,246.1405,91.4,891.25,473.45,280.7,-192.7,4029.12,6879.82,0.08,E,91.4,81.37,GIE AGSI+ API v013
DE,2022-09-30,Germany,DE,225.2683,246.1405,91.52,891.25,471.68,106.6,-365,4029.12,6879.82,0.12,E,91.52,81.395,GIE AGSI+ API v013
DE,2022-10-01,Germany,DE,226.0237,246.1405,91.83,891.25,802.19,29.4,-772.8,4029.12,6879.82,0.31,E,91.83,81.56,GIE AGSI+ API v013
DE,2022-10-02,Germany,DE,226.9994,246.1405,92.22,891.25,947.99,3.7,-944.3,4029.12,6879.82,0.4,E,92.22,81.81,GIE AGSI+ API v013
DE,2022-10-03,Germany,DE,227.9614,246.1405,92.61,891.25,873.66,4,-869.7,4029.12,6879.82,0.39,E,92.61,82.2,GIE AGSI+ API v013
DE,2022-10-04,Germany,DE,228.4958,246.1405,92.83,891.25,614.21,74.9,-539.3,4029.12,6879.82,0.22,E,92.83,82.435,GIE AGSI+ API v013
DE,2022-10-05,Germany,DE,229.1729,246.1405,93.11,891.25,711.54,25.1,-686.4,4029.12,6879.82,0.28,E,93.11,82.69,GIE AGSI+ API v013
DE,2022-10-06,Germany,DE,229.8419,246.1405,93.38,891.25,771.06,90.6,-680.5,4269.12,6879.82,0.27,E,93.38,82.79,GIE AGSI+ API v013
DE,2022-10-07,Germany,DE,230.5889,246.1465,93.68,891.25,1119.12,81.2,-1037.9,4269.12,6879.82,0.3,E,93.68,82.785,GIE AGSI+ API v013
DE,2022-10-08,Germany,DE,231.6548,246.1466,94.11,891.25,1135.67,54.3,-1081.3,4269.12,6879.82,0.43,E,94.11,82.9,GIE AGSI+ API v013
DE,2022-10-09,Germany,DE,232.5405,246.1466,94.47,891.25,919.6,35.7,-883.9,4269.12,6879.82,0.36,E,94.47,83.085,GIE AGSI+ API v013
DE,2022-10-10,Germany,DE,233.1178,246.1466,94.71,891.25,724.75,160.1,-564.7,4269.12,6879.82,0.23,E,94.71,83.245,GIE AGSI+ API v013
DE,2022-10-11,Germany,DE,233.512,246.1466,94.87,891.25,761.57,78.8,-682.8,4269.12,6879.82,0.16,E,94.87,83.27,GIE AGSI+ API v013
DE,2022-10-12,Germany,DE,233.9178,246.1466,95.03,891.25,613.9,203.8,-410.1,4269.12,6879.82,0.16,E,95.03,83.38,GIE AGSI+ API v013
DE,2022-10-13,Germany,DE,234.2228,246.2466,95.12,891.25,577.8,272,-305.8,4269.12,6879.82,0.12,E,95.12,83.275,GIE AGSI+ API v013
DE,2022-10-14,Germany,DE,234.7064,246.2466,95.31,891.25,627.17,116.8,-510.4,4269.12,6879.82,0.2,E,95.31,83.29,GIE AGSI+ API v013
DE,2022-10-15,Germany,DE,235.5644,246.2466,95.66,891.25,899.29,16.9,-882.4,4269.12,6879.82,0.35,E,95.66,83.285,GIE AGSI+ API v013
DE,2022-10-16,Germany,DE,236.5504,246.2466,96.06,891.25,1015.52,28.6,-986.9,4269.12,6879.82,0.4,E,96.06,83.3,GIE AGSI+ API v013
DE,2022-10-17,Germany,DE,237.1716,246.2466,96.31,891.25,697.46,118.2,-579.2,4269.25,6879.82,0.25,E,96.31,83.325,GIE AGSI+ API v013
DE,2022-10-18,Germany,DE,237.6688,246.2466,96.52,891.25,587.73,89.5,-498.3,4269.25,6879.82,0.2,E,96.52,83.35,GIE AGSI+ API v013
DE,2022-10-19,Germany,DE,237.8189,246.3136,96.55,891.25,436.12,283,-153.1,4269.25,6879.82,0.06,E,96.55,83.37,GIE AGSI+ API v013
DE,2022-10-20,Germany,DE,237.9935,245.8977,96.79,891.25,478.37,302.5,-175.9,4269.25,6879.82,0.07,E,96.79,83.455,GIE AGSI+ API v013
DE,2022-10-21,Germany,DE,238.1863,245.8977,96.86,891.25,477.61,291,-186.6,4269.25,6879.82,0.08,E,96.86,83.41,GIE AGSI+ API v013
DE,2022-10-22,Germany,DE,239.0268,245.8977,97.21,891.25,913.33,43.1,-870.3,4269.25,6879.82,0.34,E,97.21,83.415,GIE AGSI+ API v013
DE,2022-10-23,Germany,DE,239.8894,245.8989,97.56,891.25,970.86,79.5,-891.4,4269.25,6879.82,0.35,E,97.56,83.375,GIE AGSI+ API v013
DE,2022-10-24,Germany,DE,240.3763,245.8989,97.75,891.25,545.68,88.2,-457.5,4269.25,6879.82,0.2,E,97.75,83.415,GIE AGSI+ API v013
DE,2022-10-25,Germany,DE,240.474,245.8989,97.79,891.25,480.49,387.7,-92.8,4269.25,6879.82,0.04,E,97.79,83.385,GIE AGSI+ API v013
DE,2022-10-26,Germany,DE,240.6348,245.9289,97.85,891.25,454.91,293.2,-161.7,4269.25,6879.82,0.07,E,97.85,83.32,GIE AGSI+ API v013
DE,2022-10-27,Germany,DE,240.982,245.9289,97.99,891.25,567.15,215.9,-351.2,4269.25,6879.82,0.14,E,97.99,83.38,GIE AGSI+ API v013
DE,2022-10-28,Germany,DE,241.5334,245.9289,98.21,891.25,659.06,93,-566.1,4270.71,6881.93,0.22,E,98.21,83.315,GIE AGSI+ API v013
DE,2022-10-29,Germany,DE,242.3701,245.9289,98.55,891.25,908.6,67.2,-841.4,4344.45,7016.88,0.34,E,98.55,83.26,GIE AGSI+ API v013
DE,2022-10-30,Germany,DE,243.077,245.9289,98.84,891.25,800.36,93.1,-707.3,4269.25,6879.82,0.29,E,98.84,83.33,GIE AGSI+ API v013
DE,2022-10-31,Germany,DE,243.3064,245.9289,98.93,891.25,475.85,236.6,-239.2,4269.25,6879.82,0.09,E,98.93,83.44,GIE AGSI+ API v013
DE,2022-11-01,Germany,DE,243.9925,245.9239,99.21,891.25,752.17,40.6,-711.5,4254.77,6879.82,0.28,E,99.21,83.595,GIE AGSI+ API v013
DE,2022-11-02,Germany,DE,244.2506,245.9239,99.32,891.25,422.98,63.8,-359.2,4254.77,6879.82,0.1,E,99.32,83.56,GIE AGSI+ API v013
DE,2022-11-03,Germany,DE,244.1659,245.9239,99.29,891.25,278.96,356.2,77.2,4254.77,6879.82,-0.03,E,99.29,83.4,GIE AGSI+ API v013
DE,2022-11-04,Germany,DE,244.1537,245.9239,99.28,891.25,271.22,272.1,0.9,4254.77,6879.82,-0,E,99.28,83.18,GIE AGSI+ API v013
DE,2022-11-05,Germany,DE,244.4815,245.9589,99.4,891.25,436.55,77.5,-359.1,4254.77,6879.82,0.13,E,99.4,82.97,GIE AGSI+ API v013
DE,2022-11-06,Germany,DE,244.8666,245.9589,99.56,891.25,464.04,79,-385.1,4254.77,6879.82,0.16,E,99.56,82.95,GIE AGSI+ API v013
DE,2022-11-07,Germany,DE,244.894,245.9589,99.57,891.25,242.29,211.3,-31,4254.77,6879.82,0.01,E,99.57,82.97,GIE AGSI+ API v013
DE,2022-11-08,Germany,DE,245.0023,246.0249,99.58,891.25,284.89,173.4,-111.5,4254.77,6879.82,0.04,E,99.58,82.825,GIE AGSI+ API v013
DE,2022-11-09,Germany,DE,245.1347,246.0249,99.64,891.25,280.76,142.6,-138.1,4254.77,6879.82,0.05,E,99.64,82.67,GIE AGSI+ API v013
DE,2022-11-10,Germany,DE,245.3956,246.0258,99.74,891.25,322.01,55.3,-266.7,4254.77,6879.82,0.11,E,99.74,82.37,GIE AGSI+ API v013
DE,2022-11-11,Germany,DE,245.4612,246.0258,99.77,891.25,183.12,110.2,-72.9,4254.77,6879.82,0.03,E,99.77,82.13,GIE AGSI+ API v013
DE,2022-11-12,Germany,DE,245.8462,246.0819,99.9,891.25,409.91,14.5,-395.4,4254.77,6879.82,0.16,E,99.9,81.895,GIE AGSI+ API v013
DE,2022-11-13,Germany,DE,246.1767,246.0819,100.04,891.25,359.51,22.7,-336.9,4254.77,6879.82,0.13,E,100.04,81.85,GIE AGSI+ API v013
DE,2022-11-14,Germany,DE,246.0047,246.0819,99.97,891.25,89.59,261.4,171.8,4254.77,6879.82,-0.07,E,99.97,81.91,GIE AGSI+ API v013
DE,2022-11-15,Germany,DE,245.9879,246.0966,99.96,891.25,151.16,159.2,8,4254.77,6879.82,-0.01,E,99.96,81.845,GIE AGSI+ API v013
DE,2022-11-16,Germany,DE,246.0869,246.0966,100,891.25,203.18,97.4,-105.7,4254.77,6879.82,0.04,E,100,81.665,GIE AGSI+ API v013
DE,2022-11-17,Germany,DE,246.1018,246.3106,99.92,891.25,78.57,57.9,-20.7,4254.77,6879.82,0.01,E,99.92,81.545,GIE AGSI+ API v013
DE,2022-11-18,Germany,DE,245.8528,246.3106,99.81,891.25,49.89,288.8,238.9,4254.77,6879.82,-0.1,E,99.81,81.505,GIE AGSI+ API v013
DE,2022-11-19,Germany,DE,245.5575,246.3106,99.69,891.25,41.9,326.2,284.3,4254.77,6879.82,-0.12,E,99.69,81.55,GIE AGSI+ API v013
DE,2022-11-20,Germany,DE,245.25,246.3306,99.56,891.25,47.88,334.8,286.9,4254.77,6879.82,-0.12,E,99.56,81.465,GIE AGSI+ API v013
DE,2022-11-21,Germany,DE,244.814,246.3306,99.38,891.25,59.17,611.3,552.1,4014.77,6879.82,-0.18,E,99.38,81.425,GIE AGSI+ API v013
DE,2022-11-22,Germany,DE,244.5175,246.3306,99.26,891.25,80.06,370.5,290.4,4014.77,6879.82,-0.12,E,99.26,81.195,GIE AGSI+ API v013
DE,2022-11-23,Germany,DE,244.1421,246.7278,98.95,891.25,93.53,456.3,362.8,4014.77,6879.82,-0.15,E,98.95,80.79,GIE AGSI+ API v013
DE,2022-11-24,Germany,DE,243.8681,246.821,98.8,891.25,45.95,311.5,265.6,4014.77,6879.82,-0.11,E,98.8,80.325,GIE AGSI+ API v013
DE,2022-11-25,Germany,DE,243.7223,246.821,98.74,891.25,127.62,266.9,139.3,4014.77,6879.82,-0.06,E,98.74,79.76,GIE AGSI+ API v013
DE,2022-11-26,Germany,DE,243.9305,246.821,98.83,891.25,258,45.1,-212.9,4014.77,6879.82,0.08,E,98.83,79.165,GIE AGSI+ API v013
DE,2022-11-27,Germany,DE,244.0585,246.821,98.88,891.25,189.88,52.8,-137.1,4014.77,6879.82,0.05,E,98.88,78.645,GIE AGSI+ API v013
DE,2022-11-28,Germany,DE,243.3509,246.821,98.59,891.25,21.74,732.8,711,4014.77,6879.82,-0.29,E,98.59,78.18,GIE AGSI+ API v013
DE,2022-11-29,Germany,DE,242.4652,246.821,98.24,891.25,30.05,898.9,868.8,4014.77,6879.82,-0.36,E,98.24,77.535,GIE AGSI+ API v013
DE,2022-11-30,Germany,DE,241.873,246.821,98,891.25,91.64,673.6,581.9,4014.77,6879.82,-0.24,E,98,76.88,GIE AGSI+ API v013
DE,2022-12-01,Germany,DE,240.9422,246.821,97.62,891.25,48.17,965.6,917.5,4014.77,6879.82,-0.38,E,97.62,76.27,GIE AGSI+ API v013
DE,2022-12-02,Germany,DE,239.8284,246.821,97.17,891.25,18.11,1122.6,1104.5,4254.77,6879.82,-0.45,E,97.17,75.525,GIE AGSI+ API v013
DE,2022-12-03,Germany,DE,239.3261,246.821,96.96,891.25,49.54,545.1,495.6,4254.77,6879.82,-0.2,E,96.96,74.845,GIE AGSI+ API v013
DE,2022-12-04,Germany,DE,238.8032,246.821,96.75,891.25,69.1,572.1,503,4254.77,6879.82,-0.21,E,96.75,74.34,GIE AGSI+ API v013
DE,2022-12-05,Germany,DE,237.8959,246.821,96.38,891.25,47.8,935.1,887.3,4014.77,6879.82,-0.37,E,96.38,73.875,GIE AGSI+ API v013
DE,2022-12-06,Germany,DE,236.8224,246.821,95.95,891.25,18.32,1112.7,1094.4,4014.77,6879.82,-0.43,E,95.95,73.3,GIE AGSI+ API v013
DE,2022-12-07,Germany,DE,235.7535,246.821,95.52,891.25,66.84,1099.6,1032.8,4014.77,6879.82,-0.43,E,95.52,72.635,GIE AGSI+ API v013
DE,2022-12-08,Germany,DE,234.5468,246.821,95.03,891.25,30.79,1221.1,1190.4,4014.77,6879.82,-0.49,E,95.03,72.055,GIE AGSI+ API v013
DE,2022-12-09,Germany,DE,233.2124,246.821,94.49,891.25,38.39,1333.6,1295.2,4014.77,6879.82,-0.54,E,94.49,71.3,GIE AGSI+ API v013
DE,2022-12-10,Germany,DE,232.0021,246.821,94,891.25,38,1237.1,1199.1,4014.77,6879.82,-0.49,E,94,70.585,GIE AGSI+ API v013
DE,2022-12-11,Germany,DE,230.6965,246.821,93.47,891.25,29.01,1318.1,1289.1,4014.77,6879.82,-0.53,E,93.47,70.055,GIE AGSI+ API v013
DE,2022-12-12,Germany,DE,228.1141,246.821,92.42,891.25,19.93,2583.5,2563.5,4014.77,6879.82,-1.05,E,92.42,69.735,GIE AGSI+ API v013
DE,2022-12-13,Germany,DE,225.1903,246.821,91.24,891.25,29.97,2815.6,2785.6,4014.77,6951.82,-1.18,E,91.24,69.38,GIE AGSI+ API v013
DE,2022-12-14,Germany,DE,222.6382,246.821,90.2,891.25,23.7,2520.8,2497.1,4014.77,6879.82,-1.03,E,90.2,68.965,GIE AGSI+ API v013
DE,2022-12-15,Germany,DE,220.1245,246.821,89.18,891.25,25.18,2520.6,2495.4,4014.77,6879.82,-1.02,E,89.18,68.695,GIE AGSI+ API v013
DE,2022-12-16,Germany,DE,218.1419,246.821,88.38,891.25,35.89,1999.6,1963.8,4014.77,6879.82,-0.8,E,88.38,68.365,GIE AGSI+ API v013
DE,2022-12-17,Germany,DE,217.0151,246.821,87.92,891.25,89.79,1200.6,1110.8,4014.77,6879.82,-0.46,E,87.92,68.015,GIE AGSI+ API v013
DE,2022-12-18,Germany,DE,216.1712,246.821,87.58,891.25,167.33,992.8,825.4,4014.77,6879.82,-0.34,E,87.58,67.73,GIE AGSI+ API v013
DE,2022-12-19,Germany,DE,215.3947,246.821,87.27,891.25,107.1,865.5,758.4,4014.77,6879.82,-0.31,E,87.27,67.52,GIE AGSI+ API v013
DE,2022-12-20,Germany,DE,215.1198,246.821,87.16,891.25,181.71,424.3,242.6,4014.77,6879.82,-0.11,E,87.16,67.05,GIE AGSI+ API v013
DE,2022-12-21,Germany,DE,215.3738,246.821,87.26,891.25,533.73,263.2,-270.5,4014.77,6879.82,0.1,E,87.26,66.39,GIE AGSI+ API v013
DE,2022-12-22,Germany,DE,215.6934,246.821,87.39,891.25,573.14,249.2,-323.9,4014.77,6879.82,0.13,E,87.39,65.86,GIE AGSI+ API v013
DE,2022-12-23,Germany,DE,216.0808,246.821,87.55,891.25,614.14,235.2,-378.9,4254.77,6879.82,0.16,E,87.55,65.465,GIE AGSI+ API v013
DE,2022-12-24,Germany,DE,216.6888,246.821,87.79,891.25,946.97,45.3,-901.6,4254.77,6879.82,0.25,E,87.79,65.235,GIE AGSI+ API v013
DE,2022-12-25,Germany,DE,217.6148,246.821,88.17,891.25,966.54,44.3,-922.2,4254.77,6879.82,0.38,E,88.17,65.02,GIE AGSI+ API v013
DE,2022-12-26,Germany,DE,218.6323,246.821,88.58,891.25,1047.04,33.8,-1013.2,4254.77,6879.82,0.41,E,88.58,64.74,GIE AGSI+ API v013
DE,2022-12-27,Germany,DE,219.1666,246.821,88.8,891.25,718.6,183.6,-535,4254.77,6879.82,0.22,E,88.8,64.495,GIE AGSI+ API v013
DE,2022-12-28,Germany,DE,219.7236,246.821,89.02,891.25,702.11,139.6,-562.5,4254.77,6879.82,0.23,E,89.02,64.195,GIE AGSI+ API v013
DE,2022-12-29,Germany,DE,220.4184,246.821,89.3,891.25,910.29,117,-793.3,4254.77,6879.82,0.28,E,89.3,63.99,GIE AGSI+ API v013
DE,2022-12-30,Germany,DE,221.1339,246.821,89.59,891.25,884.72,172.2,-712.6,4254.77,6879.82,0.29,E,89.59,63.785,GIE AGSI+ API v013
DE,2022-12-31,Germany,DE,222.2195,246.821,90.03,891.25,1115.27,45.2,-1070,4254.77,6879.82,0.44,E,90.03,63.73,GIE AGSI+ API v013
DE,2023-01-01,Germany,DE,223.2348,246.721,90.48,870.55,1067.82,78.8,-989,4254.77,6879.82,0,E,90.48,74.7633,GIE AGSI+ API v013
DE,2023-01-02,Germany,DE,223.5196,246.721,90.6,870.55,540.38,120.4,-420,4254.77,6879.82,0.12,E,90.6,74.5533,GIE AGSI+ API v013
DE,2023-01-03,Germany,DE,223.7199,246.721,90.68,870.55,435.3,282,-153.3,4254.77,6879.82,0.08,E,90.68,74.29,GIE AGSI+ API v013
DE,2023-01-04,Germany,DE,223.8157,246.721,90.72,870.55,312.36,226.3,-86.1,4254.77,6879.82,0.04,E,90.72,73.8867,GIE AGSI+ API v013
DE,2023-01-05,Germany,DE,223.9545,246.721,90.77,870.55,325.39,193.9,-131.5,4254.77,6879.82,0.06,E,90.77,73.3167,GIE AGSI+ API v013
DE,2023-01-06,Germany,DE,224.3486,246.721,90.93,870.55,509.76,122.9,-386.8,4254.77,6879.82,0.16,E,90.93,72.7033,GIE AGSI+ API v013
DE,2023-01-07,Germany,DE,224.6707,246.721,91.06,870.55,441,119.8,-321.2,4254.77,6879.82,0.13,E,91.06,71.9967,GIE AGSI+ API v013
DE,2023-01-08,Germany,DE,224.9258,246.721,91.17,870.55,377.66,130.8,-246.8,4254.77,6879.82,0.1,E,91.17,71.3333,GIE AGSI+ API v013
DE,2023-01-09,Germany,DE,224.7104,246.721,91.08,870.55,112.78,343.8,231,4254.77,6879.82,-0.09,E,91.08,70.78,GIE AGSI+ API v013
DE,2023-01-10,Germany,DE,224.4645,246.721,90.98,870.55,130.38,370.7,240.3,4254.77,6879.82,-0.1,E,90.98,70.0633,GIE AGSI+ API v013
DE,2023-01-11,Germany,DE,224.2625,247.2458,90.7,870.55,92.51,292.8,200.3,4254.77,6879.82,-0.08,E,90.7,69.2533,GIE AGSI+ API v013
DE,2023-01-12,Germany,DE,224.0375,247.2458,90.61,870.55,118.49,345.8,227.4,4254.77,6879.82,-0.09,E,90.61,68.45,GIE AGSI+ API v013
DE,2023-01-13,Germany,DE,223.7579,247.2458,90.5,870.55,114.95,397.2,282.3,4254.77,6879.82,-0.11,E,90.5,67.6833,GIE AGSI+ API v013
DE,2023-01-14,Germany,DE,223.6158,247.2458,90.44,870.55,168.42,315.2,146.8,4254.77,6879.82,-0.06,E,90.44,66.9067,GIE AGSI+ API v013
DE,2023-01-15,Germany,DE,223.41,247.2458,90.36,870.55,131.67,348.7,217,4254.77,6879.82,-0.08,E,90.36,66.17,GIE AGSI+ API v013
DE,2023-01-16,Germany,DE,222.1528,247.2458,89.85,870.55,31.98,1283.4,1251.4,4254.77,6879.82,-0.51,E,89.85,65.57,GIE AGSI+ API v013
DE,2023-01-17,Germany,DE,220.7806,247.2458,89.3,870.55,47.8,1406.8,1359,4254.77,6879.82,-0.55,E,89.3,64.9167,GIE AGSI+ API v013
DE,2023-01-18,Germany,DE,219.251,247.2458,88.68,870.55,31.98,1571.4,1539.4,4254.77,6879.82,-0.62,E,88.68,64.1533,GIE AGSI+ API v013
DE,2023-01-19,Germany,DE,217.3853,247.2458,87.92,870.55,27.89,1892.4,1864.5,4254.77,6879.82,-0.75,E,87.92,63.4833,GIE AGSI+ API v013
DE,2023-01-20,Germany,DE,215.4106,247.2458,87.12,870.55,29.51,1981.5,1952,4254.77,6879.82,-0.8,E,87.12,62.7667,GIE AGSI+ API v013
DE,2023-01-21,Germany,DE,213.8469,247.2458,86.49,870.55,28.02,1568.7,1540.7,4254.77,6879.82,-0.63,E,86.49,62.0767,GIE AGSI+ API v013
DE,2023-01-22,Germany,DE,212.1688,247.2458,85.81,870.55,23.44,1659.5,1636,4254.77,6879.82,-0.68,E,85.81,61.45,GIE AGSI+ API v013
DE,2023-01-23,Germany,DE,209.7344,247.2458,84.83,870.55,15.85,2556.1,2540.2,4254.77,6879.82,-0.98,E,84.83,60.8,GIE AGSI+ API v013
DE,2023-01-24,Germany,DE,207.0987,247.2458,83.76,870.55,28.78,2660,2631.2,4254.77,6879.82,-1.07,E,83.76,60.0367,GIE AGSI+ API v013
DE,2023-01-25,Germany,DE,204.6649,247.2458,82.78,870.55,42.51,2466.2,2423.7,4254.77,6879.82,-0.98,E,82.78,59.19,GIE AGSI+ API v013
DE,2023-01-26,Germany,DE,202.8968,247.2458,82.06,870.55,37.42,2388.6,2351.2,4254.77,6879.82,-0.72,E,82.06,58.44,GIE AGSI+ API v013
DE,2023-01-27,Germany,DE,200.3785,247.2458,81.04,870.55,29.79,2533.1,2503.3,4254.77,6879.82,-1.02,E,81.04,57.7933,GIE AGSI+ API v013
DE,2023-01-28,Germany,DE,198.6103,247.2458,80.33,870.55,55.35,1798.4,1743,4254.77,6879.82,-0.72,E,80.33,57.1433,GIE AGSI+ API v013
DE,2023-01-29,Germany,DE,197.1862,247.2458,79.75,870.55,68.16,1453.6,1385.4,4254.77,6879.82,-0.58,E,79.75,56.69,GIE AGSI+ API v013
DE,2023-01-30,Germany,DE,195.7189,247.2458,79.16,870.55,14.29,1469.9,1455.6,4254.77,6879.82,-0.59,E,79.16,56.23,GIE AGSI+ API v013
DE,2023-01-31,Germany,DE,196.4802,249.5458,78.74,870.55,34.53,1494,1459.5,4274.47,6953.74,0.31,E,78.74,55.72,GIE AGSI+ API v013
DE,2023-02-01,Germany,DE,195.3559,249.5458,78.28,870.55,72.19,1202.8,1130.6,4274.47,6953.74,-0.45,E,78.28,55.3067,GIE AGSI+ API v013
DE,2023-02-02,Germany,DE,194.3272,249.5458,77.87,870.55,73.64,1091.6,1017.9,4274.47,6953.74,-0.41,E,77.87,54.94,GIE AGSI+ API v013
DE,2023-02-03,Germany,DE,193.8239,249.5458,77.67,870.55,67.26,562.4,495.2,4274.47,6953.74,-0.2,E,77.67,54.6233,GIE AGSI+ API v013
DE,2023-02-04,Germany,DE,193.1399,249.5458,77.4,870.55,48.86,698.4,649.5,4274.47,6953.74,-0.27,E,77.4,54.2667,GIE AGSI+ API v013
DE,2023-02-05,Germany,DE,191.3835,247.5464,77.31,870.55,34.46,790.9,756.4,4220.47,6859.24,-0.71,C,77.31,53.9167,GIE AGSI+ API v013
DE,2023-02-06,Germany,DE,190.6592,249.5458,76.4,870.55,20.17,1825.9,1805.7,4274.47,6953.74,-0.29,C,76.4,53.5033,GIE AGSI+ API v013
DE,2023-02-07,Germany,DE,188.6905,249.5458,75.61,870.55,50.69,2026.8,1976.1,4274.47,6953.74,-0.79,C,75.61,53.03,GIE AGSI+ API v013
DE,2023-02-08,Germany,DE,186.8261,249.5458,74.87,870.55,60.1,1906.4,1846.3,4274.47,6953.74,-0.75,C,74.87,52.49,GIE AGSI+ API v013
DE,2023-02-09,Germany,DE,184.969,249.5458,74.12,870.55,76.16,1915.7,1839.5,4274.47,6953.74,-0.74,C,74.12,51.9733,GIE AGSI+ API v013
DE,2023-02-10,Germany,DE,183.5439,249.5458,73.55,870.55,78.6,1471.3,1392.7,4274.47,6953.74,-0.57,C,73.55,51.3333,GIE AGSI+ API v013
DE,2023-02-11,Germany,DE,182.8615,249.5458,73.28,870.55,85.16,754.1,668.9,4274.47,6953.74,-0.27,C,73.28,50.72,GIE AGSI+ API v013
DE,2023-02-12,Germany,DE,182.3889,249.5458,73.09,870.55,138.42,604.6,466.2,4274.47,6953.74,-0.19,C,73.09,50.1167,GIE AGSI+ API v013
DE,2023-02-13,Germany,DE,181.3627,249.5458,72.68,870.55,74.21,1084.9,1010.7,4274.47,6953.74,-0.41,C,72.68,49.6067,GIE AGSI+ API v013
DE,2023-02-14,Germany,DE,180.4852,249.5458,72.33,870.55,26.6,896.3,869.7,4274.47,6953.74,-0.35,C,72.33,49.1667,GIE AGSI+ API v013
DE,2023-02-15,Germany,DE,179.741,249.5458,72.03,870.55,60.87,792.9,732,4274.47,6953.74,-0.3,C,72.03,48.7333,GIE AGSI+ API v013
DE,2023-02-16,Germany,DE,179.0608,249.5458,71.75,870.55,52.89,727,674.1,4274.47,6953.74,-0.27,C,71.75,48.5167,GIE AGSI+ API v013
DE,2023-02-17,Germany,DE,178.8927,249.5458,71.69,870.55,217.85,390.3,172.4,4274.47,6953.74,-0.07,C,71.69,48.3233,GIE AGSI+ API v013
DE,2023-02-18,Germany,DE,179.0492,249.5458,71.75,870.55,429.5,257.8,-171.7,4274.47,6953.74,0.06,C,71.75,48.1033,GIE AGSI+ API v013
DE,2023-02-19,Germany,DE,179.0737,249.5458,71.76,870.55,273.39,253.7,-19.7,4274.47,6953.74,0.01,C,71.76,47.8967,GIE AGSI+ API v013
DE,2023-02-20,Germany,DE,178.8586,249.5458,71.67,870.55,161.25,398.5,237.2,4274.47,6953.74,-0.09,C,71.67,47.75,GIE AGSI+ API v013
DE,2023-02-21,Germany,DE,178.5026,249.5458,71.53,870.55,131.98,494.2,362.2,4274.47,6953.74,-0.14,C,71.53,47.5633,GIE AGSI+ API v013
DE,2023-02-22,Germany,DE,177.9845,249.5458,71.32,870.55,108.15,629.4,521.2,4274.47,6953.74,-0.21,C,71.32,47.3467,GIE AGSI+ API v013
DE,2023-02-23,Germany,DE,177.6602,249.5458,71.19,870.55,167.54,493.6,326.1,4274.47,6953.74,-0.13,E,71.19,47.21,GIE AGSI+ API v013
DE,2023-02-24,Germany,DE,177.2368,249.5458,71.02,870.55,118.96,540.1,421.2,4274.47,6953.74,-0.17,C,71.02,47.0867,GIE AGSI+ API v013
DE,2023-02-25,Germany,DE,176.8711,249.5458,70.88,870.55,115.22,478.4,363.2,4274.47,6953.74,-0.15,C,70.88,46.89,GIE AGSI+ API v013
DE,2023-02-26,Germany,DE,176.2992,249.5458,70.65,870.55,104.1,672.7,568.6,4274.47,6953.74,-0.23,C,70.65,46.65,GIE AGSI+ API v013
DE,2023-02-27,Germany,DE,175.288,250.5135,69.97,870.55,64.69,1533,1468.3,4280.92,6969.87,-0.4,C,69.97,46.36,GIE AGSI+ API v013
DE,2023-02-28,Germany,DE,173.7778,250.5135,69.37,870.55,69.07,1540.9,1471.8,4280.92,6969.87,-0.6,C,69.37,45.9833,GIE AGSI+ API v013
DE,2023-03-01,Germany,DE,172.2957,250.5135,68.78,870.55,30.8,1536.5,1505.7,4280.92,6969.87,-0.59,C,68.78,45.58,GIE AGSI+ API v013
DE,2023-03-02,Germany,DE,171.0288,250.5135,68.27,870.55,40.23,1271.2,1230.9,4280.92,6969.87,-0.51,C,68.27,45.1167,GIE AGSI+ API v013
DE,2023-03-03,Germany,DE,169.8772,250.5135,67.81,870.55,63.08,1176.4,1113.3,4280.92,6969.87,-0.46,C,67.81,44.76,GIE AGSI+ API v013
DE,2023-03-04,Germany,DE,169.2774,250.5135,67.57,870.55,42.51,608.9,566.4,4280.92,6969.87,-0.24,C,67.57,44.4133,GIE AGSI+ API v013
DE,2023-03-05,Germany,DE,168.4745,250.5135,67.25,870.55,21.27,809.7,788.4,4280.92,6969.87,-0.32,C,67.25,44.0667,GIE AGSI+ API v013
DE,2023-03-06,Germany,DE,167.167,250.5135,66.73,870.55,22.45,1317.6,1295.2,4280.92,6969.87,-0.52,C,66.73,43.8033,GIE AGSI+ API v013
DE,2023-03-07,Germany,DE,165.5131,250.5135,66.07,870.55,29.12,1668.7,1639.6,4280.92,6969.87,-0.66,C,66.07,43.45,GIE AGSI+ API v013
DE,2023-03-08,Germany,DE,163.6934,250.5135,65.34,870.55,30.42,1878.8,1848.4,4280.92,6969.87,-0.73,C,65.34,43.11,GIE AGSI+ API v013
DE,2023-03-09,Germany,DE,162.475,250.5135,64.86,870.55,50.39,1229.6,1179.3,4280.92,6969.87,-0.49,C,64.86,42.77,GIE AGSI+ API v013
DE,2023-03-10,Germany,DE,161.7527,250.5135,64.57,870.55,31.57,728.9,697.3,4280.92,6969.87,-0.29,C,64.57,42.6767,GIE AGSI+ API v013
DE,2023-03-11,Germany,DE,161.1358,250.5135,64.32,870.55,68.06,673.9,605.9,4280.92,6969.87,-0.25,C,64.32,42.61,GIE AGSI+ API v013
DE,2023-03-12,Germany,DE,160.7129,250.5135,64.15,870.55,115.41,514.9,399.5,4280.92,6969.87,-0.17,C,64.15,42.6167,GIE AGSI+ API v013
DE,2023-03-13,Germany,DE,160.6807,250.5135,64.14,870.55,252.47,295.8,43.4,4280.92,6969.87,-0.01,C,64.14,42.6133,GIE AGSI+ API v013
DE,2023-03-14,Germany,DE,160.4223,250.5135,64.04,870.55,121.99,372,250,4280.92,6969.87,-0.1,C,64.04,42.48,GIE AGSI+ API v013
DE,2023-03-15,Germany,DE,159.8361,250.5135,63.8,870.55,72.44,641,568.6,4280.92,6969.87,-0.23,C,63.8,42.3633,GIE AGSI+ API v013
DE,2023-03-16,Germany,DE,159.3926,250.5135,63.63,870.55,76.29,504.4,428.1,4280.92,6969.87,-0.18,C,63.63,42.25,GIE AGSI+ API v013
DE,2023-03-17,Germany,DE,159.2827,250.5135,63.58,870.55,191.4,298.9,107.5,4280.92,6969.87,-0.04,C,63.58,42.1,GIE AGSI+ API v013
DE,2023-03-18,Germany,DE,159.7567,250.5135,63.77,870.55,511.29,141,-370.3,4280.92,6969.87,0.19,C,63.77,41.9367,GIE AGSI+ API v013
DE,2023-03-19,Germany,DE,160.0289,250.5135,63.88,870.55,403.85,131.2,-272.7,4280.92,6969.87,0.11,C,63.88,41.8833,GIE AGSI+ API v013
DE,2023-03-20,Germany,DE,159.8124,250.5135,63.79,870.55,104.3,237.8,133.5,4280.92,6969.87,-0.09,C,63.79,41.8433,GIE AGSI+ API v013
DE,2023-03-21,Germany,DE,159.8384,250.5135,63.8,870.55,190.91,169.1,-21.8,4280.92,6969.87,0.01,C,63.8,41.7533,GIE AGSI+ API v013
DE,2023-03-22,Germany,DE,160.042,250.5135,63.89,870.55,380.65,187.7,-193,4280.92,6969.87,0.08,C,63.89,41.63,GIE AGSI+ API v013
DE,2023-03-23,Germany,DE,160.4206,250.5135,64.04,870.55,537.41,169.6,-367.8,4280.92,6969.87,0.15,C,64.04,41.4767,GIE AGSI+ API v013
DE,2023-03-24,Germany,DE,160.8431,250.5135,64.21,870.55,557.71,141.6,-416.1,4279.47,6967.76,0.17,C,64.21,41.4667,GIE AGSI+ API v013
DE,2023-03-25,Germany,DE,161.2513,250.5135,64.37,870.55,557.95,160.3,-397.7,4206.33,6832.8,0.16,E,64.37,41.39,GIE AGSI+ API v013
DE,2023-03-26,Germany,DE,161.4091,250.5135,64.43,870.55,334.72,198.8,-135.9,4280.92,6969.87,0.06,E,64.43,41.4633,GIE AGSI+ API v013
DE,2023-03-27,Germany,DE,160.9654,250.5135,64.25,870.55,57.67,497.8,440.1,4280.92,6969.87,-0.18,E,64.25,41.59,GIE AGSI+ API v013
DE,2023-03-28,Germany,DE,160.543,250.5135,64.09,870.55,64.41,512.7,448.3,4280.92,6969.87,-0.17,C,64.09,41.73,GIE AGSI+ API v013
DE,2023-03-29,Germany,DE,160.4226,250.5135,64.04,870.55,74.53,190.6,116.1,4280.92,6969.87,-0.05,C,64.04,41.7233,GIE AGSI+ API v013
DE,2023-03-30,Germany,DE,160.5456,250.5135,64.09,870.55,216.46,77.8,-138.7,4280.92,6969.87,0.05,C,64.09,41.7967,GIE AGSI+ API v013
DE,2023-03-31,Germany,DE,160.6135,250.5135,64.11,870.55,282.45,112.4,-170.1,4280.92,6969.87,0.03,C,64.11,41.5333,GIE AGSI+ API v013
DE,2023-04-01,Germany,DE,161.1134,250.1075,64.42,870.55,460.99,37.9,-423.1,4283.24,6929.88,0.2,E,64.42,42.1933,GIE AGSI+ API v013
DE,2023-04-02,Germany,DE,161.1839,250.1075,64.45,870.55,261.53,186.5,-75,4283.24,6929.88,0.03,E,64.45,42.1967,GIE AGSI+ API v013
DE,2023-04-03,Germany,DE,160.8686,249.9965,64.35,870.55,97.8,404.2,306.4,4283.24,6929.88,-0.13,E,64.35,42.2367,GIE AGSI+ API v013
DE,2023-04-04,Germany,DE,160.3132,249.9965,64.13,870.55,52.56,600.6,548,4283.24,6929.88,-0.22,C,64.13,42.31,GIE AGSI+ API v013
DE,2023-04-05,Germany,DE,159.7984,250.1435,63.88,870.55,92.87,628.2,535.3,4284.92,6931.78,-0.21,C,63.88,42.36,GIE AGSI+ API v013
DE,2023-04-06,Germany,DE,159.5402,250.1435,63.78,870.55,92.32,332.1,239.8,4284.92,6931.78,-0.1,C,63.78,42.4233,GIE AGSI+ API v013
DE,2023-04-07,Germany,DE,159.4944,250.1435,63.76,870.55,173.59,204,30.4,4284.92,6931.78,-0.02,C,63.76,42.47,GIE AGSI+ API v013
DE,2023-04-08,Germany,DE,159.6689,250.1435,63.83,870.55,311.47,105.6,-205.9,4284.92,6931.78,0.07,C,63.83,42.53,GIE AGSI+ API v013
DE,2023-04-09,Germany,DE,160.2362,250.1435,64.06,870.55,609.6,15,-594.6,4284.92,6931.78,0.23,C,64.06,42.6467,GIE AGSI+ API v013
DE,2023-04-10,Germany,DE,160.9091,250.1435,64.33,870.55,689.25,9.7,-679.6,4284.92,6931.78,0.27,C,64.33,42.8367,GIE AGSI+ API v013
DE,2023-04-11,Germany,DE,161.233,250.1435,64.46,870.55,326.01,17.8,-308.2,4284.92,6931.78,0.13,C,64.46,43.0167,GIE AGSI+ API v013
DE,2023-04-12,Germany,DE,161.3577,250.1435,64.51,870.55,297.04,157.1,-139.9,4284.92,6931.78,0.05,C,64.51,43.1033,GIE AGSI+ API v013
DE,2023-04-13,Germany,DE,161.1541,250.1435,64.42,870.55,106.31,315.9,209.6,4284.92,6931.78,-0.08,C,64.42,43.1333,GIE AGSI+ API v013
DE,2023-04-14,Germany,DE,161.1747,250.1435,64.43,870.55,155.7,141.2,-14.5,4284.92,6931.78,0.01,C,64.43,43.1067,GIE AGSI+ API v013
DE,2023-04-15,Germany,DE,161.3864,250.1435,64.52,870.55,280.29,66.2,-214.1,4284.92,6931.78,0.08,C,64.52,43.1233,GIE AGSI+ API v013
DE,2023-04-16,Germany,DE,161.4858,250.1435,64.56,870.55,226.51,134.4,-92.1,4284.92,6931.78,0.04,C,64.56,43.2867,GIE AGSI+ API v013
DE,2023-04-17,Germany,DE,161.4434,250.1435,64.54,870.55,139.38,184.6,45.2,4284.92,6931.78,-0.02,C,64.54,43.4933,GIE AGSI+ API v013
DE,2023-04-18,Germany,DE,161.5358,250.1435,64.58,870.55,153.61,72.3,-81.3,4284.92,6931.78,0.04,C,64.58,43.78,GIE AGSI+ API v013
DE,2023-04-19,Germany,DE,161.6345,250.1435,64.62,870.55,212.38,128.9,-83.5,4284.92,6931.78,0.04,C,64.62,44.03,GIE AGSI+ API v013
DE,2023-04-20,Germany,DE,161.6085,250.1435,64.61,870.55,116.51,152.6,36.1,4284.92,6931.78,-0.01,C,64.61,44.19,GIE AGSI+ API v013
DE,2023-04-21,Germany,DE,161.7955,250.1435,64.68,870.55,271.5,97.2,-174.3,4284.92,6931.78,0.07,C,64.68,44.4067,GIE AGSI+ API v013
DE,2023-04-22,Germany,DE,162.7238,250.1435,65.05,870.55,945.72,19.6,-926.1,4284.92,6931.78,0.37,C,65.05,44.6133,GIE AGSI+ API v013
DE,2023-04-23,Germany,DE,163.7254,250.1435,65.45,870.55,1007.24,23.1,-984.1,4284.92,6931.78,0.4,C,65.45,44.85,GIE AGSI+ API v013
DE,2023-04-24,Germany,DE,164.457,250.1435,65.75,870.55,756.94,26.9,-730.1,4284.92,6931.78,0.29,C,65.75,45.1567,GIE AGSI+ API v013
DE,2023-04-25,Germany,DE,164.911,250.1435,65.93,870.55,497.9,41.5,-456.4,4284.92,6931.78,0.18,C,65.93,45.38,GIE AGSI+ API v013
DE,2023-04-26,Germany,DE,164.7509,250.1435,65.86,870.55,74.67,245.9,171.2,4284.92,6931.78,-0.06,C,65.86,45.56,GIE AGSI+ API v013
DE,2023-04-27,Germany,DE,164.8622,250.1435,65.91,870.55,184.76,85.9,-98.9,4284.92,6931.78,0.04,C,65.91,45.7,GIE AGSI+ API v013
DE,2023-04-28,Germany,DE,165.3186,250.1435,66.09,870.55,528.99,24.3,-504.7,4284.92,6931.78,0.18,C,66.09,45.8933,GIE AGSI+ API v013
DE,2023-04-29,Germany,DE,166.2009,250.1435,66.44,870.55,893.15,7.2,-886,4284.92,6931.78,0.35,C,66.44,46.0667,GIE AGSI+ API v013
DE,2023-04-30,Germany,DE,167.1665,250.1435,66.83,870.55,971.36,2.6,-968.8,4284.92,6931.78,0.39,C,66.83,46.3067,GIE AGSI+ API v013
DE,2023-05-01,Germany,DE,167.9701,250.1435,67.15,870.55,816.83,7.8,-809,4284.92,6931.78,0.32,C,67.15,46.6367,GIE AGSI+ API v013
DE,2023-05-02,Germany,DE,168.2728,250.1435,67.27,870.55,349.82,53.7,-296.1,4284.92,6931.78,0.12,E,67.27,46.87,GIE AGSI+ API v013
DE,2023-05-03,Germany,DE,168.5147,250.1435,67.37,870.55,329.35,82.8,-246.5,4284.92,6931.78,0.1,E,67.37,47.0533,GIE AGSI+ API v013
DE,2023-05-04,Germany,DE,168.139,250.4235,67.14,870.55,551.24,925.7,374.5,4284.92,6931.78,-0.15,C,67.14,47.2533,GIE AGSI+ API v013
DE,2023-05-05,Germany,DE,168.7797,250.4235,67.4,870.55,638.78,2.1,-636.7,4284.92,6931.78,0.26,C,67.4,47.3767,GIE AGSI+ API v013
DE,2023-05-06,Germany,DE,169.6552,250.4235,67.75,870.55,909.62,12,-897.6,4284.92,6931.78,0.35,C,67.75,47.43,GIE AGSI+ API v013
DE,2023-05-07,Germany,DE,170.588,250.4235,68.12,870.55,958.8,13,-945.8,4284.92,6931.78,0.37,C,68.12,47.6067,GIE AGSI+ API v013
DE,2023-05-08,Germany,DE,171.4598,250.4235,68.47,870.55,880.27,31.5,-848.7,4284.92,6931.78,0.35,E,68.47,47.9533,GIE AGSI+ API v013
DE,2023-05-09,Germany,DE,171.8383,250.3768,68.63,870.55,428.08,47,-381.1,4284.92,6931.78,0.15,C,68.63,48.3767,GIE AGSI+ API v013
DE,2023-05-10,Germany,DE,172.1873,250.3768,68.77,870.55,381.1,36,-345.1,4284.92,6931.78,0.14,C,68.77,48.7833,GIE AGSI+ API v013
DE,2023-05-11,Germany,DE,172.5741,250.3768,68.93,870.55,414.39,26.8,-387.6,4284.92,6931.78,0.15,C,68.93,49.0867,GIE AGSI+ API v013
DE,2023-05-12,Germany,DE,173.1628,250.3768,69.16,870.55,778.13,11.1,-767,4284.92,6931.78,0.24,C,69.16,49.1967,GIE AGSI+ API v013
DE,2023-05-13,Germany,DE,174.2352,250.3768,69.59,870.55,1100.32,26.2,-1074.1,4284.92,6931.78,0.43,C,69.59,49.4933,GIE AGSI+ API v013
DE,2023-05-14,Germany,DE,175.3534,250.356,70.04,870.55,1121.93,2.3,-1119.7,4284.92,6931.78,0.45,C,70.04,49.8033,GIE AGSI+ API v013
DE,2023-05-15,Germany,DE,176.0514,250.356,70.32,870.55,699.43,8.1,-691.4,4284.92,6931.78,0.28,C,70.32,50.1433,GIE AGSI+ API v013
DE,2023-05-16,Germany,DE,176.7021,250.5784,70.52,870.55,479.9,49.4,-430.5,4284.92,6931.78,0.26,C,70.52,50.4667,GIE AGSI+ API v013
DE,2023-05-17,Germany,DE,177.0498,250.5784,70.66,870.55,651.52,316.3,-335.2,4284.92,6931.78,0.14,C,70.66,50.7667,GIE AGSI+ API v013
DE,2023-05-18,Germany,DE,177.6699,250.5784,70.9,870.55,688.01,22.2,-665.8,4284.92,6931.78,0.25,C,70.9,51.0267,GIE AGSI+ API v013
DE,2023-05-19,Germany,DE,178.4618,250.5784,71.22,870.55,794.33,2,-792.3,4284.92,6931.78,0.32,C,71.22,51.2567,GIE AGSI+ API v013
DE,2023-05-20,Germany,DE,179.644,250.5784,71.69,870.55,1188.37,5.8,-1182.5,4284.92,6931.78,0.47,C,71.69,51.55,GIE AGSI+ API v013
DE,2023-05-21,Germany,DE,180.9878,250.5784,72.23,870.55,1340.79,0.2,-1340.5,4284.92,6931.78,0.54,C,72.23,52.0233,GIE AGSI+ API v013
DE,2023-05-22,Germany,DE,181.6074,250.5784,72.48,870.55,607.92,41.5,-566.4,4284.92,6931.78,0.25,C,72.48,52.4833,GIE AGSI+ API v013
DE,2023-05-23,Germany,DE,182.121,250.5784,72.68,870.55,588.71,67.9,-520.8,4284.92,6931.78,0.2,C,72.68,52.89,GIE AGSI+ API v013
DE,2023-05-24,Germany,DE,182.4761,250.5784,72.82,870.55,432.85,78.8,-354.1,4284.92,6931.78,0.14,C,72.82,53.21,GIE AGSI+ API v013
DE,2023-05-25,Germany,DE,182.7819,250.5784,72.94,870.55,404.53,97.7,-306.9,4284.92,6931.78,0.12,C,72.94,53.4867,GIE AGSI+ API v013
DE,2023-05-26,Germany,DE,183.5432,250.5784,73.25,870.55,794.63,28.8,-765.8,4284.92,6931.78,0.3,C,73.25,53.7367,GIE AGSI+ API v013
DE,2023-05-27,Germany,DE,184.6518,250.5784,73.69,870.55,965.63,5.8,-959.8,4284.92,6931.78,0.44,C,73.69,53.93,GIE AGSI+ API v013
DE,2023-05-28,Germany,DE,185.475,250.5784,74.02,870.55,1090.48,14.9,-1075.6,4284.92,6931.78,0.33,C,74.02,54.1233,GIE AGSI+ API v013
DE,2023-05-29,Germany,DE,186.2252,250.5784,74.32,870.55,871.89,15.6,-856.3,4284.92,6931.78,0.3,E,74.32,54.4167,GIE AGSI+ API v013
DE,2023-05-30,Germany,DE,187.0818,250.5784,74.66,870.55,636.13,13.3,-622.8,4284.92,6931.78,0.34,C,74.66,54.71,GIE AGSI+ API v013
DE,2023-05-31,Germany,DE,187.3884,249.8902,74.99,870.55,533.98,25.7,-508.3,4284.57,6931.22,0.12,C,74.99,54.97,GIE AGSI+ API v013
DE,2023-06-01,Germany,DE,187.8107,249.8902,75.16,870.55,465.92,43.6,-422.3,4284.57,6931.22,0.17,E,75.16,55.32,GIE AGSI+ API v013
DE,2023-06-02,Germany,DE,188.4882,250.8004,75.15,870.55,497.28,24.6,-472.7,4285.02,6931.78,0.27,C,75.15,55.69,GIE AGSI+ API v013
DE,2023-06-03,Germany,DE,189.1701,250.8004,75.43,870.55,690.23,8.3,-681.9,4286.17,6931.78,0.27,C,75.43,56.0733,GIE AGSI+ API v013
DE,2023-06-04,Germany,DE,189.8525,250.8004,75.7,870.55,688.83,23.6,-665.2,4286.17,6931.78,0.27,C,75.7,56.5,GIE AGSI+ API v013
DE,2023-06-05,Germany,DE,190.2449,250.8206,75.85,870.55,431.14,33.4,-397.7,4255.3,6791.75,0.16,C,75.85,56.9333,GIE AGSI+ API v013
DE,2023-06-06,Germany,DE,190.5461,250.8206,75.97,870.55,350.16,47.3,-302.8,4255.3,6798.87,0.12,C,75.97,57.4,GIE AGSI+ API v013
DE,2023-06-07,Germany,DE,190.7325,250.8206,76.04,870.55,227.4,46,-181.4,4255.3,6798.87,0.07,C,76.04,57.7233,GIE AGSI+ API v013
DE,2023-06-08,Germany,DE,191.1828,250.8206,76.22,870.55,461.64,4.8,-456.8,4255.3,6798.87,0.18,C,76.22,57.83,GIE AGSI+ API v013
DE,2023-06-09,Germany,DE,191.7343,250.8206,76.44,870.55,560.57,9.5,-551.1,4265.65,6811.64,0.22,C,76.44,57.9767,GIE AGSI+ API v013
DE,2023-06-10,Germany,DE,192.6374,250.8206,76.8,870.55,909.45,6.9,-902.6,4270.01,6811.64,0.36,C,76.8,58.1833,GIE AGSI+ API v013
DE,2023-06-11,Germany,DE,193.5399,250.8206,77.16,870.55,909.87,6.8,-903.1,4270.01,6811.64,0.36,C,77.16,58.54,GIE AGSI+ API v013
DE,2023-06-12,Germany,DE,194.0962,250.8206,77.38,870.55,627.33,71,-556.3,4270.01,6811.64,0.22,C,77.38,58.97,GIE AGSI+ API v013
DE,2023-06-13,Germany,DE,194.7415,250.8206,77.64,870.55,582.83,4.4,-578.4,4265.64,6811.64,0.26,C,77.64,59.32,GIE AGSI+ API v013
DE,2023-06-14,Germany,DE,195.1609,250.8206,77.81,870.55,455.46,37.5,-418,4265.64,6811.64,0.17,C,77.81,59.6733,GIE AGSI+ API v013
DE,2023-06-15,Germany,DE,195.477,250.8206,77.93,870.55,344.04,28.7,-315.4,4265.64,6811.64,0.13,C,77.93,59.9133,GIE AGSI+ API v013
DE,2023-06-16,Germany,DE,195.9238,250.8206,78.11,870.55,467.32,20.6,-446.8,4265.64,6811.64,0.18,C,78.11,60.1533,GIE AGSI+ API v013
DE,2023-06-17,Germany,DE,196.4765,250.8206,78.33,870.55,646.65,93.9,-552.7,4265.64,6811.64,0.22,C,78.33,60.3933,GIE AGSI+ API v013
DE,2023-06-18,Germany,DE,197.3132,250.8206,78.67,870.55,842.92,6.2,-836.7,4265.64,6811.64,0.33,C,78.67,60.7233,GIE AGSI+ API v013
DE,2023-06-19,Germany,DE,197.6774,250.8206,78.81,870.55,385.24,21.1,-364.1,4265.64,6811.64,0.15,C,78.81,61.0967,GIE AGSI+ API v013
DE,2023-06-20,Germany,DE,197.9206,250.8206,78.91,870.55,275.97,29.1,-246.9,4265.64,6811.64,0.1,C,78.91,61.4367,GIE AGSI+ API v013
DE,2023-06-21,Germany,DE,198.0403,250.8206,78.96,870.55,225.49,105.8,-119.7,4265.64,6811.64,0.05,C,78.96,61.7667,GIE AGSI+ API v013
DE,2023-06-22,Germany,DE,198.0557,250.8206,78.96,870.55,100.43,85,-15.4,4265.64,6811.64,0.01,C,78.96,61.9533,GIE AGSI+ API v013
DE,2023-06-23,Germany,DE,198.2859,250.8206,79.05,870.55,249.1,18.9,-230.2,4265.64,6811.64,0.09,C,79.05,62.16,GIE AGSI+ API v013
DE,2023-06-24,Germany,DE,199.0265,250.8206,79.35,870.55,746.22,5.6,-740.6,4265.64,6811.64,0.3,C,79.35,62.34,GIE AGSI+ API v013
DE,2023-06-25,Germany,DE,199.7249,250.8206,79.63,870.55,718.61,20.2,-698.4,4265.64,6811.64,0.28,C,79.63,62.5833,GIE AGSI+ API v013
DE,2023-06-26,Germany,DE,200.2198,250.8206,79.83,870.55,533.79,38.9,-494.9,4265.64,6811.64,0.2,C,79.83,62.8667,GIE AGSI+ API v013
DE,2023-06-27,Germany,DE,200.4089,250.8206,79.9,870.55,227.56,38.2,-189.3,4265.64,6811.64,0.08,C,79.9,63.1533,GIE AGSI+ API v013
DE,2023-06-28,Germany,DE,200.4393,250.8206,79.91,870.55,102.72,72.3,-30.4,4265.64,6811.64,0.01,C,79.91,63.3867,GIE AGSI+ API v013
DE,2023-06-29,Germany,DE,200.5013,250.8206,79.94,870.55,118.75,56.7,-62,4265.64,6811.64,0.02,C,79.94,63.5767,GIE AGSI+ API v013
DE,2023-06-30,Germany,DE,200.7565,250.8206,80.04,870.55,276.85,21.7,-255.2,4265.64,6811.64,0.1,C,80.04,63.7833,GIE AGSI+ API v013
DE,2023-07-01,Germany,DE,201.6252,250.7718,80.4,870.55,901.99,23.9,-878.1,4265.64,6811.64,0.35,C,80.4,64.0167,GIE AGSI+ API v013
DE,2023-07-02,Germany,DE,202.477,250.7718,80.74,870.55,878.59,23.4,-855.2,4265.64,6811.64,0.34,C,80.74,64.2367,GIE AGSI+ API v013
DE,2023-07-03,Germany,DE,203.1663,250.7718,81.02,870.55,695.63,17.5,-678.2,4265.64,6811.64,0.27,C,81.02,64.6267,GIE AGSI+ API v013
DE,2023-07-04,Germany,DE,203.4614,250.9968,81.06,870.55,316.52,22.2,-294.3,4265.64,6811.64,0.12,C,81.06,64.99,GIE AGSI+ API v013
DE,2023-07-05,Germany,DE,203.9934,250.9968,81.27,870.55,540.36,8.4,-532,4265.64,6811.64,0.21,C,81.27,65.3333,GIE AGSI+ API v013
DE,2023-07-06,Germany,DE,204.3586,250.9968,81.42,870.55,370.82,5.6,-365.2,4265.64,6811.64,0.15,C,81.42,65.52,GIE AGSI+ API v013
DE,2023-07-07,Germany,DE,204.979,250.9968,81.67,870.55,623.41,3,-620.4,4265.64,6811.64,0.25,C,81.67,65.6467,GIE AGSI+ API v013
DE,2023-07-08,Germany,DE,205.8815,250.9968,82.03,870.55,916.14,0.3,-915.8,4265.64,6811.64,0.36,C,82.03,65.7767,GIE AGSI+ API v013
DE,2023-07-09,Germany,DE,206.7314,250.9968,82.36,870.55,848.3,5.1,-843.2,4265.64,6811.64,0.34,C,82.36,65.98,GIE AGSI+ API v013
DE,2023-07-10,Germany,DE,207.1539,250.1909,82.8,870.55,423.97,20.3,-403.7,4265.64,6811.64,0.17,C,82.8,66.2867,GIE AGSI+ API v013
DE,2023-07-11,Germany,DE,207.5016,250.1909,82.94,870.55,361.52,13.8,-347.7,4265.64,6811.64,0.14,C,82.94,66.4967,GIE AGSI+ API v013
DE,2023-07-12,Germany,DE,207.8737,250.1909,83.09,870.55,391.37,11.6,-379.8,4265.64,6811.64,0.15,C,83.09,66.6433,GIE AGSI+ API v013
DE,2023-07-13,Germany,DE,208.2805,250.2086,83.24,870.55,410.69,9.1,-401.5,4265.64,6811.64,0.16,C,83.24,66.7,GIE AGSI+ API v013
DE,2023-07-14,Germany,DE,208.8425,250.2086,83.47,870.55,570.33,8.3,-562,4265.64,6811.64,0.22,C,83.47,66.6967,GIE AGSI+ API v013
DE,2023-07-15,Germany,DE,209.8017,250.2086,83.85,870.55,991.77,4.8,-987,4265.64,6811.64,0.38,C,83.85,66.7233,GIE AGSI+ API v013
DE,2023-07-16,Germany,DE,210.8091,250.2086,84.25,870.55,1009.26,5.7,-1003.5,4265.64,6811.64,0.4,C,84.25,66.82,GIE AGSI+ API v013
DE,2023-07-17,Germany,DE,211.3989,250.2086,84.49,870.55,622.97,11.8,-611.2,4265.64,6811.64,0.24,C,84.49,66.9333,GIE AGSI+ API v013
DE,2023-07-18,Germany,DE,211.842,250.2086,84.67,870.55,445.99,4.2,-441.8,4265.64,6811.64,0.18,C,84.67,66.9767,GIE AGSI+ API v013
DE,2023-07-19,Germany,DE,212.2197,250.2086,84.82,870.55,406.77,27.3,-379.4,4265.64,6811.64,0.15,E,84.82,67.0267,GIE AGSI+ API v013
DE,2023-07-20,Germany,DE,212.5255,250.3326,84.9,870.55,308.23,18,-290.3,4267.28,6811.64,0.12,C,84.9,67.0567,GIE AGSI+ API v013
DE,2023-07-21,Germany,DE,212.9313,250.3326,85.06,870.55,417.14,9.1,-408,4267.28,6811.64,0.16,C,85.06,67.0233,GIE AGSI+ API v013
DE,2023-07-22,Germany,DE,213.8251,250.3326,85.42,870.55,934.14,12.3,-921.9,4267.28,6811.64,0.36,C,85.42,66.99,GIE AGSI+ API v013
DE,2023-07-23,Germany,DE,214.7982,250.3326,85.81,870.55,975.59,2.6,-973,4267.28,6811.64,0.39,C,85.81,67.16,GIE AGSI+ API v013
DE,2023-07-24,Germany,DE,215.3522,250.3326,86.03,870.55,534.8,1.5,-533.3,4267.28,6811.64,0.22,C,86.03,67.42,GIE AGSI+ API v013
DE,2023-07-25,Germany,DE,215.8642,250.3326,86.23,870.55,509.74,5.4,-504.4,4267.28,6811.64,0.2,C,86.23,67.6433,GIE AGSI+ API v013
DE,2023-07-26,Germany,DE,216.4527,250.3326,86.47,870.55,595.17,6,-589.1,4267.28,6811.64,0.24,C,86.47,67.9567,GIE AGSI+ API v013
DE,2023-07-27,Germany,DE,217.011,250.3326,86.69,870.55,565.21,4.6,-560.6,4267.28,6811.64,0.22,C,86.69,68.2033,GIE AGSI+ API v013
DE,2023-07-28,Germany,DE,217.4786,250.3326,86.88,870.55,479.92,8.6,-471.3,4267.28,6811.64,0.19,C,86.88,68.4733,GIE AGSI+ API v013
DE,2023-07-29,Germany,DE,218.6135,250.3326,87.33,870.55,1160.64,0.3,-1160.3,4267.28,6811.64,0.45,C,87.33,68.74,GIE AGSI+ API v013
DE,2023-07-30,Germany,DE,219.8486,250.3326,87.82,870.55,1240.08,0.3,-1239.7,4267.28,6811.64,0.49,C,87.82,69,GIE AGSI+ API v013
DE,2023-07-31,Germany,DE,220.8059,250.3576,88.2,870.55,928.25,1.2,-927.1,4265.12,6810.03,0.38,C,88.2,69.3067,GIE AGSI+ API v013
DE,2023-08-01,Germany,DE,220.2119,250.5627,87.89,870.55,623.82,1198.5,574.6,4265.12,6810.03,-0.24,C,87.89,69.6433,GIE AGSI+ API v013
DE,2023-08-02,Germany,DE,220.9876,250.5627,88.2,870.55,777.09,1.4,-775.6,4265.12,6810.03,0.31,C,88.2,70,GIE AGSI+ API v013
DE,2023-08-03,Germany,DE,221.5752,250.5627,88.43,870.55,602.16,11.7,-590.4,4265.12,6810.03,0.23,C,88.43,70.2833,GIE AGSI+ API v013
DE,2023-08-04,Germany,DE,222.056,250.5627,88.62,870.55,495.22,15.1,-480.1,4265.12,6810.03,0.19,E,88.62,70.5633,GIE AGSI+ API v013
DE,2023-08-05,Germany,DE,222.8331,250.5627,88.93,870.55,789.64,11.5,-778.1,4265.12,6810.03,0.31,C,88.93,70.88,GIE AGSI+ API v013
DE,2023-08-06,Germany,DE,223.6539,250.5627,89.26,870.55,822.24,0.4,-821.9,4265.12,6810.03,0.33,E,89.26,71.29,GIE AGSI+ API v013
DE,2023-08-07,Germany,DE,224.3646,250.5627,89.54,870.55,725.71,0.9,-724.8,4265.12,6810.03,0.28,C,89.54,71.68,GIE AGSI+ API v013
DE,2023-08-08,Germany,DE,225.1007,250.5627,89.84,870.55,711.21,0.8,-710.4,4265.12,6810.03,0.29,C,89.84,72.06,GIE AGSI+ API v013
DE,2023-08-09,Germany,DE,225.7798,250.5627,90.11,870.55,679.96,0.9,-679,4265.12,6810.03,0.27,C,90.11,72.4167,GIE AGSI+ API v013
DE,2023-08-10,Germany,DE,226.4862,250.5627,90.39,870.55,706.68,0.3,-706.4,4265.12,6810.03,0.28,C,90.39,72.7533,GIE AGSI+ API v013
DE,2023-08-11,Germany,DE,227.3221,250.5627,90.72,870.55,837.01,1.1,-835.9,4265.12,6810.03,0.33,C,90.72,73.0433,GIE AGSI+ API v013
DE,2023-08-12,Germany,DE,228.4492,250.5627,91.17,870.55,1153.79,0.2,-1153.5,4265.12,6810.03,0.45,C,91.17,73.3067,GIE AGSI+ API v013
DE,2023-08-13,Germany,DE,229.5482,250.5627,91.61,870.55,1100.38,9.3,-1091,4265.12,6810.03,0.44,C,91.61,73.6867,GIE AGSI+ API v013
DE,2023-08-14,Germany,DE,230.3121,250.7427,91.85,870.55,760.61,1.8,-758.8,4265.12,6810.03,0.3,C,91.85,74.0933,GIE AGSI+ API v013
DE,2023-08-15,Germany,DE,230.9889,252.3427,91.54,870.55,670.81,7.5,-663.3,4265.12,6810.03,0.27,C,91.54,74.4433,GIE AGSI+ API v013
DE,2023-08-16,Germany,DE,231.6809,252.3977,91.79,870.55,693.13,0.8,-692.4,4265.12,6810.03,0.27,C,91.79,74.77,GIE AGSI+ API v013
DE,2023-08-17,Germany,DE,232.4445,252.3738,92.1,870.55,767.46,1.8,-765.6,4265.12,6810.03,0.3,C,92.1,75.0167,GIE AGSI+ API v013
DE,2023-08-18,Germany,DE,233.1364,252.3738,92.38,870.55,694.02,1.7,-692.3,4265.12,6810.03,0.27,C,92.38,75.2067,GIE AGSI+ API v013
DE,2023-08-19,Germany,DE,234.0466,252.3738,92.74,870.55,938.42,20,-918.5,4265.12,6810.03,0.36,C,92.74,75.46,GIE AGSI+ API v013
DE,2023-08-20,Germany,DE,234.8224,252.3738,93.05,870.55,778.77,4.1,-774.7,4265.12,6810.03,0.31,C,93.05,75.8,GIE AGSI+ API v013
DE,2023-08-21,Germany,DE,235.2454,252.3734,93.21,870.55,470.5,49.1,-421.4,4265.12,6810.03,0.17,C,93.21,76.1833,GIE AGSI+ API v013
DE,2023-08-22,Germany,DE,235.4951,252.3734,93.31,870.55,277.05,33.8,-243.2,4265.12,6810.03,0.1,C,93.31,76.57,GIE AGSI+ API v013
DE,2023-08-23,Germany,DE,235.7082,252.3734,93.4,870.55,217.69,6.5,-211.2,4265.12,6810.03,0.08,C,93.4,76.9133,GIE AGSI+ API v013
DE,2023-08-24,Germany,DE,235.8929,252.3734,93.47,870.55,200.62,15.9,-184.7,4265.12,6810.03,0.07,C,93.47,77.1167,GIE AGSI+ API v013
DE,2023-08-25,Germany,DE,236.1212,252.3734,93.56,870.55,229.21,0.8,-228.4,4265.12,6810.03,0.09,C,93.56,77.4267,GIE AGSI+ API v013
DE,2023-08-26,Germany,DE,236.5554,252.3734,93.73,870.55,461.57,13.5,-448.1,4265.12,6810.03,0.17,C,93.73,77.74,GIE AGSI+ API v013
DE,2023-08-27,Germany,DE,237.0301,252.3734,93.92,870.55,488.95,14.3,-474.6,4265.12,6810.03,0.19,C,93.92,78.0733,GIE AGSI+ API v013
DE,2023-08-28,Germany,DE,237.1061,252.3734,93.95,870.55,157.64,95.2,-62.4,4265.12,6810.03,0.03,E,93.95,78.36,GIE AGSI+ API v013
DE,2023-08-29,Germany,DE,236.8822,252.3734,93.86,870.55,83.77,308.3,224.5,4265.12,6810.03,-0.09,C,93.86,78.64,GIE AGSI+ API v013
DE,2023-08-30,Germany,DE,236.9262,252.3734,93.88,870.55,127.55,83.6,-44,4265.12,6810.03,0.02,E,93.88,78.91,GIE AGSI+ API v013
DE,2023-08-31,Germany,DE,236.9783,252.611,93.81,870.55,186.37,90.2,-96.2,4265.12,6810.03,0.02,C,93.81,79.06,GIE AGSI+ API v013
DE,2023-09-01,Germany,DE,237.6171,253.5177,93.73,870.55,358.27,19.3,-339,4265.12,6810.03,0.25,C,93.73,79.22,GIE AGSI+ API v013
DE,2023-09-02,Germany,DE,237.9362,253.5177,93.85,870.55,474.69,156,-318.6,4265.12,6810.03,0.13,E,93.85,79.4667,GIE AGSI+ API v013
DE,2023-09-03,Germany,DE,238.2473,253.5177,93.98,870.55,521.43,210.4,-311.1,4265.12,6810.03,0.12,E,93.98,79.75,GIE AGSI+ API v013
DE,2023-09-04,Germany,DE,238.2944,253.5177,94,870.55,195.48,148.4,-47,4265.12,6810.03,0.02,E,94,80.0633,GIE AGSI+ API v013
DE,2023-09-05,Germany,DE,238.3681,253.5177,94.02,870.55,146.06,76.7,-69.4,4265.12,6810.03,0.03,C,94.02,80.3733,GIE AGSI+ API v013
DE,2023-09-06,Germany,DE,238.3832,253.6277,93.99,870.55,144.1,130.1,-14,4265.12,6810.03,0.01,C,93.99,80.6233,GIE AGSI+ API v013
DE,2023-09-07,Germany,DE,238.3769,253.6277,93.99,870.55,148.97,155.4,6.4,4265.12,6810.03,-0,C,93.99,80.7367,GIE AGSI+ API v013
DE,2023-09-08,Germany,DE,238.3274,253.6277,93.97,870.55,160.57,210.8,50.3,4265.12,6810.03,-0.02,C,93.97,80.9467,GIE AGSI+ API v013
DE,2023-09-09,Germany,DE,238.4566,253.6277,94.02,870.55,191.25,62,-129.2,4265.12,6810.03,0.05,C,94.02,81.19,GIE AGSI+ API v013
DE,2023-09-10,Germany,DE,238.5419,253.6277,94.05,870.55,166.48,81.1,-85.4,4265.12,6810.03,0.03,C,94.05,81.4067,GIE AGSI+ API v013
DE,2023-09-11,Germany,DE,238.52,253.6277,94.04,870.55,112.66,122.9,10.2,4265.12,6810.03,-0.01,E,94.04,81.6667,GIE AGSI+ API v013
DE,2023-09-12,Germany,DE,238.5239,253.6277,94.04,870.55,116.83,99.9,-16.9,4265.12,6810.03,0,E,94.04,81.9033,GIE AGSI+ API v013
DE,2023-09-13,Germany,DE,238.5312,253.6277,94.05,870.55,68.93,61.4,-7.5,4265.12,6810.03,0,E,94.05,82.12,GIE AGSI+ API v013
DE,2023-09-14,Germany,DE,238.5726,253.6277,94.06,870.55,93.67,54.7,-39,4265.12,6810.03,0.02,C,94.06,82.2467,GIE AGSI+ API v013
DE,2023-09-15,Germany,DE,238.72,253.6277,94.12,870.55,147.97,0.6,-147.4,4262.24,6805.95,0.06,C,94.12,82.39,GIE AGSI+ API v013
DE,2023-09-16,Germany,DE,238.9521,253.6277,94.21,870.55,264.52,32.4,-232.1,4262.24,6805.95,0.09,C,94.21,82.55,GIE AGSI+ API v013
DE,2023-09-17,Germany,DE,239.2808,253.6277,94.34,870.55,329.15,0.4,-328.7,4262.24,6805.95,0.13,C,94.34,82.75,GIE AGSI+ API v013
DE,2023-09-18,Germany,DE,239.5343,253.6277,94.44,870.55,253.76,0.4,-253.4,4262.24,6805.95,0.1,C,94.44,82.9933,GIE AGSI+ API v013
DE,2023-09-19,Germany,DE,239.8785,253.6277,94.58,870.55,343.67,3.1,-340.6,4262.24,6805.95,0.14,C,94.58,83.2333,GIE AGSI+ API v013
DE,2023-09-20,Germany,DE,240.1282,253.9071,94.57,870.55,266.95,14.6,-252.4,4262.24,6805.95,0.1,C,94.57,83.37,GIE AGSI+ API v013
DE,2023-09-21,Germany,DE,240.2855,253.9071,94.64,870.55,180.49,24.3,-156.1,4262.24,6805.95,0.06,C,94.64,83.4767,GIE AGSI+ API v013
DE,2023-09-22,Germany,DE,240.494,253.9071,94.72,870.55,225.34,16.9,-208.5,4262.24,6805.95,0.08,C,94.72,83.57,GIE AGSI+ API v013
DE,2023-09-23,Germany,DE,240.8917,254.0583,94.82,870.55,415.6,17.8,-397.8,4262.24,6805.95,0.16,C,94.82,83.7133,GIE AGSI+ API v013
DE,2023-09-24,Germany,DE,241.3176,254.0583,94.99,870.55,438.02,12.2,-425.9,4262.24,6805.95,0.17,C,94.99,83.94,GIE AGSI+ API v013
DE,2023-09-25,Germany,DE,241.5618,254.0583,95.08,870.55,294,49.8,-244.2,4262.24,6805.95,0.1,C,95.08,84.24,GIE AGSI+ API v013
DE,2023-09-26,Germany,DE,241.7789,254.0583,95.17,870.55,237.46,20.3,-217.1,4262.24,6805.95,0.09,C,95.17,84.4667,GIE AGSI+ API v013
DE,2023-09-27,Germany,DE,242.0663,254.0583,95.28,870.55,295.93,8.6,-287.3,4262.24,6805.95,0.11,E,95.28,84.6167,GIE AGSI+ API v013
DE,2023-09-28,Germany,DE,242.2787,254.0583,95.36,870.55,331.27,109.1,-222.2,4262.24,6805.95,0.08,C,95.36,84.5933,GIE AGSI+ API v013
DE,2023-09-29,Germany,DE,242.6879,254.1183,95.5,870.55,410.34,0.3,-410.1,4262.24,6805.95,0.16,C,95.5,84.7133,GIE AGSI+ API v013
DE,2023-09-30,Germany,DE,243.2453,254.1183,95.72,870.55,674.34,1.4,-672.9,4262.24,6805.95,0.22,C,95.72,84.77,GIE AGSI+ API v013
DE,2023-10-01,Germany,DE,244.058,254.1183,96.04,870.55,814.1,1.4,-812.7,4262.24,6805.95,0.32,C,96.04,84.9833,GIE AGSI+ API v013
DE,2023-10-02,Germany,DE,244.6327,254.1183,96.27,870.55,582.38,7.9,-574.5,4262.24,6805.95,0.23,C,96.27,85.28,GIE AGSI+ API v013
DE,2023-10-03,Germany,DE,245.43,254.1703,96.56,870.55,803,1.1,-801.9,4262.24,6805.95,0.31,C,96.56,85.67,GIE AGSI+ API v013
DE,2023-10-04,Germany,DE,245.927,254.1815,96.75,870.55,513.23,16.6,-496.7,4262.24,6805.95,0.2,C,96.75,85.9,GIE AGSI+ API v013
DE,2023-10-05,Germany,DE,245.9011,254.1815,96.74,870.55,129.35,155.3,26,4262.24,6805.95,-0.01,E,96.74,86.1633,GIE AGSI+ API v013
DE,2023-10-06,Germany,DE,246.3025,254.2592,96.87,870.55,411.69,5,-406.7,4262.24,6805.95,0.16,C,96.87,86.32,GIE AGSI+ API v013
DE,2023-10-07,Germany,DE,246.911,254.2315,97.12,870.55,613.11,13.7,-599.4,4262.24,6805.95,0.24,C,97.12,86.4167,GIE AGSI+ API v013
DE,2023-10-08,Germany,DE,247.4053,254.2315,97.31,870.55,529.57,30.1,-499.5,4262.24,6805.95,0.19,E,97.31,86.6367,GIE AGSI+ API v013
DE,2023-10-09,Germany,DE,247.635,254.2592,97.39,870.55,260.54,9.7,-250.8,4262.24,6805.95,0.09,C,97.39,86.88,GIE AGSI+ API v013
DE,2023-10-10,Germany,DE,247.9138,254.6732,97.35,870.55,297.58,15.3,-282.3,4262.24,6805.95,0.11,C,97.35,87.0667,GIE AGSI+ API v013
DE,2023-10-11,Germany,DE,248.4719,254.6982,97.56,870.55,566.55,1.4,-565.1,4262.24,6805.95,0.22,C,97.56,87.1367,GIE AGSI+ API v013
DE,2023-10-12,Germany,DE,248.8354,254.6982,97.7,870.55,389.08,20,-369,4262.24,6805.95,0.14,C,97.7,87.2633,GIE AGSI+ API v013
DE,2023-10-13,Germany,DE,249.5049,254.6705,97.97,870.55,692.5,1.7,-690.8,4262.24,6805.95,0.26,C,97.97,87.2233,GIE AGSI+ API v013
DE,2023-10-14,Germany,DE,250.1661,254.6705,98.23,870.55,684.33,15.5,-668.9,4262.24,6805.95,0.26,C,98.23,87.2967,GIE AGSI+ API v013
DE,2023-10-15,Germany,DE,250.5728,254.6705,98.39,870.55,431.53,24.8,-406.7,4262.24,6805.95,0.16,E,98.39,87.41,GIE AGSI+ API v013
DE,2023-10-16,Germany,DE,250.6843,254.6982,98.42,870.55,196.34,100.5,-95.8,4262.24,6805.95,0.04,C,98.42,87.5533,GIE AGSI+ API v013
DE,2023-10-17,Germany,DE,250.6743,254.6982,98.42,870.55,86.81,96.9,10.1,4262.24,6805.95,-0,C,98.42,87.6533,GIE AGSI+ API v013
DE,2023-10-18,Germany,DE,250.5919,254.6982,98.39,870.55,93.85,177.7,83.8,4262.24,6805.95,-0.03,C,98.39,87.74,GIE AGSI+ API v013
DE,2023-10-19,Germany,DE,250.6218,254.6982,98.4,870.55,131.34,100,-31.3,4262.24,6805.95,0.01,C,98.4,87.7633,GIE AGSI+ API v013
DE,2023-10-20,Germany,DE,250.7146,254.7182,98.43,870.55,201.63,108.8,-92.8,4262.24,6805.95,0.04,C,98.43,87.9,GIE AGSI+ API v013
DE,2023-10-21,Germany,DE,251.2713,254.7182,98.65,870.55,556.84,0.1,-556.7,4262.24,6805.95,0.22,C,98.65,87.8933,GIE AGSI+ API v013
DE,2023-10-22,Germany,DE,251.7624,254.6905,98.85,870.55,494.1,3.2,-490.9,4262.24,6805.95,0.19,C,98.85,88.0133,GIE AGSI+ API v013
DE,2023-10-23,Germany,DE,251.8067,254.7522,98.84,870.55,162.41,118,-44.5,4262.24,6805.95,0.02,E,98.84,88.1033,GIE AGSI+ API v013
DE,2023-10-24,Germany,DE,251.8821,254.7798,98.86,870.55,119.59,50.8,-68.8,4262.24,6805.95,0.03,C,98.86,88.1933,GIE AGSI+ API v013
DE,2023-10-25,Germany,DE,251.9418,254.7798,98.89,870.55,137.89,89,-48.9,4262.24,6805.95,0.02,C,98.89,88.1867,GIE AGSI+ API v013
DE,2023-10-26,Germany,DE,252.0506,254.7798,98.93,870.55,192.76,73.1,-119.7,4262.24,6805.95,0.04,C,98.93,88.1633,GIE AGSI+ API v013
DE,2023-10-27,Germany,DE,252.2147,254.7798,98.99,870.55,219.13,54.3,-164.8,4262.24,6805.95,0.06,C,98.99,88.25,GIE AGSI+ API v013
DE,2023-10-28,Germany,DE,252.7549,254.7798,99.21,870.55,555.01,7.5,-547.5,4378.91,6999.5,0.21,C,99.21,88.28,GIE AGSI+ API v013
DE,2023-10-29,Germany,DE,253.3396,254.7798,99.43,870.55,584.58,0,-584.5,4262.24,6805.95,0.23,C,99.43,88.3567,GIE AGSI+ API v013
DE,2023-10-30,Germany,DE,253.5727,254.7798,99.53,870.55,270.24,42.3,-228,4262.24,6805.95,0.09,C,99.53,88.5,GIE AGSI+ API v013
DE,2023-10-31,Germany,DE,253.8773,254.7798,99.65,870.55,330.77,8,-322.8,4262.24,6805.95,0.12,C,99.65,88.6033,GIE AGSI+ API v013
DE,2023-11-01,Germany,DE,254.2684,254.8435,99.77,870.55,420.31,19.6,-400.7,4264.91,6805.95,0.15,C,99.77,88.8,GIE AGSI+ API v013
DE,2023-11-02,Germany,DE,254.611,254.8435,99.91,870.55,371.44,19,-352.4,4264.91,6805.95,0.13,C,99.91,88.8133,GIE AGSI+ API v013
DE,2023-11-03,Germany,DE,254.711,254.8435,99.95,870.55,146.49,46.6,-99.9,4264.91,6805.95,0.04,C,99.95,88.6967,GIE AGSI+ API v013
DE,2023-11-04,Germany,DE,254.9407,254.8435,100.04,870.55,246.11,11.1,-235,4264.91,6805.95,0.09,C,100.04,88.5467,GIE AGSI+ API v013
DE,2023-11-05,Germany,DE,255.1921,254.8435,100.14,870.55,260.62,9.3,-251.4,4264.91,6805.95,0.1,C,100.14,88.4467,GIE AGSI+ API v013
DE,2023-11-06,Germany,DE,255.2866,254.9871,100.12,870.55,110.43,15.9,-94.6,4264.91,6805.95,0.04,C,100.12,88.4867,GIE AGSI+ API v013
DE,2023-11-07,Germany,DE,255.3398,254.9871,100.14,870.55,68.36,15.2,-53.2,4264.91,6805.95,0.02,C,100.14,88.5033,GIE AGSI+ API v013
DE,2023-11-08,Germany,DE,255.2418,254.9871,100.1,870.55,35.96,134,98,4264.91,6805.95,-0.04,C,100.1,88.41,GIE AGSI+ API v013
DE,2023-11-09,Germany,DE,255.2591,254.9871,100.11,870.55,64.23,46.9,-17.3,4264.91,6805.95,0.01,C,100.11,88.3267,GIE AGSI+ API v013
DE,2023-11-10,Germany,DE,255.2331,255.0166,100.08,870.55,74.35,100.4,26,4264.91,6805.95,-0.01,C,100.08,88.16,GIE AGSI+ API v013
DE,2023-11-11,Germany,DE,255.3376,255.0166,100.13,870.55,118.39,13.9,-104.5,4264.91,6805.95,0.04,C,100.13,88.01,GIE AGSI+ API v013
DE,2023-11-12,Germany,DE,255.409,255.0166,100.15,870.55,82.25,10.9,-71.3,4264.91,6805.95,0.03,C,100.15,87.8967,GIE AGSI+ API v013
DE,2023-11-13,Germany,DE,255.2857,255.0166,100.11,870.55,50.75,174.2,123.4,4264.91,6805.95,-0.05,C,100.11,87.9133,GIE AGSI+ API v013
DE,2023-11-14,Germany,DE,255.384,255.0166,100.14,870.55,105.68,8.3,-97.4,4264.91,6805.95,0.04,C,100.14,87.93,GIE AGSI+ API v013
DE,2023-11-15,Germany,DE,255.8407,255.0166,100.32,870.55,40.31,45.7,5.4,4264.91,6805.95,0.18,C,100.32,87.8833,GIE AGSI+ API v013
DE,2023-11-16,Germany,DE,255.5072,254.8368,100.26,870.55,11.88,345.4,333.5,4264.91,7045.95,-0.13,C,100.26,87.7767,GIE AGSI+ API v013
DE,2023-11-17,Germany,DE,255.1048,254.8368,100.11,870.55,6.81,409.1,402.3,4264.91,7045.95,-0.16,C,100.11,87.67,GIE AGSI+ API v013
DE,2023-11-18,Germany,DE,255.0834,254.8768,100.08,870.55,98.26,119.7,21.4,4264.91,7045.95,-0.01,C,100.08,87.6067,GIE AGSI+ API v013
DE,2023-11-19,Germany,DE,255.435,254.8768,100.22,870.55,378.93,27.3,-351.6,4264.91,7045.95,0.14,C,100.22,87.5967,GIE AGSI+ API v013
DE,2023-11-20,Germany,DE,255.5234,254.8768,100.25,870.55,170.77,79.8,-91,4264.91,7045.95,0.03,C,100.25,87.4967,GIE AGSI+ API v013
DE,2023-11-21,Germany,DE,255.0494,254.8768,100.07,870.55,15.37,489.3,474,4264.91,7045.95,-0.19,C,100.07,87.41,GIE AGSI+ API v013
DE,2023-11-22,Germany,DE,254.16,254.8768,99.72,870.55,16.81,906.7,889.9,4264.91,7045.95,-0.35,C,99.72,87.2167,GIE AGSI+ API v013
DE,2023-11-23,Germany,DE,253.7655,254.9118,99.55,870.55,44.33,438.8,394.5,4264.91,7045.95,-0.15,C,99.55,86.8433,GIE AGSI+ API v013
DE,2023-11-24,Germany,DE,253.2954,254.9118,99.37,870.55,22.98,493,470.1,4264.91,7045.95,-0.18,C,99.37,86.4833,GIE AGSI+ API v013
DE,2023-11-25,Germany,DE,252.8296,254.9118,99.18,870.55,20.76,486.6,465.9,4264.91,7045.95,-0.18,C,99.18,86.0867,GIE AGSI+ API v013
DE,2023-11-26,Germany,DE,252.2924,254.9468,98.96,870.55,36.89,574,537.1,4264.91,7045.95,-0.21,E,98.96,85.72,GIE AGSI+ API v013
DE,2023-11-27,Germany,DE,251.16,254.9468,98.51,870.55,28.15,1158,1129.9,4264.91,7045.95,-0.44,C,98.51,85.39,GIE AGSI+ API v013
DE,2023-11-28,Germany,DE,249.6965,254.9468,97.94,870.55,20.39,1475.6,1455.2,4264.91,7045.95,-0.57,C,97.94,84.9833,GIE AGSI+ API v013
DE,2023-11-29,Germany,DE,247.7565,254.9468,97.18,870.55,13.55,1953.5,1940,4264.91,7045.95,-0.76,C,97.18,84.4367,GIE AGSI+ API v013
DE,2023-11-30,Germany,DE,245.5718,254.9468,96.32,870.55,11.27,2229.4,2218.1,4264.91,7045.95,-0.86,E,96.32,83.92,GIE AGSI+ API v013
DE,2023-12-01,Germany,DE,244.0109,254.8323,95.75,870.55,32.29,1677.6,1645.3,4264.91,7045.95,-0.61,C,95.75,83.3867,GIE AGSI+ API v013
DE,2023-12-02,Germany,DE,242.5979,254.8323,95.2,870.55,11.91,1427.2,1415.3,4264.91,7045.95,-0.55,C,95.2,82.74,GIE AGSI+ API v013
DE,2023-12-03,Germany,DE,241.4745,254.8323,94.76,870.55,15.07,1137.1,1122,4264.91,7045.95,-0.44,C,94.76,82.2167,GIE AGSI+ API v013
DE,2023-12-04,Germany,DE,239.6087,254.8323,94.03,870.55,18.93,1884.7,1865.8,4264.91,7045.95,-0.73,C,94.03,81.81,GIE AGSI+ API v013
DE,2023-12-05,Germany,DE,238.0321,254.8323,93.41,870.55,25.19,1601.8,1576.6,4264.91,7045.95,-0.62,C,93.41,81.3767,GIE AGSI+ API v013
DE,2023-12-06,Germany,DE,236.3013,254.8323,92.73,870.55,15.85,1710.3,1694.4,4025.71,6806.98,-0.68,C,92.73,80.85,GIE AGSI+ API v013
DE,2023-12-07,Germany,DE,235.0558,254.8323,92.24,870.55,20.69,1270.9,1250.3,4025.71,6806.96,-0.49,C,92.24,80.2633,GIE AGSI+ API v013
DE,2023-12-08,Germany,DE,234.1643,254.8323,91.89,870.55,45.38,932.1,886.7,4025.71,6806.96,-0.35,C,91.89,79.7133,GIE AGSI+ API v013
DE,2023-12-09,Germany,DE,234.0271,254.8323,91.84,870.55,233.35,357.6,124.2,4025.71,6806.96,-0.05,C,91.84,79.03,GIE AGSI+ API v013
DE,2023-12-10,Germany,DE,234.0902,254.8323,91.86,870.55,334.32,271.2,-63.1,4025.71,6806.96,0.02,C,91.86,78.39,GIE AGSI+ API v013
DE,2023-12-11,Germany,DE,233.7898,254.8323,91.74,870.55,94.93,399.3,304.4,4025.71,6806.96,-0.12,C,91.74,77.86,GIE AGSI+ API v013
DE,2023-12-12,Germany,DE,233.3151,254.8046,91.57,870.55,34.24,509.7,475.4,4025.71,6806.96,-0.19,E,91.57,77.2967,GIE AGSI+ API v013
DE,2023-12-13,Germany,DE,232.892,254.8046,91.4,870.55,63.02,481.1,418,4025.71,6806.96,-0.17,E,91.4,76.6667,GIE AGSI+ API v013
DE,2023-12-14,Germany,DE,232.2634,254.8323,91.14,870.55,30.62,726.5,695.9,4025.71,6806.96,-0.25,C,91.14,76.0433,GIE AGSI+ API v013
DE,2023-12-15,Germany,DE,231.8333,254.8323,90.97,870.55,69.76,499.8,430,4025.71,6806.96,-0.17,C,90.97,75.5233,GIE AGSI+ API v013
DE,2023-12-16,Germany,DE,231.9306,254.8323,91.01,870.55,377.19,290.1,-87.1,4025.71,6806.96,0.04,C,91.01,75.0367,GIE AGSI+ API v013
DE,2023-12-17,Germany,DE,231.9204,254.8323,91.01,870.55,385.63,285.9,-99.7,4025.71,6806.96,-0,C,91.01,74.65,GIE AGSI+ API v013
DE,2023-12-18,Germany,DE,231.5337,254.8323,90.86,870.55,65.37,499,433.6,4025.71,6806.96,-0.15,C,90.86,74.3467,GIE AGSI+ API v013
DE,2023-12-19,Germany,DE,230.8307,254.8323,90.58,870.55,71.74,727.6,655.9,4025.71,6806.96,-0.28,C,90.58,74.1033,GIE AGSI+ API v013
DE,2023-12-20,Germany,DE,230.2701,254.8323,90.36,870.55,84.71,642.3,557.6,4025.71,6806.96,-0.22,C,90.36,73.7533,GIE AGSI+ API v013
DE,2023-12-21,Germany,DE,230.1188,254.8323,90.3,870.55,183.82,335.2,151.4,4025.71,6806.96,-0.06,C,90.3,73.3467,GIE AGSI+ API v013
DE,2023-12-22,Germany,DE,230.0134,254.8323,90.26,870.55,191.55,296.9,105.3,4025.71,6806.96,-0.04,C,90.26,73.0367,GIE AGSI+ API v013
DE,2023-12-23,Germany,DE,230.1785,254.8323,90.33,870.55,458.54,293.6,-164.9,4025.71,6806.96,0.06,C,90.33,72.8267,GIE AGSI+ API v013
DE,2023-12-24,Germany,DE,230.5508,254.8323,90.47,870.55,626.08,253.8,-372.3,4025.71,6806.96,0.15,C,90.47,72.7533,GIE AGSI+ API v013
DE,2023-12-25,Germany,DE,231.0529,254.8323,90.67,870.55,705.46,203.4,-502.1,4025.71,6806.96,0.2,C,90.67,72.7367,GIE AGSI+ API v013
DE,2023-12-26,Germany,DE,231.4218,254.8323,90.81,870.55,608.29,239.4,-368.9,4025.71,6806.96,0.14,C,90.81,72.6867,GIE AGSI+ API v013
DE,2023-12-27,Germany,DE,231.4941,254.8323,90.84,870.55,351.16,278.8,-72.4,4025.71,6806.96,0.03,C,90.84,72.5967,GIE AGSI+ API v013
DE,2023-12-28,Germany,DE,231.646,254.8323,90.9,870.55,429.69,277.7,-152,4025.71,6806.96,0.06,E,90.9,72.47,GIE AGSI+ API v013
DE,2023-12-29,Germany,DE,231.7399,254.8323,90.94,870.55,384.15,286.8,-97.3,4025.71,6806.96,0.04,C,90.94,72.4267,GIE AGSI+ API v013
DE,2023-12-30,Germany,DE,231.9051,254.8323,91,870.55,399.99,238.4,-161.6,4025.71,6806.96,0.06,C,91,72.3867,GIE AGSI+ API v013
DE,2023-12-31,Germany,DE,231.9639,254.8323,91.03,870.55,292.82,230.5,-62.4,4025.71,6806.96,0.02,C,91.03,72.4967,GIE AGSI+ API v013
DE,2024-01-01,Germany,DE,232.0502,254.8323,91.06,903.9,447.11,364.4,-82.7,4025.71,6806.96,0,E,91.06,78.6925,GIE AGSI+ API v013
DE,2024-01-02,Germany,DE,231.9955,254.8323,91.04,903.9,300.29,473.9,173.6,4025.71,6812.96,-0.02,C,91.04,78.565,GIE AGSI+ API v013
DE,2024-01-03,Germany,DE,231.6822,254.8323,90.92,903.9,214.36,530.6,316.3,4025.71,6812.96,-0.12,C,90.92,78.3875,GIE AGSI+ API v013
DE,2024-01-04,Germany,DE,231.0731,254.8323,90.68,903.9,66.65,659.9,593.3,4025.71,6812.96,-0.24,E,90.68,78.095,GIE AGSI+ API v013
DE,2024-01-05,Germany,DE,230.3468,254.8323,90.39,903.9,64.32,820.6,756.3,4025.71,6812.96,-0.29,C,90.39,77.68,GIE AGSI+ API v013
DE,2024-01-06,Germany,DE,229.6733,254.8323,90.13,903.9,69.97,729.6,659.6,4025.71,6812.96,-0.26,C,90.13,77.26,GIE AGSI+ API v013
DE,2024-01-07,Germany,DE,228.5874,254.8323,89.7,903.9,21.37,1125.6,1104.2,4025.71,6812.96,-0.43,C,89.7,76.7625,GIE AGSI+ API v013
DE,2024-01-08,Germany,DE,226.2327,254.8323,88.78,903.9,18.46,2373.3,2354.8,4025.71,6812.96,-0.92,C,88.78,76.2925,GIE AGSI+ API v013
DE,2024-01-09,Germany,DE,223.2449,254.8323,87.6,903.9,16.97,2991.4,2974.5,4025.71,6812.96,-1.17,C,87.6,75.855,GIE AGSI+ API v013
DE,2024-01-10,Germany,DE,220.2405,254.8323,86.43,903.9,20.79,3017.1,2996.3,4025.71,6812.96,-1.18,C,86.43,75.2925,GIE AGSI+ API v013
DE,2024-01-11,Germany,DE,217.3371,254.8323,85.29,903.9,36.08,2969.2,2933.1,4025.71,6812.96,-1.14,E,85.29,74.615,GIE AGSI+ API v013
DE,2024-01-12,Germany,DE,215.0235,254.8323,84.38,903.9,15.23,2278.6,2263.4,4025.71,6812.96,-0.91,E,84.38,73.99,GIE AGSI+ API v013
DE,2024-01-13,Germany,DE,213.5905,254.8323,83.82,903.9,23.16,1462.4,1439.2,4025.71,6812.96,-0.56,E,83.82,73.3875,GIE AGSI+ API v013
DE,2024-01-14,Germany,DE,212.2852,254.8323,83.3,903.9,20.4,1367.2,1346.8,4025.71,6812.96,-0.51,C,83.3,72.79,GIE AGSI+ API v013
DE,2024-01-15,Germany,DE,210.2292,254.8323,82.5,903.9,14.29,2084.2,2069.9,4025.71,6812.96,-0.81,C,82.5,72.2175,GIE AGSI+ API v013
DE,2024-01-16,Germany,DE,207.7596,254.8323,81.53,903.9,9.23,2463.3,2454.1,4025.71,6812.96,-0.97,C,81.53,71.64,GIE AGSI+ API v013
DE,2024-01-17,Germany,DE,205.3181,254.8323,80.57,903.9,29.66,2484.2,2454.5,4025.71,6812.96,-0.96,C,80.57,71.0125,GIE AGSI+ API v013
DE,2024-01-18,Germany,DE,203.1068,254.8323,79.7,903.9,9.28,2193.8,2184.5,4025.71,6812.96,-0.87,C,79.7,70.285,GIE AGSI+ API v013
DE,2024-01-19,Germany,DE,200.9177,254.8323,78.84,903.9,8.44,2204,2195.6,4025.71,6813.39,-0.86,E,78.84,69.5925,GIE AGSI+ API v013
DE,2024-01-20,Germany,DE,199.3578,254.8323,78.23,903.9,28.33,1626.5,1598.1,4025.71,6813.39,-0.61,C,78.23,68.855,GIE AGSI+ API v013
DE,2024-01-21,Germany,DE,197.9988,254.8323,77.7,903.9,45.44,1397,1351.6,4025.71,6813.39,-0.53,E,77.7,68.18,GIE AGSI+ API v013
DE,2024-01-22,Germany,DE,197.0939,254.8323,77.34,903.9,59.44,959.1,899.7,4025.71,6813.39,-0.36,C,77.34,67.54,GIE AGSI+ API v013
DE,2024-01-23,Germany,DE,196.1797,254.8323,76.98,903.9,34.08,953.6,919.5,4025.71,6813.39,-0.36,C,76.98,66.8075,GIE AGSI+ API v013
DE,2024-01-24,Germany,DE,195.6241,254.8323,76.77,903.9,84.89,645.5,560.6,4025.71,6813.39,-0.22,C,76.77,65.9675,GIE AGSI+ API v013
DE,2024-01-25,Germany,DE,194.9136,254.8323,76.49,903.9,92.08,813.4,721.4,4025.71,6813.39,-0.28,C,76.49,65.0875,GIE AGSI+ API v013
DE,2024-01-26,Germany,DE,194.3625,254.8046,76.28,903.9,113.4,620.3,506.9,4025.71,6813.39,-0.22,E,76.28,64.345,GIE AGSI+ API v013
DE,2024-01-27,Germany,DE,193.6722,254.8046,76.01,903.9,35.84,679.9,644.1,4025.71,6813.39,-0.27,E,76.01,63.605,GIE AGSI+ API v013
DE,2024-01-28,Germany,DE,192.921,254.8323,75.71,903.9,29.33,750.6,721.3,4025.71,6813.39,-0.29,C,75.71,62.94,GIE AGSI+ API v013
DE,2024-01-29,Germany,DE,192.0414,254.8323,75.36,903.9,48.08,897.6,849.6,4025.71,6813.39,-0.35,C,75.36,62.455,GIE AGSI+ API v013
DE,2024-01-30,Germany,DE,191.1898,254.8323,75.03,903.9,30.05,868.5,838.5,4025.71,6813.39,-0.33,C,75.03,61.9625,GIE AGSI+ API v013
DE,2024-01-31,Germany,DE,190.3428,254.8323,74.69,903.9,28.92,827.2,798.3,4025.71,6813.39,-0.33,C,74.69,61.475,GIE AGSI+ API v013
DE,2024-02-01,Germany,DE,189.5725,254.8323,74.39,903.9,94.83,774.9,680.1,4025.71,6813.39,-0.3,E,74.39,61.05,GIE AGSI+ API v013
DE,2024-02-02,Germany,DE,188.9886,254.8323,74.16,903.9,93.38,682,588.6,4025.71,6813.39,-0.23,C,74.16,60.6725,GIE AGSI+ API v013
DE,2024-02-03,Germany,DE,188.8761,254.8323,74.12,903.9,306.72,419.2,112.5,4025.71,6813.39,-0.04,C,74.12,60.385,GIE AGSI+ API v013
DE,2024-02-04,Germany,DE,188.7048,254.8323,74.05,903.9,270.33,475.4,205,4025.71,6813.39,-0.07,C,74.05,60.05,GIE AGSI+ API v013
DE,2024-02-05,Germany,DE,188.2247,254.8323,73.86,903.9,125.04,602.3,477.3,4025.71,6813.39,-0.19,C,73.86,59.765,GIE AGSI+ API v013
DE,2024-02-06,Germany,DE,187.7702,254.8323,73.68,903.9,111.65,565.9,454.3,4025.71,6813.39,-0.18,C,73.68,59.2275,GIE AGSI+ API v013
DE,2024-02-07,Germany,DE,186.7163,254.8323,73.27,903.9,40.9,1094.8,1053.9,4025.71,6813.39,-0.41,C,73.27,58.675,GIE AGSI+ API v013
DE,2024-02-08,Germany,DE,185.4915,254.8323,72.79,903.9,33.56,1264.8,1231.3,4025.71,6813.39,-0.48,E,72.79,58.085,GIE AGSI+ API v013
DE,2024-02-09,Germany,DE,184.9841,254.8323,72.59,903.9,68.04,602.9,534.8,4025.71,6813.39,-0.2,C,72.59,57.51,GIE AGSI+ API v013
DE,2024-02-10,Germany,DE,184.6706,254.8323,72.47,903.9,187.09,387.8,200.7,4025.71,6813.39,-0.12,C,72.47,56.8875,GIE AGSI+ API v013
DE,2024-02-11,Germany,DE,184.2278,254.8323,72.29,903.9,108.94,438.9,330,4025.71,6813.39,-0.17,C,72.29,56.36,GIE AGSI+ API v013
DE,2024-02-12,Germany,DE,183.4644,254.8323,71.99,903.9,15.69,691.2,675.5,4025.71,6813.39,-0.3,C,71.99,55.86,GIE AGSI+ API v013
DE,2024-02-13,Germany,DE,182.536,254.8323,71.63,903.9,53.25,864.1,810.8,4025.71,6813.39,-0.36,C,71.63,55.375,GIE AGSI+ API v013
DE,2024-02-14,Germany,DE,181.8334,254.8323,71.35,903.9,32.92,735.4,702.5,4025.71,6813.39,-0.28,C,71.35,54.9575,GIE AGSI+ API v013
DE,2024-02-15,Germany,DE,181.6633,254.8323,71.29,903.9,161.02,332.4,171.4,4025.71,6813.39,-0.07,C,71.29,54.5575,GIE AGSI+ API v013
DE,2024-02-16,Germany,DE,181.6447,254.8323,71.28,903.9,190.27,208.8,18.5,4025.71,6813.39,-0.01,C,71.28,54.325,GIE AGSI+ API v013
DE,2024-02-17,Germany,DE,181.7792,254.8323,71.33,903.9,285,150.5,-134.5,4025.71,6813.39,0.05,C,71.33,54.165,GIE AGSI+ API v013
DE,2024-02-18,Germany,DE,181.8741,254.8323,71.37,903.9,273.43,178.5,-94.9,4025.71,6813.39,0.04,C,71.37,54.015,GIE AGSI+ API v013
DE,2024-02-19,Germany,DE,181.606,254.8323,71.26,903.9,93.92,351.2,257.3,4025.71,6813.39,-0.11,C,71.26,53.8625,GIE AGSI+ API v013
DE,2024-02-20,Germany,DE,181.2582,254.8323,71.13,903.9,89.22,440.5,351.3,4025.71,6813.39,-0.14,C,71.13,53.73,GIE AGSI+ API v013
DE,2024-02-21,Germany,DE,180.7697,254.8323,70.94,903.9,42.85,527,484.2,4025.71,6813.39,-0.19,E,70.94,53.555,GIE AGSI+ API v013
DE,2024-02-22,Germany,DE,180.2871,254.8323,70.75,903.9,30.21,512.3,482.1,4025.71,6813.39,-0.19,C,70.75,53.34,GIE AGSI+ API v013
DE,2024-02-23,Germany,DE,179.6704,254.8323,70.51,903.9,43.16,659.5,616.3,4025.71,6813.39,-0.24,C,70.51,53.205,GIE AGSI+ API v013
DE,2024-02-24,Germany,DE,179.2841,254.8323,70.35,903.9,57.96,444.3,386.4,4025.71,6813.39,-0.15,C,70.35,53.07,GIE AGSI+ API v013
DE,2024-02-25,Germany,DE,178.9105,254.8323,70.21,903.9,45.96,419.5,373.6,4025.71,6813.39,-0.15,C,70.21,52.8875,GIE AGSI+ API v013
DE,2024-02-26,Germany,DE,177.9924,254.8323,69.85,903.9,34.97,951.5,916.5,4025.71,6813.39,-0.36,C,69.85,52.65,GIE AGSI+ API v013
DE,2024-02-27,Germany,DE,176.9194,254.8323,69.43,903.9,47.74,1031.6,983.9,4025.71,6813.39,-0.42,C,69.43,52.2625,GIE AGSI+ API v013
DE,2024-02-28,Germany,DE,175.8057,254.8323,68.99,903.9,63.81,1172.5,1108.7,4025.71,6813.39,-0.44,C,68.99,51.83,GIE AGSI+ API v013
DE,2024-02-29,Germany,DE,175.1646,254.8323,68.74,903.9,106.26,742.2,635.9,4025.71,6813.39,-0.25,C,68.74,78.22,GIE AGSI+ API v013
DE,2024-03-01,Germany,DE,174.5628,254.8323,68.5,903.9,90.99,684.2,593.2,4025.71,6813.39,-0.24,C,68.5,51.38,GIE AGSI+ API v013
DE,2024-03-02,Germany,DE,174.5529,254.8323,68.5,903.9,317.01,326.9,9.9,4025.71,6813.39,-0,C,68.5,50.905,GIE AGSI+ API v013
DE,2024-03-03,Germany,DE,174.6883,254.8323,68.55,903.9,383.49,259.1,-124.4,4025.71,6813.39,0.05,C,68.55,50.5225,GIE AGSI+ API v013
DE,2024-03-04,Germany,DE,174.2821,254.8323,68.39,903.9,117.81,526.2,408.4,4025.71,6813.39,-0.16,C,68.39,50.2025,GIE AGSI+ API v013
DE,2024-03-05,Germany,DE,173.2702,254.8323,67.99,903.9,30.37,1042.2,1011.9,4025.71,6813.39,-0.4,E,67.99,49.8625,GIE AGSI+ API v013
DE,2024-03-06,Germany,DE,172.4271,254.8323,67.66,903.9,84.29,893.8,809.5,4025.71,6813.39,-0.33,C,67.66,49.535,GIE AGSI+ API v013
DE,2024-03-07,Germany,DE,171.8012,254.8323,67.42,903.9,55.95,681.8,625.8,4025.71,6813.39,-0.25,C,67.42,49.105,GIE AGSI+ API v013
DE,2024-03-08,Germany,DE,171.2055,254.8323,67.18,903.9,48.98,645.1,596.1,4025.71,6813.39,-0.23,C,67.18,48.6675,GIE AGSI+ API v013
DE,2024-03-09,Germany,DE,171.0084,254.8323,67.11,903.9,124.63,321.3,196.7,4025.71,6813.39,-0.08,C,67.11,48.2925,GIE AGSI+ API v013
DE,2024-03-10,Germany,DE,170.9375,254.8323,67.08,903.9,196.85,267.7,70.9,4025.71,6813.39,-0.03,C,67.08,48.15,GIE AGSI+ API v013
DE,2024-03-11,Germany,DE,170.23,254.8323,66.8,903.9,39.19,746.8,707.6,4025.71,6813.39,-0.28,C,66.8,48.0375,GIE AGSI+ API v013
DE,2024-03-12,Germany,DE,169.457,254.8323,66.5,903.9,57.42,830.1,772.6,4025.71,6813.39,-0.3,C,66.5,48,GIE AGSI+ API v013
DE,2024-03-13,Germany,DE,168.8992,254.8323,66.28,903.9,72.7,630.6,557.9,4025.71,6813.39,-0.22,E,66.28,47.995,GIE AGSI+ API v013
DE,2024-03-14,Germany,DE,168.82,254.8323,66.25,903.9,251.73,331,79.2,4025.71,6813.39,-0.03,E,66.25,47.87,GIE AGSI+ API v013
DE,2024-03-15,Germany,DE,169.0114,254.8323,66.32,903.9,362.14,170.7,-191.4,4025.71,6813.39,0.08,E,66.32,47.7225,GIE AGSI+ API v013
DE,2024-03-16,Germany,DE,169.0318,254.7646,66.35,903.9,234.06,213.7,-20.4,4025.71,6813.39,0.01,E,66.35,47.595,GIE AGSI+ API v013
DE,2024-03-17,Germany,DE,168.9205,254.7646,66.3,903.9,191.76,303,111.3,4025.71,6813.39,-0.04,E,66.3,47.47,GIE AGSI+ API v013
DE,2024-03-18,Germany,DE,168.5174,254.7369,66.15,903.9,49.57,449.1,399.6,4025.71,6813.39,-0.16,E,66.15,47.395,GIE AGSI+ API v013
DE,2024-03-19,Germany,DE,168.126,254.7369,66,903.9,41.98,432.5,390.6,4025.71,6813.39,-0.15,E,66,47.3825,GIE AGSI+ API v013
DE,2024-03-20,Germany,DE,167.9661,254.7646,65.93,903.9,66.62,226.3,159.7,4025.71,6813.39,-0.06,E,65.93,47.33,GIE AGSI+ API v013
DE,2024-03-21,Germany,DE,167.9402,254.7646,65.92,903.9,185.13,210.6,25.5,4025.71,6813.39,-0.01,E,65.92,47.265,GIE AGSI+ API v013
DE,2024-03-22,Germany,DE,167.9048,254.7646,65.91,903.9,154.67,190.1,35.4,4025.71,6813.39,-0.01,E,65.91,47.195,GIE AGSI+ API v013
DE,2024-03-23,Germany,DE,167.8591,254.7646,65.89,903.9,123.56,168.7,45.1,4025.71,6813.39,-0.02,E,65.89,47.1175,GIE AGSI+ API v013
DE,2024-03-24,Germany,DE,167.5977,254.7646,65.79,903.9,98.33,368.1,269.8,4025.71,6813.39,-0.1,E,65.79,47.1525,GIE AGSI+ API v013
DE,2024-03-25,Germany,DE,166.8088,254.7646,65.48,903.9,33.93,814.2,780.3,4025.71,6813.39,-0.31,E,65.48,47.135,GIE AGSI+ API v013
DE,2024-03-26,Germany,DE,166.6097,254.7646,65.4,903.9,213.35,359.9,146.5,4025.71,6813.39,-0.08,C,65.4,47.205,GIE AGSI+ API v013
DE,2024-03-27,Germany,DE,166.2568,254.7646,65.26,903.9,57.89,410,352.1,4025.71,6813.39,-0.14,C,65.26,47.255,GIE AGSI+ API v013
DE,2024-03-28,Germany,DE,165.879,254.7646,65.11,903.9,75.7,453.5,377.8,4025.71,6813.39,-0.15,C,65.11,47.32,GIE AGSI+ API v013
DE,2024-03-29,Germany,DE,165.8439,254.7646,65.1,903.9,222.29,257.4,35.1,4025.71,6813.39,-0.01,C,65.1,47.3025,GIE AGSI+ API v013
DE,2024-03-30,Germany,DE,165.4723,254.7646,64.95,903.9,303.51,674,370.5,3908.65,6618.9,-0.15,C,64.95,47.37,GIE AGSI+ API v013
DE,2024-03-31,Germany,DE,159.9114,254.7369,62.78,903.9,371.81,132,-239.8,4025.71,6813.39,-2.18,C,62.78,47.1775,GIE AGSI+ API v013
DE,2024-04-01,Germany,DE,163.2764,245.8664,66.41,903.9,320.55,289.2,-31.4,4004.75,6745.2,1.37,C,66.41,47.75,GIE AGSI+ API v013
DE,2024-04-02,Germany,DE,164.1595,245.8664,66.77,903.9,76.73,342.8,266,4026.83,6749.28,0.36,C,66.77,47.76,GIE AGSI+ API v013
DE,2024-04-03,Germany,DE,164.2961,246.1092,66.76,903.9,70.23,276.4,206.2,4034.3,6762.1,0.06,C,66.76,47.765,GIE AGSI+ API v013
DE,2024-04-04,Germany,DE,163.8173,246.1092,66.56,903.9,109.64,175.1,65.4,4034.3,6762.1,-0.19,C,66.56,47.765,GIE AGSI+ API v013
DE,2024-04-05,Germany,DE,164.1308,246.1092,66.69,903.9,371.55,58.1,-313.5,4034.3,6762.1,0.13,E,66.69,47.74,GIE AGSI+ API v013
DE,2024-04-06,Germany,DE,164.9216,246.1092,67.01,903.9,789.78,18.6,-771.2,4034.3,6762.1,0.32,C,67.01,47.7625,GIE AGSI+ API v013
DE,2024-04-07,Germany,DE,165.8957,246.1092,67.41,903.9,986.39,12.3,-974.1,4034.3,6762.1,0.4,E,67.41,47.7925,GIE AGSI+ API v013
DE,2024-04-08,Germany,DE,166.7797,246.1092,67.77,903.9,515.23,67.6,-447.6,4034.3,6762.1,0.36,C,67.77,47.855,GIE AGSI+ API v013
DE,2024-04-09,Germany,DE,167.1618,246.1092,67.92,903.9,425.84,43.8,-382.1,4032.6,6761.02,0.16,C,67.92,48,GIE AGSI+ API v013
DE,2024-04-10,Germany,DE,167.3155,246.1092,67.98,903.9,238.6,90.1,-148.5,4032.6,6761.02,0.06,C,67.98,48.21,GIE AGSI+ API v013
DE,2024-04-11,Germany,DE,167.6004,246.1092,68.1,903.9,344.61,72.5,-272.2,4032.6,6761.02,0.12,C,68.1,48.3775,GIE AGSI+ API v013
DE,2024-04-12,Germany,DE,168.2831,246.1092,68.38,903.9,695.3,14,-681.3,4032.6,6761.02,0.28,E,68.38,48.455,GIE AGSI+ API v013
DE,2024-04-13,Germany,DE,169.2384,246.1092,68.77,903.9,980.36,7.3,-973.1,4032.6,6761.02,0.39,C,68.77,48.455,GIE AGSI+ API v013
DE,2024-04-14,Germany,DE,170.1317,246.1092,69.13,903.9,907.5,16,-891.5,4032.6,6761.02,0.36,C,69.13,48.4375,GIE AGSI+ API v013
DE,2024-04-15,Germany,DE,170.4589,246.1092,69.26,903.9,388.53,63,-325.5,4032.6,6761.02,0.13,C,69.26,48.4725,GIE AGSI+ API v013
DE,2024-04-16,Germany,DE,170.1964,246.1092,69.15,903.9,57.54,319.8,262.2,4032.6,6761.02,-0.11,C,69.15,48.605,GIE AGSI+ API v013
DE,2024-04-17,Germany,DE,169.6298,246.1092,68.92,903.9,115.69,682.5,566.8,4032.6,6761.02,-0.23,C,68.92,48.755,GIE AGSI+ API v013
DE,2024-04-18,Germany,DE,168.9374,246.1092,68.64,903.9,54.76,747.3,692.5,4032.6,6761.02,-0.28,C,68.64,48.98,GIE AGSI+ API v013
DE,2024-04-19,Germany,DE,168.568,246.1092,68.49,903.9,30.75,399.7,369,4032.6,6761.02,-0.15,C,68.49,49.1775,GIE AGSI+ API v013
DE,2024-04-20,Germany,DE,168.4257,246.1092,68.44,903.9,75.16,217.5,142.3,4032.6,6761.02,-0.06,C,68.44,49.295,GIE AGSI+ API v013
DE,2024-04-21,Germany,DE,168.1667,246.1092,68.33,903.9,47.85,290.6,242.8,4032.6,6761.02,-0.11,C,68.33,49.475,GIE AGSI+ API v013
DE,2024-04-22,Germany,DE,167.2496,246.1092,67.96,903.9,28.83,936.8,908,4032.6,6761.02,-0.37,C,67.96,49.7225,GIE AGSI+ API v013
DE,2024-04-23,Germany,DE,166.2311,246.1092,67.54,903.9,37.81,1066.6,1028.8,4032.6,6761.02,-0.41,C,67.54,50,GIE AGSI+ API v013
DE,2024-04-24,Germany,DE,165.3904,246.1092,67.2,903.9,23.34,862,838.7,4032.6,6761.02,-0.34,C,67.2,50.305,GIE AGSI+ API v013
DE,2024-04-25,Germany,DE,164.5988,246.1092,66.88,903.9,17.33,803.9,786.6,4032.6,6761.02,-0.32,C,66.88,50.5175,GIE AGSI+ API v013
DE,2024-04-26,Germany,DE,164.3404,246.1092,66.78,903.9,17.48,274.9,257.4,4032.6,6761.02,-0.1,C,66.78,50.635,GIE AGSI+ API v013
DE,2024-04-27,Germany,DE,164.6236,246.1092,66.89,903.9,304.89,15.7,-289.2,4032.6,6761.02,0.12,E,66.89,50.7525,GIE AGSI+ API v013
DE,2024-04-28,Germany,DE,165.0674,246.1092,67.07,903.9,460.13,14.7,-445.5,4032.6,6761.02,0.18,E,67.07,50.9425,GIE AGSI+ API v013
DE,2024-04-29,Germany,DE,165.4178,246.1092,67.21,903.9,330.2,9.7,-320.5,4032.6,6761.02,0.14,E,67.21,51.16,GIE AGSI+ API v013
DE,2024-04-30,Germany,DE,165.97,246.1092,67.44,903.9,524.14,10.2,-513.9,4032.6,6761.02,0.22,C,67.44,51.4375,GIE AGSI+ API v013
DE,2024-05-01,Germany,DE,166.5598,246.1592,67.66,903.9,614.45,2.5,-611.9,4032.6,6761.02,0.24,C,67.66,51.765,GIE AGSI+ API v013
DE,2024-05-02,Germany,DE,167.1665,247.4392,67.56,903.9,620.14,10.5,-609.6,4057.44,6802.42,0.25,E,67.56,51.97,GIE AGSI+ API v013
DE,2024-05-03,Germany,DE,167.4038,247.4392,67.65,903.9,336.1,88.7,-247.4,4057.44,6802.42,0.1,E,67.65,52.1325,GIE AGSI+ API v013
DE,2024-05-04,Germany,DE,167.7684,247.4392,67.8,903.9,406.47,31.8,-374.6,4057.44,6802.42,0.15,E,67.8,52.225,GIE AGSI+ API v013
DE,2024-05-05,Germany,DE,168.1737,247.4392,67.97,903.9,419.05,12.4,-406.6,4057.44,6802.42,0.16,C,67.97,52.3825,GIE AGSI+ API v013
DE,2024-05-06,Germany,DE,168.1874,247.4392,67.97,903.9,181.76,161,-20.7,4057.44,6802.42,0.01,C,67.97,52.51,GIE AGSI+ API v013
DE,2024-05-07,Germany,DE,168.1565,247.4392,67.96,903.9,127.7,148.5,20.8,4057.44,6802.42,-0.01,C,67.96,52.735,GIE AGSI+ API v013
DE,2024-05-08,Germany,DE,168.0225,247.4392,67.9,903.9,99.53,226.5,126.9,4057.44,6802.42,-0.05,C,67.9,53.0825,GIE AGSI+ API v013
DE,2024-05-09,Germany,DE,168.4568,247.4392,68.08,903.9,443.72,9.4,-434.3,4057.44,6802.42,0.18,C,68.08,53.44,GIE AGSI+ API v013
DE,2024-05-10,Germany,DE,169.0457,247.4392,68.32,903.9,601.15,12.2,-589,4057.44,6802.42,0.24,C,68.32,53.78,GIE AGSI+ API v013
DE,2024-05-11,Germany,DE,169.9301,247.4392,68.68,903.9,898.64,4.2,-894.4,4057.44,6802.42,0.36,C,68.68,54.0475,GIE AGSI+ API v013
DE,2024-05-12,Germany,DE,170.8922,247.4392,69.06,903.9,974.71,2.5,-972.2,4057.44,6802.42,0.39,C,69.06,54.1875,GIE AGSI+ API v013
DE,2024-05-13,Germany,DE,171.678,247.4392,69.38,903.9,808.22,10.3,-797.9,4057.44,6802.42,0.32,C,69.38,54.5175,GIE AGSI+ API v013
DE,2024-05-14,Germany,DE,172.475,247.4392,69.7,903.9,798.94,4.3,-794.6,4057.44,6802.42,0.32,C,69.7,54.8625,GIE AGSI+ API v013
DE,2024-05-15,Germany,DE,173.2015,247.4392,70,903.9,727.13,7.8,-719.3,4057.44,6802.42,0.29,C,70,55.1875,GIE AGSI+ API v013
DE,2024-05-16,Germany,DE,173.7602,247.4392,70.22,903.9,569.26,6,-563.2,4057.44,6802.42,0.23,C,70.22,55.48,GIE AGSI+ API v013
DE,2024-05-17,Germany,DE,174.4018,247.4392,70.48,903.9,638.75,4.1,-634.6,4057.44,6802.42,0.26,C,70.48,55.74,GIE AGSI+ API v013
DE,2024-05-18,Germany,DE,175.1887,247.4392,70.8,903.9,792.56,5.6,-787,4057.44,6802.42,0.32,C,70.8,55.995,GIE AGSI+ API v013
DE,2024-05-19,Germany,DE,175.9402,247.4392,71.1,903.9,754,2.5,-751.5,4057.44,6802.42,0.3,C,71.1,56.2475,GIE AGSI+ API v013
DE,2024-05-20,Germany,DE,176.5853,247.4392,71.37,903.9,651.4,7.8,-643.6,4057.44,6802.42,0.26,C,71.37,56.585,GIE AGSI+ API v013
DE,2024-05-21,Germany,DE,176.7683,247.4392,71.44,903.9,291.61,114,-177.6,4057.44,6802.42,0.07,C,71.44,57.075,GIE AGSI+ API v013
DE,2024-05-22,Germany,DE,177.1728,247.4392,71.6,903.9,429.68,25.2,-404.5,4057.44,6802.42,0.16,C,71.6,57.4825,GIE AGSI+ API v013
DE,2024-05-23,Germany,DE,177.6716,247.4392,71.8,903.9,521.86,23,-498.8,4057.44,6802.42,0.2,C,71.8,57.8375,GIE AGSI+ API v013
DE,2024-05-24,Germany,DE,177.9267,247.4392,71.91,903.9,279.37,24.2,-255.2,4057.44,6802.42,0.1,C,71.91,58.1125,GIE AGSI+ API v013
DE,2024-05-25,Germany,DE,178.3194,247.4392,72.07,903.9,413.39,20.7,-392.7,4057.44,6802.42,0.16,C,72.07,58.35,GIE AGSI+ API v013
DE,2024-05-26,Germany,DE,178.7843,247.4392,72.25,903.9,472.46,7.5,-464.9,4057.44,6802.42,0.19,C,72.25,58.615,GIE AGSI+ API v013
DE,2024-05-27,Germany,DE,179.1062,247.4392,72.38,903.9,329.08,7.3,-321.8,4057.44,6802.42,0.13,C,72.38,58.87,GIE AGSI+ API v013
DE,2024-05-28,Germany,DE,179.3461,247.4392,72.48,903.9,270.56,30.6,-240,4057.44,6802.42,0.1,C,72.48,59.0975,GIE AGSI+ API v013
DE,2024-05-29,Germany,DE,179.5664,247.4392,72.57,903.9,243.78,23.5,-220.3,4057.44,6802.42,0.09,C,72.57,59.3925,GIE AGSI+ API v013
DE,2024-05-30,Germany,DE,179.7974,247.4392,72.66,903.9,312.1,81.1,-231,4057.44,6802.42,0.09,C,72.66,59.6975,GIE AGSI+ API v013
DE,2024-05-31,Germany,DE,180.2395,247.4392,72.84,903.9,454.51,12.4,-442.1,4057.44,6802.42,0.18,C,72.84,59.975,GIE AGSI+ API v013
DE,2024-06-01,Germany,DE,180.3047,247.4392,72.87,903.9,679.43,2.5,-677,4057.44,6802.42,0.03,C,72.87,60.28,GIE AGSI+ API v013
DE,2024-06-02,Germany,DE,180.9119,247.4392,73.11,903.9,608.13,2.2,-605.9,4057.44,6802.42,0.25,C,73.11,60.555,GIE AGSI+ API v013
DE,2024-06-03,Germany,DE,181.0962,247.4392,73.19,903.9,305.68,121.3,-184.4,4057.44,6802.42,0.07,C,73.19,60.9125,GIE AGSI+ API v013
DE,2024-06-04,Germany,DE,181.4858,247.4392,73.35,903.9,419.12,26.1,-393,4057.44,6802.42,0.16,C,73.35,61.3,GIE AGSI+ API v013
DE,2024-06-05,Germany,DE,181.9127,247.4392,73.52,903.9,429.59,6.1,-423.5,4057.44,6802.42,0.17,C,73.52,61.6625,GIE AGSI+ API v013
DE,2024-06-06,Germany,DE,182.8526,247.4392,73.9,903.9,522.07,5.6,-516.5,4057.44,6802.42,0.38,E,73.9,62.0425,GIE AGSI+ API v013
DE,2024-06-07,Germany,DE,183.42,247.4392,74.13,903.9,572.73,5.3,-567.4,4057.44,6802.42,0.23,C,74.13,62.3025,GIE AGSI+ API v013
DE,2024-06-08,Germany,DE,184.2366,247.4392,74.46,903.9,825.08,8.5,-816.6,4057.44,6802.42,0.33,E,74.46,62.4275,GIE AGSI+ API v013
DE,2024-06-09,Germany,DE,184.9982,247.4392,74.77,903.9,777.61,17,-760.6,4057.44,6802.42,0.31,C,74.77,62.5925,GIE AGSI+ API v013
DE,2024-06-10,Germany,DE,185.4547,246.6272,75.2,903.9,474.37,17.9,-456.4,4057.44,6802.42,0.19,E,75.2,62.8375,GIE AGSI+ API v013
DE,2024-06-11,Germany,DE,185.9298,246.6272,75.39,903.9,491.37,16.2,-475.1,4057.44,6802.42,0.19,C,75.39,63.195,GIE AGSI+ API v013
DE,2024-06-12,Germany,DE,186.2958,246.6272,75.54,903.9,387.88,17.9,-370,4057.44,6802.42,0.15,C,75.54,63.5725,GIE AGSI+ API v013
DE,2024-06-13,Germany,DE,186.7669,246.6272,75.73,903.9,479.82,9.2,-470.7,4057.44,6802.42,0.19,C,75.73,63.9,GIE AGSI+ API v013
DE,2024-06-14,Germany,DE,187.5845,246.6272,76.06,903.9,829.8,12.7,-817.1,4057.44,6802.42,0.33,C,76.06,64.2075,GIE AGSI+ API v013
DE,2024-06-15,Germany,DE,188.4699,247.4272,76.17,903.9,902.88,14.1,-888.7,4057.44,6802.42,0.36,C,76.17,64.4175,GIE AGSI+ API v013
DE,2024-06-16,Germany,DE,187.1538,247.4272,75.64,903.9,917.15,13.1,-904.1,4057.44,6802.42,-0.53,C,75.64,64.6425,GIE AGSI+ API v013
DE,2024-06-17,Germany,DE,189.9835,247.4272,76.78,903.9,612.82,5,-607.8,4057.44,6802.42,1.14,C,76.78,64.8775,GIE AGSI+ API v013
DE,2024-06-18,Germany,DE,190.5281,247.4272,77,903.9,558.24,7.2,-551.1,4057.44,6802.42,0.22,C,77,65.21,GIE AGSI+ API v013
DE,2024-06-19,Germany,DE,191.2826,247.4272,77.31,903.9,755.7,8.2,-747.5,4057.44,6802.42,0.3,C,77.31,65.525,GIE AGSI+ API v013
DE,2024-06-20,Germany,DE,191.9881,247.4272,77.59,903.9,715.12,9.6,-705.5,4057.44,6802.42,0.29,E,77.59,65.805,GIE AGSI+ API v013
DE,2024-06-21,Germany,DE,192.6858,247.4272,77.88,903.9,715.43,17.7,-697.7,4057.44,6802.42,0.28,C,77.88,66.065,GIE AGSI+ API v013
DE,2024-06-22,Germany,DE,193.8415,247.4272,78.34,903.9,1177.92,22.1,-1155.8,4057.44,6802.42,0.47,C,78.34,66.205,GIE AGSI+ API v013
DE,2024-06-23,Germany,DE,194.9288,247.4272,78.78,903.9,1094.51,7.2,-1087.3,4057.44,6802.42,0.44,C,78.78,66.3825,GIE AGSI+ API v013
DE,2024-06-24,Germany,DE,195.6175,247.4272,79.06,903.9,696.53,7.8,-688.7,4057.44,6802.42,0.28,C,79.06,66.5925,GIE AGSI+ API v013
DE,2024-06-25,Germany,DE,196.3971,247.4272,79.38,903.9,779.7,6.4,-773.3,4057.44,6802.42,0.32,C,79.38,66.845,GIE AGSI+ API v013
DE,2024-06-26,Germany,DE,197.2586,247.4272,79.72,903.9,877.34,15.3,-862,4057.44,6802.42,0.35,C,79.72,67.1075,GIE AGSI+ API v013
DE,2024-06-27,Germany,DE,198.1163,247.4272,80.07,903.9,864.12,6.3,-857.8,4057.44,6802.42,0.35,C,80.07,67.34,GIE AGSI+ API v013
DE,2024-06-28,Germany,DE,199.0779,247.4066,80.47,903.9,976.69,13.2,-963.5,4057.44,6802.42,0.39,E,80.47,67.5175,GIE AGSI+ API v013
DE,2024-06-29,Germany,DE,200.1279,247.4066,80.89,903.9,1058.35,11.5,-1046.9,4057.44,6802.42,0.42,E,80.89,67.6675,GIE AGSI+ API v013
DE,2024-06-30,Germany,DE,201.1689,247.4066,81.31,903.9,1021.67,2.5,-1019.1,4057.44,6802.42,0.42,E,81.31,67.8475,GIE AGSI+ API v013
DE,2024-07-01,Germany,DE,201.8279,247.4066,81.58,903.9,667.23,7.2,-660.1,4057.44,6802.42,0.27,C,81.58,68.1125,GIE AGSI+ API v013
DE,2024-07-02,Germany,DE,202.5578,247.4066,81.87,903.9,730.36,1.8,-728.5,4057.44,6802.42,0.3,C,81.87,68.3625,GIE AGSI+ API v013
DE,2024-07-03,Germany,DE,203.2697,247.4066,82.16,903.9,717.26,6.7,-710.6,4057.44,6802.42,0.29,C,82.16,68.725,GIE AGSI+ API v013
DE,2024-07-04,Germany,DE,204.0139,247.4066,82.46,903.9,746.25,1.2,-745,4057.44,6802.42,0.3,C,82.46,69.0075,GIE AGSI+ API v013
DE,2024-07-05,Germany,DE,204.862,247.4066,82.8,903.9,849.75,1.7,-848.1,4057.44,6802.42,0.34,C,82.8,69.3175,GIE AGSI+ API v013
DE,2024-07-06,Germany,DE,205.6212,247.4066,83.11,903.9,762.91,2.7,-760.2,4057.44,6802.42,0.31,C,83.11,69.495,GIE AGSI+ API v013
DE,2024-07-07,Germany,DE,206.3711,247.4066,83.41,903.9,756.16,6.2,-749.9,4057.44,6802.42,0.3,C,83.41,69.6525,GIE AGSI+ API v013
DE,2024-07-08,Germany,DE,207.1781,247.4066,83.74,903.9,813.29,6.2,-807,4057.44,6802.42,0.33,C,83.74,69.84,GIE AGSI+ API v013
DE,2024-07-09,Germany,DE,208.0291,247.4066,84.08,903.9,858.73,6.9,-851.8,4057.44,6802.42,0.34,C,84.08,70.075,GIE AGSI+ API v013
DE,2024-07-10,Germany,DE,208.7755,247.5309,84.34,903.9,754.24,7.9,-746.4,4059.67,6803.74,0.3,C,84.34,70.415,GIE AGSI+ API v013
DE,2024-07-11,Germany,DE,209.3406,247.5309,84.57,903.9,570.81,5.6,-565.2,4059.67,6803.74,0.23,C,84.57,70.6075,GIE AGSI+ API v013
DE,2024-07-12,Germany,DE,209.8356,247.5309,84.77,903.9,504.46,9.5,-495,4059.67,6803.74,0.2,C,84.77,70.755,GIE AGSI+ API v013
DE,2024-07-13,Germany,DE,210.453,247.5309,85.02,903.9,630.1,12.7,-617.4,4056.79,6799.66,0.25,C,85.02,70.835,GIE AGSI+ API v013
DE,2024-07-14,Germany,DE,211.1468,247.5309,85.3,903.9,695.54,1.8,-693.8,4056.79,6799.66,0.28,C,85.3,70.89,GIE AGSI+ API v013
DE,2024-07-15,Germany,DE,211.7465,247.5309,85.54,903.9,603.6,4,-599.6,4056.79,6799.66,0.24,C,85.54,71.005,GIE AGSI+ API v013
DE,2024-07-16,Germany,DE,212.5168,247.5309,85.85,903.9,771.64,4.5,-767.2,4056.79,6799.66,0.31,C,85.85,71.1775,GIE AGSI+ API v013
DE,2024-07-17,Germany,DE,213.1793,247.5309,86.12,903.9,664.45,1.9,-662.5,4056.79,6799.66,0.27,C,86.12,71.3225,GIE AGSI+ API v013
DE,2024-07-18,Germany,DE,213.7606,247.5309,86.36,903.9,586.67,5.4,-581.2,4056.79,6799.66,0.23,C,86.36,71.4,GIE AGSI+ API v013
DE,2024-07-19,Germany,DE,214.5234,247.5309,86.67,903.9,764.76,2,-762.8,4056.79,6799.66,0.31,C,86.67,71.475,GIE AGSI+ API v013
DE,2024-07-20,Germany,DE,215.4808,247.5309,87.05,903.9,958.61,1.2,-957.4,4056.79,6799.66,0.39,C,87.05,71.5175,GIE AGSI+ API v013
DE,2024-07-21,Germany,DE,216.3575,247.5309,87.41,903.9,876.67,0,-876.7,4056.79,6799.66,0.35,C,87.41,71.5325,GIE AGSI+ API v013
DE,2024-07-22,Germany,DE,216.9934,247.5309,87.66,903.9,644.41,8.6,-635.8,4056.79,6799.66,0.26,C,87.66,71.5975,GIE AGSI+ API v013
DE,2024-07-23,Germany,DE,217.5316,247.5309,87.88,903.9,545.67,7.4,-538.3,4056.79,6799.66,0.22,C,87.88,71.8225,GIE AGSI+ API v013
DE,2024-07-24,Germany,DE,218.0241,247.5309,88.08,903.9,506.21,13.7,-492.5,4056.79,6799.66,0.2,C,88.08,72.0725,GIE AGSI+ API v013
DE,2024-07-25,Germany,DE,218.4581,247.5309,88.25,903.9,447.28,13.3,-434,4056.79,6799.66,0.18,C,88.25,72.29,GIE AGSI+ API v013
DE,2024-07-26,Germany,DE,218.8626,247.5309,88.42,903.9,413.44,8.9,-404.5,4056.79,6799.66,0.16,C,88.42,72.585,GIE AGSI+ API v013
DE,2024-07-27,Germany,DE,219.4108,247.5309,88.64,903.9,555.53,7.3,-548.2,4056.79,6799.66,0.22,C,88.64,72.825,GIE AGSI+ API v013
DE,2024-07-28,Germany,DE,219.9647,247.5309,88.86,903.9,556.42,2.6,-553.8,4056.79,6799.66,0.22,C,88.86,73.075,GIE AGSI+ API v013
DE,2024-07-29,Germany,DE,220.3742,247.5309,89.03,903.9,417.21,7.7,-409.6,4056.79,6799.66,0.17,C,89.03,73.3875,GIE AGSI+ API v013
DE,2024-07-30,Germany,DE,220.7813,247.5309,89.19,903.9,418.39,11.3,-407.1,4056.79,6799.66,0.16,C,89.19,73.705,GIE AGSI+ API v013
DE,2024-07-31,Germany,DE,221.1985,247.5309,89.36,903.9,423.28,10.9,-412.4,4056.79,6799.66,0.17,E,89.36,74.03,GIE AGSI+ API v013
DE,2024-08-01,Germany,DE,221.5525,247.7809,89.41,903.9,352.97,3.3,-349.7,4068.79,6811.66,0.14,E,89.41,74.205,GIE AGSI+ API v013
DE,2024-08-02,Germany,DE,222.0531,247.7809,89.62,903.9,506.88,2,-504.9,4068.79,6811.66,0.2,C,89.62,74.55,GIE AGSI+ API v013
DE,2024-08-03,Germany,DE,222.7254,247.7809,89.89,903.9,679.9,2.9,-677,4068.79,6811.66,0.27,C,89.89,74.82,GIE AGSI+ API v013
DE,2024-08-04,Germany,DE,223.4077,247.7809,90.16,903.9,686.73,1.9,-684.8,4068.79,6811.66,0.28,C,90.16,75.0775,GIE AGSI+ API v013
DE,2024-08-05,Germany,DE,224.0732,247.7809,90.43,903.9,666.95,3.9,-663.1,4068.79,6811.66,0.27,E,90.43,75.3925,GIE AGSI+ API v013
DE,2024-08-06,Germany,DE,224.5208,248.1309,90.48,903.9,498.87,5,-493.9,4068.79,6811.66,0.18,E,90.48,75.7825,GIE AGSI+ API v013
DE,2024-08-07,Germany,DE,225.053,248.1309,90.7,903.9,534.85,2.5,-532.3,4068.79,6811.66,0.21,E,90.7,76.145,GIE AGSI+ API v013
DE,2024-08-08,Germany,DE,225.6038,248.1309,90.92,903.9,555.12,4.3,-550.8,4068.79,6811.66,0.22,C,90.92,76.505,GIE AGSI+ API v013
DE,2024-08-09,Germany,DE,226.222,248.1309,91.17,903.9,620.18,2.1,-618.1,4068.79,6811.66,0.25,C,91.17,76.84,GIE AGSI+ API v013
DE,2024-08-10,Germany,DE,226.9166,248.1309,91.45,903.9,702.59,8,-694.6,4068.79,6811.66,0.28,C,91.45,77.1625,GIE AGSI+ API v013
DE,2024-08-11,Germany,DE,227.5358,248.1309,91.7,903.9,643.05,23.8,-619.2,4068.79,6811.66,0.25,C,91.7,77.4625,GIE AGSI+ API v013
DE,2024-08-12,Germany,DE,228.1242,248.1309,91.94,903.9,593.53,5.1,-588.5,4068.79,6811.66,0.24,C,91.94,77.7725,GIE AGSI+ API v013
DE,2024-08-13,Germany,DE,228.7916,248.2308,92.17,903.9,673.64,4.2,-669.4,4068.79,6811.66,0.27,C,92.17,78.1675,GIE AGSI+ API v013
DE,2024-08-14,Germany,DE,229.3439,248.6091,92.25,903.9,560.48,10.2,-550.3,4068.79,6811.66,0.22,C,92.25,78.5325,GIE AGSI+ API v013
DE,2024-08-15,Germany,DE,229.9425,248.7303,92.45,903.9,623.11,4.6,-618.5,4068.79,6811.66,0.24,C,92.45,78.7175,GIE AGSI+ API v013
DE,2024-08-16,Germany,DE,230.5121,248.7303,92.68,903.9,584.82,4.6,-580.3,4068.79,6811.66,0.23,E,92.68,79.025,GIE AGSI+ API v013
DE,2024-08-17,Germany,DE,231.2714,248.7303,92.98,903.9,805.45,0,-805.4,4068.79,6811.66,0.31,C,92.98,79.2875,GIE AGSI+ API v013
DE,2024-08-18,Germany,DE,232.0581,248.7303,93.3,903.9,812.35,0,-812.3,4068.79,6811.66,0.32,C,93.3,79.5,GIE AGSI+ API v013
DE,2024-08-19,Germany,DE,232.5081,248.8333,93.44,903.9,458.82,4,-454.8,4068.79,6811.66,0.18,C,93.44,79.78,GIE AGSI+ API v013
DE,2024-08-20,Germany,DE,232.9356,248.8333,93.61,903.9,469.79,14.8,-455,4068.79,6811.66,0.17,C,93.61,80.1125,GIE AGSI+ API v013
DE,2024-08-21,Germany,DE,233.4261,248.8333,93.81,903.9,519.24,2.4,-516.8,4068.79,6811.66,0.2,C,93.81,80.44,GIE AGSI+ API v013
DE,2024-08-22,Germany,DE,233.9234,248.8333,94.01,903.9,537.08,6.5,-530.6,4068.79,6811.66,0.2,C,94.01,80.755,GIE AGSI+ API v013
DE,2024-08-23,Germany,DE,234.4594,248.8333,94.22,903.9,584.92,18.1,-566.8,4068.79,6811.66,0.22,C,94.22,81.035,GIE AGSI+ API v013
DE,2024-08-24,Germany,DE,235.1961,249.6453,94.21,903.9,767.58,2.7,-764.9,4068.79,6811.66,0.3,C,94.21,81.205,GIE AGSI+ API v013
DE,2024-08-25,Germany,DE,235.9386,249.6453,94.51,903.9,752.61,0,-752.6,4068.79,6811.66,0.3,C,94.51,81.46,GIE AGSI+ API v013
DE,2024-08-26,Germany,DE,236.3622,249.6453,94.68,903.9,446.56,12.5,-434.1,4068.79,6811.66,0.17,C,94.68,81.7375,GIE AGSI+ API v013
DE,2024-08-27,Germany,DE,236.6617,249.6453,94.8,903.9,314.95,15.4,-299.5,4068.79,6811.66,0.12,C,94.8,82.035,GIE AGSI+ API v013
DE,2024-08-28,Germany,DE,237.0688,249.6453,94.96,903.9,435.48,9,-426.5,4068.79,6811.66,0.16,C,94.96,82.2575,GIE AGSI+ API v013
DE,2024-08-29,Germany,DE,237.1841,249.8207,94.94,903.9,203.67,78.5,-125.2,4068.79,6811.66,0.05,C,94.94,82.445,GIE AGSI+ API v013
DE,2024-08-30,Germany,DE,237.461,249.8207,95.05,903.9,298.06,7.3,-290.8,4068.79,6811.66,0.11,C,95.05,82.6525,GIE AGSI+ API v013
DE,2024-08-31,Germany,DE,237.8993,249.8207,95.23,903.9,464.13,4.4,-459.7,4068.79,6811.66,0.18,C,95.23,82.7475,GIE AGSI+ API v013
DE,2024-09-01,Germany,DE,238.4016,251.0881,94.95,903.9,522.77,15.9,-506.9,4068.79,6811.66,0.2,C,94.95,82.8475,GIE AGSI+ API v013
DE,2024-09-02,Germany,DE,238.6172,251.0881,95.03,903.9,250.06,30.4,-219.7,4068.79,6811.66,0.09,C,95.03,83.0625,GIE AGSI+ API v013
DE,2024-09-03,Germany,DE,238.6778,251.0881,95.06,903.9,127.95,66.8,-61.2,4068.79,6811.66,0.02,C,95.06,83.3075,GIE AGSI+ API v013
DE,2024-09-04,Germany,DE,238.6823,251.0881,95.06,903.9,86.68,82,-4.7,4068.79,6811.66,0,C,95.06,83.5475,GIE AGSI+ API v013
DE,2024-09-05,Germany,DE,238.9204,251.0881,95.15,903.9,247.74,9.7,-238,4068.79,6811.66,0.09,C,95.15,83.785,GIE AGSI+ API v013
DE,2024-09-06,Germany,DE,239.2648,251.1281,95.28,903.9,355.12,10.7,-344.5,4068.79,6811.66,0.14,C,95.28,83.965,GIE AGSI+ API v013
DE,2024-09-07,Germany,DE,239.5663,251.1281,95.4,903.9,321.45,20,-301.4,4068.79,6811.66,0.12,E,95.4,84.05,GIE AGSI+ API v013
DE,2024-09-08,Germany,DE,239.8876,251.1281,95.52,903.9,338.52,15.2,-323.3,4068.79,6811.66,0.13,C,95.52,84.2025,GIE AGSI+ API v013
DE,2024-09-09,Germany,DE,240.0093,251.1281,95.57,903.9,131.1,11.4,-119.7,4068.79,6811.66,0.05,C,95.57,84.3975,GIE AGSI+ API v013
DE,2024-09-10,Germany,DE,240.3585,251.1281,95.71,903.9,366.54,17.3,-349.3,4068.79,6811.66,0.14,C,95.71,84.5675,GIE AGSI+ API v013
DE,2024-09-11,Germany,DE,240.4498,251.1281,95.75,903.9,116.81,24.9,-91.9,4068.79,6811.66,0.04,E,95.75,84.76,GIE AGSI+ API v013
DE,2024-09-12,Germany,DE,240.2416,251.1281,95.66,903.9,41.7,248.5,206.8,4068.79,6811.66,-0.08,E,95.66,84.9375,GIE AGSI+ API v013
DE,2024-09-13,Germany,DE,240.1075,251.1281,95.61,903.9,25.5,159.5,134,4068.79,6811.66,-0.05,C,95.61,85.1025,GIE AGSI+ API v013
DE,2024-09-14,Germany,DE,240.0019,251.1281,95.57,903.9,29.08,134.6,105.5,4068.79,6811.66,-0.04,C,95.57,85.2,GIE AGSI+ API v013
DE,2024-09-15,Germany,DE,240.1118,251.1281,95.61,903.9,38.19,120.4,82.2,4068.79,6811.66,0.04,C,95.61,85.3225,GIE AGSI+ API v013
DE,2024-09-16,Germany,DE,239.946,251.1281,95.55,903.9,26.39,192.2,165.8,4068.79,6811.66,-0.07,C,95.55,85.465,GIE AGSI+ API v013
DE,2024-09-17,Germany,DE,239.9321,251.1281,95.54,903.9,43.86,57.7,13.9,4068.79,6811.66,-0.01,C,95.54,85.6475,GIE AGSI+ API v013
DE,2024-09-18,Germany,DE,240.1225,251.1281,95.62,903.9,198.45,9.9,-188.6,4068.79,6811.66,0.08,C,95.62,85.855,GIE AGSI+ API v013
DE,2024-09-19,Germany,DE,240.2361,251.1451,95.66,903.9,159.52,44.3,-115.2,4068.79,6811.66,0.05,E,95.66,86.07,GIE AGSI+ API v013
DE,2024-09-20,Germany,DE,240.1842,251.1451,95.64,903.9,111.05,162.8,51.7,4068.79,6811.66,-0.02,C,95.64,86.17,GIE AGSI+ API v013
DE,2024-09-21,Germany,DE,240.3957,251.1451,95.72,903.9,235.83,25.6,-210.2,4068.79,6811.66,0.08,C,95.72,86.2675,GIE AGSI+ API v013
DE,2024-09-22,Germany,DE,240.5033,251.1451,95.76,903.9,185.39,77.8,-107.6,4068.79,6811.66,0.04,C,95.76,86.3575,GIE AGSI+ API v013
DE,2024-09-23,Germany,DE,240.4637,251.1451,95.75,903.9,93.07,132.7,39.6,4068.79,6811.66,-0.02,C,95.75,86.49,GIE AGSI+ API v013
DE,2024-09-24,Germany,DE,240.5732,251.1451,95.79,903.9,137.95,41.5,-96.5,4068.79,6811.66,0.04,C,95.79,86.7025,GIE AGSI+ API v013
DE,2024-09-25,Germany,DE,240.7519,251.1451,95.86,903.9,231.55,52.9,-178.7,4068.79,6811.66,0.07,C,95.86,86.95,GIE AGSI+ API v013
DE,2024-09-26,Germany,DE,240.9776,251.2451,95.91,903.9,244.47,21.9,-222.6,4068.79,6811.66,0.09,C,95.91,87.1425,GIE AGSI+ API v013
DE,2024-09-27,Germany,DE,241.1557,251.2451,95.98,903.9,208.57,30.5,-178.1,4068.79,6811.66,0.07,C,95.98,87.2825,GIE AGSI+ API v013
DE,2024-09-28,Germany,DE,241.2927,251.2451,96.04,903.9,192.21,55.2,-137,4068.79,6811.66,0.05,C,96.04,87.285,GIE AGSI+ API v013
DE,2024-09-29,Germany,DE,241.3725,251.2451,96.07,903.9,167.3,87.7,-79.6,4068.79,6811.66,0.03,C,96.07,87.41,GIE AGSI+ API v013
DE,2024-09-30,Germany,DE,241.194,251.2451,96,903.9,113.68,200.9,87.2,4068.79,6811.66,-0.07,C,96,87.5075,GIE AGSI+ API v013
DE,2024-10-01,Germany,DE,241.3191,251.1381,96.09,903.9,69.11,148.2,79.1,4066.32,6807.71,0.05,E,96.09,87.7475,GIE AGSI+ API v013
DE,2024-10-02,Germany,DE,241.1102,251.1381,96.01,903.9,71.79,284.2,212.4,4066.32,6807.71,-0.08,C,96.01,88.0275,GIE AGSI+ API v013
DE,2024-10-03,Germany,DE,241.2738,251.1381,96.07,903.9,193.31,26.2,-167.2,4066.32,6807.71,0.07,C,96.07,88.3925,GIE AGSI+ API v013
DE,2024-10-04,Germany,DE,241.3241,251.1381,96.09,903.9,94.1,43.8,-50.3,4066.32,6807.71,0.02,C,96.09,88.6125,GIE AGSI+ API v013
DE,2024-10-05,Germany,DE,241.5019,251.1381,96.16,903.9,198.77,20.9,-177.8,4066.32,6807.71,0.07,C,96.16,88.8075,GIE AGSI+ API v013
DE,2024-10-06,Germany,DE,241.7343,251.1381,96.26,903.9,248.1,10.2,-237.9,4066.32,6807.71,0.09,C,96.26,88.9575,GIE AGSI+ API v013
DE,2024-10-07,Germany,DE,242.0031,251.1381,96.36,903.9,279.93,17.3,-262.6,4066.32,6807.71,0.11,C,96.36,89.0925,GIE AGSI+ API v013
DE,2024-10-08,Germany,DE,242.4812,251.1331,96.55,903.9,493.45,14.7,-478.7,4066.32,6807.47,0.19,E,96.55,89.305,GIE AGSI+ API v013
DE,2024-10-09,Germany,DE,243.0233,251.1331,96.77,903.9,538,32.6,-505.4,4066.32,6807.47,0.22,C,96.77,89.5075,GIE AGSI+ API v013
DE,2024-10-10,Germany,DE,243.4229,251.1331,96.93,903.9,424.47,24.9,-399.6,4066.32,6807.47,0.16,C,96.93,89.6375,GIE AGSI+ API v013
DE,2024-10-11,Germany,DE,243.4738,251.1331,96.95,903.9,152.46,103.5,-48.9,4066.32,6807.47,0.02,C,96.95,89.7425,GIE AGSI+ API v013
DE,2024-10-12,Germany,DE,243.8222,251.1631,97.08,903.9,361.29,10.9,-350.4,4066.32,6807.47,0.14,C,97.08,89.8725,GIE AGSI+ API v013
DE,2024-10-13,Germany,DE,244.1249,251.1631,97.2,903.9,311.97,9.3,-302.6,4066.32,6807.47,0.12,C,97.2,89.91,GIE AGSI+ API v013
DE,2024-10-14,Germany,DE,243.915,251.2631,97.08,903.9,27.58,238.5,210.9,4066.32,6807.47,-0.08,E,97.08,90.03,GIE AGSI+ API v013
DE,2024-10-15,Germany,DE,243.9001,251.2631,97.07,903.9,92.59,122.7,30.1,4066.32,6807.47,-0.01,C,97.07,90.155,GIE AGSI+ API v013
DE,2024-10-16,Germany,DE,244.1226,251.2631,97.16,903.9,243.45,21,-222.5,4066.32,6807.47,0.09,C,97.16,90.27,GIE AGSI+ API v013
DE,2024-10-17,Germany,DE,244.3471,251.2631,97.25,903.9,245.76,22.2,-223.5,4066.32,6807.47,0.09,C,97.25,90.345,GIE AGSI+ API v013
DE,2024-10-18,Germany,DE,244.5476,251.2916,97.32,903.9,217.56,17.1,-200.5,4066.32,6807.47,0.08,C,97.32,90.4025,GIE AGSI+ API v013
DE,2024-10-19,Germany,DE,245.0631,251.2916,97.52,903.9,531.04,13.8,-517.2,4066.32,6807.47,0.21,C,97.52,90.4225,GIE AGSI+ API v013
DE,2024-10-20,Germany,DE,245.5856,251.2916,97.73,903.9,534.48,12,-522.5,4066.32,6807.47,0.21,C,97.73,90.5325,GIE AGSI+ API v013
DE,2024-10-21,Germany,DE,245.6938,251.2916,97.77,903.9,149.16,42.7,-106.5,4066.32,6807.47,0.04,C,97.77,90.5825,GIE AGSI+ API v013
DE,2024-10-22,Germany,DE,245.7159,251.2916,97.78,903.9,65.53,43.4,-22.1,4066.32,6807.47,0.01,E,97.78,90.7225,GIE AGSI+ API v013
DE,2024-10-23,Germany,DE,245.6632,251.2916,97.76,903.9,58.46,111.1,52.6,4066.32,6807.47,-0.02,C,97.76,90.7875,GIE AGSI+ API v013
DE,2024-10-24,Germany,DE,245.6932,251.2916,97.77,903.9,102.11,72.1,-30,4066.32,6807.47,0.01,C,97.77,90.86,GIE AGSI+ API v013
DE,2024-10-25,Germany,DE,245.8228,251.2916,97.82,903.9,156.5,26.9,-129.6,4066.32,6807.47,0.05,C,97.82,90.8625,GIE AGSI+ API v013
DE,2024-10-26,Germany,DE,246.075,251.2916,97.92,903.9,298.35,18.4,-279.9,4203.06,7029.24,0.1,E,97.92,90.855,GIE AGSI+ API v013
DE,2024-10-27,Germany,DE,246.3367,251.2916,98.03,903.9,265.03,31.1,-233.9,4066.32,6807.47,0.1,C,98.03,90.935,GIE AGSI+ API v013
DE,2024-10-28,Germany,DE,246.4137,251.3526,98.04,903.9,99.06,22,-77,4066.32,6807.47,0.03,C,98.04,91.0125,GIE AGSI+ API v013
DE,2024-10-29,Germany,DE,246.4358,251.3526,98.04,903.9,63.8,41.6,-22.2,4066.32,6807.47,0.01,C,98.04,91.125,GIE AGSI+ API v013
DE,2024-10-30,Germany,DE,246.4666,251.3826,98.04,903.9,75.45,44.6,-30.8,4066.32,6807.47,0.01,C,98.04,91.2575,GIE AGSI+ API v013
DE,2024-10-31,Germany,DE,246.5177,251.3826,98.06,903.9,90.81,37.1,-53.7,4066.32,6807.47,0.02,C,98.06,91.365,GIE AGSI+ API v013
DE,2024-11-01,Germany,DE,246.8286,251.3826,98.19,903.9,347,36.1,-310.9,4066.32,6807.47,0.12,C,98.19,91.5425,GIE AGSI+ API v013
DE,2024-11-02,Germany,DE,247.0247,251.3826,98.27,903.9,220.99,24.9,-196.1,4066.32,6807.47,0.08,C,98.27,91.5875,GIE AGSI+ API v013
DE,2024-11-03,Germany,DE,247.1427,251.3826,98.31,903.9,160.93,42.9,-118.1,4066.32,6807.47,0.05,E,98.31,91.51,GIE AGSI+ API v013
DE,2024-11-04,Germany,DE,246.734,251.3826,98.15,903.9,9.79,418.5,408.7,4066.32,6807.47,-0.16,C,98.15,91.42,GIE AGSI+ API v013
DE,2024-11-05,Germany,DE,246.1715,251.3826,97.93,903.9,10.97,573.4,562.5,4066.32,6807.47,-0.22,C,97.93,91.37,GIE AGSI+ API v013
DE,2024-11-06,Germany,DE,245.4823,251.3826,97.65,903.9,22.33,711.6,689.3,4066.32,6807.47,-0.27,C,97.65,91.395,GIE AGSI+ API v013
DE,2024-11-07,Germany,DE,244.5461,251.3826,97.28,903.9,14.78,953.9,939.1,4066.32,6808.19,-0.37,C,97.28,91.4125,GIE AGSI+ API v013
DE,2024-11-08,Germany,DE,243.8323,251.3826,97,903.9,52.19,766.5,714.3,4066.32,6808.19,-0.28,C,97,91.3325,GIE AGSI+ API v013
DE,2024-11-09,Germany,DE,243.4915,251.3826,96.86,903.9,35.35,364.2,328.8,4066.32,6808.19,-0.14,E,96.86,91.2725,GIE AGSI+ API v013
DE,2024-11-10,Germany,DE,243.2077,251.3826,96.75,903.9,43.62,327.5,283.8,4066.32,6808.19,-0.11,C,96.75,91.14,GIE AGSI+ API v013
DE,2024-11-11,Germany,DE,242.628,251.3826,96.52,903.9,23.91,604.7,580.7,4066.32,6808.19,-0.23,C,96.52,91.04,GIE AGSI+ API v013
DE,2024-11-12,Germany,DE,241.7588,251.3826,96.17,903.9,23.44,891.9,868.5,4066.32,6808.19,-0.35,C,96.17,90.96,GIE AGSI+ API v013
DE,2024-11-13,Germany,DE,240.6343,251.3826,95.72,903.9,19.96,1142.5,1122.5,4066.32,6808.19,-0.45,C,95.72,90.9625,GIE AGSI+ API v013
DE,2024-11-14,Germany,DE,239.9139,251.3826,95.44,903.9,25.47,745.9,720.4,4066.32,6808.19,-0.29,E,95.44,90.9825,GIE AGSI+ API v013
DE,2024-11-15,Germany,DE,239.3574,251.3826,95.22,903.9,25.24,581.7,556.5,4066.32,6808.19,-0.22,C,95.22,90.9925,GIE AGSI+ API v013
DE,2024-11-16,Germany,DE,239.2209,251.3826,95.16,903.9,57.78,194.3,136.5,4066.32,6808.19,-0.05,E,95.16,90.8975,GIE AGSI+ API v013
DE,2024-11-17,Germany,DE,239.1,251.3826,95.11,903.9,46.11,166.9,120.8,4066.32,6808.19,-0.05,C,95.11,90.78,GIE AGSI+ API v013
DE,2024-11-18,Germany,DE,238.2268,251.3826,94.77,903.9,21.09,897.3,876.2,4066.32,6808.19,-0.35,C,94.77,90.725,GIE AGSI+ API v013
DE,2024-11-19,Germany,DE,237.3505,251.3826,94.42,903.9,22.73,899.5,876.8,4066.32,6808.19,-0.35,E,94.42,90.7525,GIE AGSI+ API v013
DE,2024-11-20,Germany,DE,236.3452,251.5026,93.97,903.9,21.55,1161.6,1140,4066.32,6808.19,-0.4,C,93.97,90.685,GIE AGSI+ API v013
DE,2024-11-21,Germany,DE,234.9692,251.5026,93.43,903.9,21.41,1398.5,1377.1,4066.32,6808.19,-0.55,C,93.43,90.575,GIE AGSI+ API v013
DE,2024-11-22,Germany,DE,233.505,251.5026,92.84,903.9,21.95,1485.2,1463.2,4066.32,6808.19,-0.58,C,92.84,90.3425,GIE AGSI+ API v013
DE,2024-11-23,Germany,DE,232.6266,251.5026,92.49,903.9,24.86,924,899.1,4066.32,6808.19,-0.35,C,92.49,90.02,GIE AGSI+ API v013
DE,2024-11-24,Germany,DE,232.564,251.5026,92.47,903.9,213,254.8,41.8,4066.32,6808.19,-0.02,C,92.47,89.705,GIE AGSI+ API v013
DE,2024-11-25,Germany,DE,232.3785,251.5026,92.4,903.9,76.79,262.4,185.6,4066.32,6808.19,-0.07,C,92.4,89.36,GIE AGSI+ API v013
DE,2024-11-26,Germany,DE,231.9422,251.5026,92.22,903.9,26.74,463,436.2,4066.32,6808.19,-0.17,C,92.22,89.03,GIE AGSI+ API v013
DE,2024-11-27,Germany,DE,231.3015,251.5026,91.97,903.9,22.46,662.5,640,4066.32,6808.19,-0.25,C,91.97,88.67,GIE AGSI+ API v013
DE,2024-11-28,Germany,DE,230.6715,251.5026,91.72,903.9,15.62,645.9,630.3,4066.32,6808.19,-0.25,C,91.72,88.2225,GIE AGSI+ API v013
DE,2024-11-29,Germany,DE,229.4786,251.5026,91.24,903.9,18.28,1215.1,1196.8,4066.32,6808.19,-0.47,E,91.24,87.6225,GIE AGSI+ API v013
DE,2024-11-30,Germany,DE,228.6504,251.5026,90.91,903.9,22.11,832,809.9,4066.32,6808.19,-0.33,C,90.91,87.02,GIE AGSI+ API v013
DE,2024-12-01,Germany,DE,227.9519,251.5026,90.64,903.9,16.82,729.7,712.9,4066.32,6808.19,-0.28,C,90.64,86.4775,GIE AGSI+ API v013
DE,2024-12-02,Germany,DE,227.0077,251.5026,90.26,903.9,16.22,960.5,944.2,4066.32,6808.19,-0.38,C,90.26,85.855,GIE AGSI+ API v013
DE,2024-12-03,Germany,DE,225.8407,251.5026,89.8,903.9,27.06,1193.7,1166.7,4066.32,6808.19,-0.46,C,89.8,85.3525,GIE AGSI+ API v013
DE,2024-12-04,Germany,DE,224.4885,251.4416,89.28,903.9,21.26,1373.5,1352.2,4066.32,6808.19,-0.54,E,89.28,84.865,GIE AGSI+ API v013
DE,2024-12-05,Germany,DE,223.4364,251.4416,88.86,903.9,22.59,1058.7,1036.1,4066.32,6808.19,-0.42,C,88.86,84.385,GIE AGSI+ API v013
DE,2024-12-06,Germany,DE,222.7869,251.4416,88.6,903.9,30.32,679.9,649.6,4066.32,6808.19,-0.26,C,88.6,83.82,GIE AGSI+ API v013
DE,2024-12-07,Germany,DE,222.4295,251.4416,88.46,903.9,39.79,398,358.2,4066.32,6808.19,-0.14,C,88.46,83.2575,GIE AGSI+ API v013
DE,2024-12-08,Germany,DE,222.0232,251.4416,88.3,903.9,52.12,458.5,406.3,4066.32,6808.19,-0.16,C,88.3,82.7575,GIE AGSI+ API v013
DE,2024-12-09,Germany,DE,220.9403,251.4416,87.87,903.9,23.43,1106.2,1082.8,4066.32,6808.19,-0.43,C,87.87,82.2325,GIE AGSI+ API v013
DE,2024-12-10,Germany,DE,218.9952,251.4416,87.1,903.9,23.89,1968.9,1945,4066.32,6808.19,-0.77,C,87.1,81.7575,GIE AGSI+ API v013
DE,2024-12-11,Germany,DE,216.9942,251.5146,86.27,903.9,26.29,2060.4,2034.1,4066.23,6808.68,-0.8,C,86.27,81.33,GIE AGSI+ API v013
DE,2024-12-12,Germany,DE,214.8298,251.5146,85.41,903.9,18.48,2145.5,2127,4066.23,6808.68,-0.86,C,85.41,80.865,GIE AGSI+ API v013
DE,2024-12-13,Germany,DE,212.9255,251.5146,84.66,903.9,26,1940,1914,4066.23,6808.68,-0.76,C,84.66,80.35,GIE AGSI+ API v013
DE,2024-12-14,Germany,DE,211.8074,251.5146,84.21,903.9,24.12,1144.1,1119.9,4066.23,6808.68,-0.44,C,84.21,79.8175,GIE AGSI+ API v013
DE,2024-12-15,Germany,DE,211.0374,251.5146,83.91,903.9,50.26,808.7,758.4,4066.23,6808.68,-0.31,C,83.91,79.385,GIE AGSI+ API v013
DE,2024-12-16,Germany,DE,210.3604,251.5146,83.64,903.9,25.01,867,842,4066.23,6808.68,-0.27,C,83.64,79.03,GIE AGSI+ API v013
DE,2024-12-17,Germany,DE,209.7357,251.5146,83.39,903.9,36.9,661.6,624.7,4066.23,6808.68,-0.25,C,83.39,78.74,GIE AGSI+ API v013
DE,2024-12-18,Germany,DE,209.2371,251.5146,83.19,903.9,47.04,545.6,498.5,4066.23,6808.68,-0.2,C,83.19,78.475,GIE AGSI+ API v013
DE,2024-12-19,Germany,DE,208.8835,251.5146,83.05,903.9,51.29,405,353.7,4066.23,6808.68,-0.14,C,83.05,78.2225,GIE AGSI+ API v013
DE,2024-12-20,Germany,DE,208.2174,251.5146,82.79,903.9,27.34,693.4,666.1,4066.23,6808.68,-0.26,C,82.79,77.905,GIE AGSI+ API v013
DE,2024-12-21,Germany,DE,207.9481,251.5146,82.68,903.9,122.19,391.5,269.3,4066.23,6808.68,-0.11,C,82.68,77.585,GIE AGSI+ API v013
DE,2024-12-22,Germany,DE,207.7459,251.5146,82.6,903.9,169.81,372,202.2,4066.23,6808.68,-0.08,C,82.6,77.3425,GIE AGSI+ API v013
DE,2024-12-23,Germany,DE,207.2882,251.5146,82.42,903.9,43.44,501.2,457.7,4066.23,6808.68,-0.18,C,82.42,77.2025,GIE AGSI+ API v013
DE,2024-12-24,Germany,DE,206.8971,251.5146,82.26,903.9,74.88,465.9,391,4066.23,6808.68,-0.16,C,82.26,77.1825,GIE AGSI+ API v013
DE,2024-12-25,Germany,DE,206.7146,251.5146,82.19,903.9,120.9,303.3,182.4,4066.23,6808.68,-0.07,C,82.19,77.22,GIE AGSI+ API v013
DE,2024-12-26,Germany,DE,206.3033,251.5146,82.02,903.9,79.89,492.1,412.2,4066.23,6808.68,-0.16,C,82.02,77.2175,GIE AGSI+ API v013
DE,2024-12-27,Germany,DE,205.2508,251.5146,81.61,903.9,23.32,1075.9,1052.5,4066.23,6808.68,-0.42,C,81.61,77.1575,GIE AGSI+ API v013
DE,2024-12-28,Germany,DE,204.0262,251.5146,81.12,903.9,21.59,1246.2,1224.6,4066.23,6808.68,-0.49,C,81.12,77.0775,GIE AGSI+ API v013
DE,2024-12-29,Germany,DE,202.7517,251.5146,80.61,903.9,28.73,1303.2,1274.5,4066.23,6808.68,-0.51,C,80.61,77.055,GIE AGSI+ API v013
DE,2024-12-30,Germany,DE,201.4987,251.5146,80.11,903.9,16.17,1269.1,1252.9,4066.23,6808.68,-0.5,E,80.11,77.04,GIE AGSI+ API v013
DE,2024-12-31,Germany,DE,200.6099,251.5146,79.76,903.9,41.52,928.3,886.8,4066.23,6808.68,-0.35,C,79.76,77.13,GIE AGSI+ API v013
DE,2025-01-01,Germany,DE,199.8702,251.5146,79.47,903.9,37.56,777.3,739.8,4066.23,6808.68,0,C,79.47,81.166,GIE AGSI+ API v013
DE,2025-01-02,Germany,DE,198.7062,251.5146,79,903.9,18.56,1178.9,1160.3,4066.23,6808.68,-0.46,C,79,81.06,GIE AGSI+ API v013
DE,2025-01-03,Germany,DE,196.9925,251.5146,78.32,903.9,12.42,1720.3,1707.8,4066.23,6808.68,-0.68,C,78.32,80.894,GIE AGSI+ API v013
DE,2025-01-04,Germany,DE,195.4474,251.5146,77.71,903.9,15.25,1575.4,1560.1,4066.23,6808.68,-0.61,C,77.71,80.612,GIE AGSI+ API v013
DE,2025-01-05,Germany,DE,194.1161,251.5146,77.18,903.9,26.8,1344.5,1317.7,4066.23,6808.68,-0.53,C,77.18,80.222,GIE AGSI+ API v013
DE,2025-01-06,Germany,DE,193.2497,251.5146,76.83,903.9,32.88,897.3,864.4,4066.23,6808.68,-0.34,C,76.83,79.834,GIE AGSI+ API v013
DE,2025-01-07,Germany,DE,191.9037,251.5146,76.3,903.9,13.07,1359,1346,4066.23,6808.68,-0.54,C,76.3,79.35,GIE AGSI+ API v013
DE,2025-01-08,Germany,DE,189.958,251.5146,75.53,903.9,9.1,1961.2,1952.1,4066.23,6808.68,-0.77,C,75.53,78.79,GIE AGSI+ API v013
DE,2025-01-09,Germany,DE,187.8467,251.5146,74.69,903.9,32.93,2155.7,2122.8,4066.23,6808.68,-0.84,C,74.69,78.204,GIE AGSI+ API v013
DE,2025-01-10,Germany,DE,185.5776,251.5146,73.78,903.9,7.91,2283.4,2275.5,4066.23,6808.68,-0.9,C,73.78,77.52,GIE AGSI+ API v013
DE,2025-01-11,Germany,DE,183.391,251.5146,72.91,903.9,7.5,2186.3,2178.8,4066.23,6808.68,-0.87,C,72.91,76.75,GIE AGSI+ API v013
DE,2025-01-12,Germany,DE,181.2865,251.5146,72.08,903.9,12.8,2112.5,2099.7,4066.23,6808.68,-0.84,E,72.08,76.068,GIE AGSI+ API v013
DE,2025-01-13,Germany,DE,178.2742,251.5146,70.88,903.9,4.71,3017.5,3012.8,4066.23,6808.68,-1.2,C,70.88,75.474,GIE AGSI+ API v013
DE,2025-01-14,Germany,DE,175.146,251.5146,69.64,903.9,19.54,3141.8,3122.3,4066.23,6808.68,-1.24,C,69.64,74.892,GIE AGSI+ API v013
DE,2025-01-15,Germany,DE,172.2368,251.5146,68.48,903.9,152.68,3058.9,2906.2,4066.23,6808.68,-1.16,C,68.48,74.274,GIE AGSI+ API v013
DE,2025-01-16,Germany,DE,169.4152,251.5146,67.36,903.9,59.3,2890.8,2831.5,4066.23,6808.68,-1.12,C,67.36,73.618,GIE AGSI+ API v013
DE,2025-01-17,Germany,DE,166.1178,251.5146,66.05,903.9,56.53,3354.2,3297.6,4066.23,6808.68,-1.31,C,66.05,72.924,GIE AGSI+ API v013
DE,2025-01-18,Germany,DE,163.3704,251.5146,64.95,903.9,13.5,2772.4,2758.9,4066.23,6808.68,-1.09,C,64.95,72.168,GIE AGSI+ API v013
DE,2025-01-19,Germany,DE,160.5896,251.5146,63.85,903.9,42.08,2766,2723.9,4066.23,6808.68,-1.11,C,63.85,71.442,GIE AGSI+ API v013
DE,2025-01-20,Germany,DE,157.22,251.5146,62.51,903.9,14.59,3390.7,3376.1,4066.23,6808.68,-1.34,C,62.51,70.73,GIE AGSI+ API v013
DE,2025-01-21,Germany,DE,153.5583,251.5146,61.05,903.9,2.59,3688.2,3685.7,4066.23,6808.68,-1.46,C,61.05,70.084,GIE AGSI+ API v013
DE,2025-01-22,Germany,DE,150.5856,251.5146,59.87,903.9,20.6,2965.9,2945.3,4066.23,6808.68,-1.18,C,59.87,69.5,GIE AGSI+ API v013
DE,2025-01-23,Germany,DE,148.9337,251.5146,59.21,903.9,54.81,1706.7,1651.9,4066.23,6808.68,-0.66,E,59.21,68.842,GIE AGSI+ API v013
DE,2025-01-24,Germany,DE,147.7353,251.5146,58.74,903.9,88.35,1285.1,1196.7,4066.23,6808.68,-0.48,E,58.74,68.128,GIE AGSI+ API v013
DE,2025-01-25,Germany,DE,146.98,251.5146,58.44,903.9,79.88,844,764.1,4066.23,6836.28,-0.3,C,58.44,67.368,GIE AGSI+ API v013
DE,2025-01-26,Germany,DE,146.1566,251.5146,58.11,903.9,53.54,876.9,823.4,4066.23,6836.28,-0.33,C,58.11,66.732,GIE AGSI+ API v013
DE,2025-01-27,Germany,DE,145.2521,251.5146,57.75,903.9,51.02,955.5,904.4,4066.23,6836.28,-0.36,C,57.75,66.086,GIE AGSI+ API v013
DE,2025-01-28,Germany,DE,144.3611,251.5146,57.4,903.9,32.83,923.9,891.1,4066.23,6836.28,-0.35,C,57.4,65.494,GIE AGSI+ API v013
DE,2025-01-29,Germany,DE,143.412,251.5146,57.02,903.9,19.84,967.8,948,4066.23,6836.28,-0.38,C,57.02,65.036,GIE AGSI+ API v013
DE,2025-01-30,Germany,DE,141.9359,251.5146,56.43,903.9,5.37,1496.9,1491.5,4066.23,6836.28,-0.59,C,56.43,64.576,GIE AGSI+ API v013
DE,2025-01-31,Germany,DE,140.447,251.5146,55.84,903.9,4.2,1493.1,1488.9,4066.23,6836.28,-0.59,C,55.84,64.118,GIE AGSI+ API v013
DE,2025-02-01,Germany,DE,138.7991,251.6202,55.16,903.9,3.91,1654.8,1650.8,4066.23,6836.28,-0.65,C,55.16,63.718,GIE AGSI+ API v013
DE,2025-02-02,Germany,DE,136.9634,251.6202,54.43,903.9,18.86,1861.3,1842.4,4066.23,6836.28,-0.73,C,54.43,63.37,GIE AGSI+ API v013
DE,2025-02-03,Germany,DE,134.2676,251.6202,53.36,903.9,12.75,2715.1,2702.3,4066.23,6836.28,-1.07,C,53.36,63.132,GIE AGSI+ API v013
DE,2025-02-04,Germany,DE,131.8079,251.6202,52.38,903.9,14.31,2526.1,2511.8,4066.23,6836.28,-0.98,E,52.38,62.85,GIE AGSI+ API v013
DE,2025-02-05,Germany,DE,129.3157,251.6202,51.39,903.9,10.24,2549.2,2539,4066.23,6836.28,-0.99,C,51.39,62.584,GIE AGSI+ API v013
DE,2025-02-06,Germany,DE,127.154,251.6202,50.53,903.9,11.81,2182.3,2170.5,4066.23,6836.28,-0.86,C,50.53,62.118,GIE AGSI+ API v013
DE,2025-02-07,Germany,DE,125.2432,251.6202,49.77,903.9,57.34,1957.8,1900.4,4066.23,6836.28,-0.76,C,49.77,61.594,GIE AGSI+ API v013
DE,2025-02-08,Germany,DE,123.8567,251.6202,49.22,903.9,11.14,1397.7,1386.6,4066.23,6836.28,-0.55,C,49.22,61.026,GIE AGSI+ API v013
DE,2025-02-09,Germany,DE,122.4374,251.6202,48.66,903.9,12.53,1440.2,1427.7,4066.23,6836.28,-0.56,C,48.66,60.526,GIE AGSI+ API v013
DE,2025-02-10,Germany,DE,120.3318,251.6202,47.82,903.9,11.25,2139.4,2128.2,4066.23,6836.28,-0.84,C,47.82,60.004,GIE AGSI+ API v013
DE,2025-02-11,Germany,DE,118.176,251.6202,46.97,903.9,56.58,2205.5,2148.9,4066.23,6836.28,-0.86,C,46.97,59.546,GIE AGSI+ API v013
DE,2025-02-12,Germany,DE,115.6937,251.6202,45.98,903.9,7.86,2500.4,2492.5,4066.23,6836.28,-0.99,C,45.98,59.086,GIE AGSI+ API v013
DE,2025-02-13,Germany,DE,113.0149,251.6202,44.91,903.9,9.91,2702.3,2692.4,4066.23,6836.28,-1.06,C,44.91,58.626,GIE AGSI+ API v013
DE,2025-02-14,Germany,DE,110.156,251.6202,43.78,903.9,13.11,2877.2,2864.1,4066.23,6836.28,-1.14,C,43.78,58.236,GIE AGSI+ API v013
DE,2025-02-15,Germany,DE,107.796,251.6202,42.84,903.9,6.61,2379.7,2373.1,4066.23,6836.28,-0.94,C,42.84,57.904,GIE AGSI+ API v013
DE,2025-02-16,Germany,DE,105.5765,251.6202,41.96,903.9,41.09,2262.8,2221.7,4066.23,6836.28,-0.88,C,41.96,57.716,GIE AGSI+ API v013
DE,2025-02-17,Germany,DE,102.2776,251.6202,40.65,903.9,32.3,3344.3,3311.9,4066.23,6836.28,-1.31,C,40.65,57.598,GIE AGSI+ API v013
DE,2025-02-18,Germany,DE,98.9848,251.6202,39.34,903.9,8.82,3311.4,3302.5,4066.23,6836.28,-1.31,C,39.34,57.486,GIE AGSI+ API v013
DE,2025-02-19,Germany,DE,96.2785,251.8612,38.23,903.9,24.73,2756,2731.3,4066.23,6836.28,-1.07,C,38.23,57.342,GIE AGSI+ API v013
DE,2025-02-20,Germany,DE,94.3437,251.8612,37.46,903.9,23.66,1956.9,1933.2,4066.23,6836.28,-0.77,C,37.46,57.21,GIE AGSI+ API v013
DE,2025-02-21,Germany,DE,93.4109,251.8612,37.09,903.9,79.79,1004.3,924.5,4066.23,6836.28,-0.37,C,37.09,57.032,GIE AGSI+ API v013
DE,2025-02-22,Germany,DE,92.8997,251.8612,36.89,903.9,103.72,623.3,519.6,4066.23,6836.28,-0.2,C,36.89,56.822,GIE AGSI+ API v013
DE,2025-02-23,Germany,DE,92.5397,251.6202,36.78,903.9,168.15,530.6,362.5,4066.23,6836.28,-0.14,C,36.78,56.666,GIE AGSI+ API v013
DE,2025-02-24,Germany,DE,91.8557,251.6202,36.51,903.9,93.44,783.4,689.9,4066.23,6836.28,-0.27,C,36.51,56.526,GIE AGSI+ API v013
DE,2025-02-25,Germany,DE,90.9077,251.6202,36.13,903.9,33.96,992,958,4066.23,6836.28,-0.38,C,36.13,56.352,GIE AGSI+ API v013
DE,2025-02-26,Germany,DE,89.7261,251.6202,35.66,903.9,4.25,1197.5,1193.3,4066.23,6836.28,-0.47,C,35.66,56.09,GIE AGSI+ API v013
DE,2025-02-27,Germany,DE,88.4934,251.6202,35.17,903.9,6.46,1250.4,1243.9,4066.23,6836.28,-0.49,C,35.17,55.696,GIE AGSI+ API v013
DE,2025-02-28,Germany,DE,85.178,251.6202,33.85,903.9,8.35,3340,3331.6,4066.23,6836.28,-1.32,C,33.85,55.262,GIE AGSI+ API v013
DE,2025-03-01,Germany,DE,84.2532,250.6843,33.61,903.9,5.84,930.7,924.8,4066.23,6836.28,-0.37,C,33.61,54.804,GIE AGSI+ API v013
DE,2025-03-02,Germany,DE,83.4623,250.6843,33.29,903.9,40.39,831.3,790.9,4066.23,6836.28,-0.32,C,33.29,54.424,GIE AGSI+ API v013
DE,2025-03-03,Germany,DE,82.3268,250.6843,32.84,903.9,32.07,1167.6,1135.5,4066.23,6836.28,-0.45,C,32.84,54.128,GIE AGSI+ API v013
DE,2025-03-04,Germany,DE,81.4456,250.6843,32.49,903.9,29.82,916.2,886.3,4066.23,6836.28,-0.35,E,32.49,53.84,GIE AGSI+ API v013
DE,2025-03-05,Germany,DE,80.8709,250.6843,32.26,903.9,66.06,638.2,572.1,4066.23,6836.28,-0.23,C,32.26,53.488,GIE AGSI+ API v013
DE,2025-03-06,Germany,DE,80.4475,250.6843,32.09,903.9,103.11,524.5,421.4,4066.23,6836.28,-0.17,C,32.09,53.16,GIE AGSI+ API v013
DE,2025-03-07,Germany,DE,80.1874,250.6843,31.99,903.9,166.37,426.6,260.3,4066.23,6836.28,-0.1,E,31.99,52.768,GIE AGSI+ API v013
DE,2025-03-08,Germany,DE,80.3617,250.6843,32.06,903.9,295.99,165.2,-130.7,4066.23,6836.28,0.07,C,32.06,52.37,GIE AGSI+ API v013
DE,2025-03-09,Germany,DE,80.4097,250.6843,32.08,903.9,251.37,203.4,-48,4066.23,6836.28,0.02,C,32.08,52.056,GIE AGSI+ API v013
DE,2025-03-10,Germany,DE,79.7998,250.6843,31.83,903.9,57.52,668.1,610.6,4066.23,6836.28,-0.24,C,31.83,51.936,GIE AGSI+ API v013
DE,2025-03-11,Germany,DE,78.8284,250.6843,31.45,903.9,0.65,982,981.4,4066.23,6836.28,-0.39,C,31.45,51.79,GIE AGSI+ API v013
DE,2025-03-12,Germany,DE,77.6123,250.6843,30.96,903.9,12.45,1229.2,1216.7,4066.23,6836.28,-0.49,E,30.96,51.7,GIE AGSI+ API v013
DE,2025-03-13,Germany,DE,76.3469,250.6843,30.46,903.9,17.6,1283.3,1265.7,4066.23,6836.28,-0.5,E,30.46,51.652,GIE AGSI+ API v013
DE,2025-03-14,Germany,DE,75.277,250.6843,30.03,903.9,13.1,1194.5,1181.4,4066.23,6836.28,-0.43,C,30.03,51.546,GIE AGSI+ API v013
DE,2025-03-15,Germany,DE,74.6542,250.6843,29.78,903.9,54.05,679.3,625.3,4066.23,6836.28,-0.25,C,29.78,51.442,GIE AGSI+ API v013
DE,2025-03-16,Germany,DE,74.1461,250.6843,29.58,903.9,79.05,593.9,514.9,4066.23,6836.28,-0.2,C,29.58,51.346,GIE AGSI+ API v013
DE,2025-03-17,Germany,DE,73.1663,250.6843,29.19,903.9,47.13,866.9,819.8,4066.23,6836.28,-0.39,C,29.19,51.236,GIE AGSI+ API v013
DE,2025-03-18,Germany,DE,72.4675,250.6843,28.91,903.9,99.55,801.4,701.8,4066.23,6836.28,-0.28,C,28.91,51.146,GIE AGSI+ API v013
DE,2025-03-19,Germany,DE,72.0356,250.6843,28.74,903.9,132,576.2,444.2,4066.23,6836.28,-0.17,C,28.74,51.106,GIE AGSI+ API v013
DE,2025-03-20,Germany,DE,71.9981,250.6843,28.72,903.9,248.18,286.9,38.7,4066.23,6836.28,-0.01,C,28.72,51.05,GIE AGSI+ API v013
DE,2025-03-21,Germany,DE,72.1556,250.6843,28.78,903.9,366.3,219.4,-146.9,4066.23,6836.28,0.06,C,28.78,50.996,GIE AGSI+ API v013
DE,2025-03-22,Germany,DE,72.6222,250.6843,28.97,903.9,532.68,51.7,-481,4066.23,6836.28,0.19,C,28.97,50.938,GIE AGSI+ API v013
DE,2025-03-23,Germany,DE,72.9071,250.6843,29.08,903.9,391.12,125.4,-265.7,4066.23,6836.28,0.11,C,29.08,50.872,GIE AGSI+ API v013
DE,2025-03-24,Germany,DE,72.7687,250.6843,29.03,903.9,197.04,340.5,143.4,4066.23,6836.28,-0.06,C,29.03,50.88,GIE AGSI+ API v013
DE,2025-03-25,Germany,DE,72.5852,250.6843,28.95,903.9,178,370.9,192.9,4066.23,6836.28,-0.07,C,28.95,50.804,GIE AGSI+ API v013
DE,2025-03-26,Germany,DE,72.2491,250.6843,28.82,903.9,115.04,456.1,341.1,4066.23,6836.28,-0.13,C,28.82,50.844,GIE AGSI+ API v013
DE,2025-03-27,Germany,DE,72.023,250.6843,28.73,903.9,150.2,371.4,221.2,4066.23,6836.28,-0.09,C,28.73,50.856,GIE AGSI+ API v013
DE,2025-03-28,Germany,DE,72.0281,250.6843,28.73,903.9,221.05,216,-5.1,4066.23,6836.28,0,C,28.73,50.878,GIE AGSI+ API v013
DE,2025-03-29,Germany,DE,72.1661,250.6843,28.79,903.9,287.74,149.7,-138,3929.49,6614.51,0.06,C,28.79,50.862,GIE AGSI+ API v013
DE,2025-03-30,Germany,DE,72.2276,250.6843,28.81,903.9,226.24,166.6,-59.6,4066.23,6836.28,0.02,C,28.81,50.886,GIE AGSI+ API v013
DE,2025-03-31,Germany,DE,71.9173,250.6267,28.69,903.9,182.06,482.6,300.6,4066.09,6836.28,-0.12,E,28.69,50.298,GIE AGSI+ API v013
DE,2025-04-01,Germany,DE,72.0222,247.1321,29.14,903.9,371.42,225.5,-145.9,4082.53,6880.1,0.04,C,29.14,51.482,GIE AGSI+ API v013
DE,2025-04-02,Germany,DE,72.0403,246.5951,29.21,903.9,181.37,163.3,-18,4082.53,6880.1,0.01,E,29.21,51.562,GIE AGSI+ API v013
DE,2025-04-03,Germany,DE,72.1549,246.5951,29.26,903.9,268.54,153.9,-114.6,4082.53,6880.1,0.05,E,29.26,51.564,GIE AGSI+ API v013
DE,2025-04-04,Germany,DE,72.4026,246.5951,29.36,903.9,354.84,103.3,-251.5,4082.53,6880.1,0.1,C,29.36,51.524,GIE AGSI+ API v013
DE,2025-04-05,Germany,DE,72.8137,246.5951,29.53,903.9,475.13,64,-411.1,4082.53,6880.1,0.17,C,29.53,51.53,GIE AGSI+ API v013
DE,2025-04-06,Germany,DE,72.9455,246.5951,29.58,903.9,296.53,171.1,-125.4,4082.53,6880.1,0.05,C,29.58,51.612,GIE AGSI+ API v013
DE,2025-04-07,Germany,DE,72.4982,246.5951,29.4,903.9,55.14,509.1,454,4082.53,6880.1,-0.18,C,29.4,51.716,GIE AGSI+ API v013
DE,2025-04-08,Germany,DE,72.2303,246.5948,29.29,903.9,67.22,344.4,277.2,4082.47,6879.89,-0.11,C,29.29,51.838,GIE AGSI+ API v013
DE,2025-04-09,Germany,DE,72.0293,246.5948,29.21,903.9,78.39,284.4,206,4082.47,6879.89,-0.08,E,29.21,51.984,GIE AGSI+ API v013
DE,2025-04-10,Germany,DE,71.8576,246.5948,29.14,903.9,94.12,263.4,169.3,4082.47,6879.89,-0.07,E,29.14,52.164,GIE AGSI+ API v013
DE,2025-04-11,Germany,DE,71.8817,246.5948,29.15,903.9,206.53,184.5,-22,4082.47,6879.89,0.01,C,29.15,52.322,GIE AGSI+ API v013
DE,2025-04-12,Germany,DE,72.4241,246.5948,29.37,903.9,596.9,50.3,-546.6,4082.47,6879.89,0.22,C,29.37,52.44,GIE AGSI+ API v013
DE,2025-04-13,Germany,DE,73.0489,246.5948,29.62,903.9,670.12,47.2,-623,4082.47,6879.89,0.25,C,29.62,52.518,GIE AGSI+ API v013
DE,2025-04-14,Germany,DE,73.4206,246.5948,29.77,903.9,452.4,93.9,-358.5,4082.47,6879.89,0.15,C,29.77,52.576,GIE AGSI+ API v013
DE,2025-04-15,Germany,DE,74.0006,246.5948,30.01,903.9,637.41,58.4,-579,4082.47,6879.89,0.24,C,30.01,52.63,GIE AGSI+ API v013
DE,2025-04-16,Germany,DE,74.3138,246.5948,30.14,903.9,417.88,101.7,-316.1,4082.47,6879.89,0.13,C,30.14,52.714,GIE AGSI+ API v013
DE,2025-04-17,Germany,DE,74.5088,246.5948,30.22,903.9,333.37,137.3,-196.1,4082.47,6879.89,0.08,C,30.22,52.788,GIE AGSI+ API v013
DE,2025-04-18,Germany,DE,75.0044,246.5948,30.42,903.9,548.19,52.6,-495.6,4082.47,6879.89,0.2,C,30.42,52.912,GIE AGSI+ API v013
DE,2025-04-19,Germany,DE,75.6904,246.5948,30.69,903.9,711.9,25.9,-686,4082.47,6879.89,0.28,C,30.69,53.04,GIE AGSI+ API v013
DE,2025-04-20,Germany,DE,76.4863,246.5948,31.02,903.9,809.51,13.7,-795.9,4082.47,6879.89,0.32,C,31.02,53.124,GIE AGSI+ API v013
DE,2025-04-21,Germany,DE,77.1401,246.5948,31.28,903.9,706.76,53,-653.8,4082.47,6879.89,0.27,C,31.28,53.246,GIE AGSI+ API v013
DE,2025-04-22,Germany,DE,77.3529,246.5948,31.37,903.9,331.97,119.1,-212.9,4082.47,6879.89,0.09,C,31.37,53.37,GIE AGSI+ API v013
DE,2025-04-23,Germany,DE,77.5732,246.5948,31.46,903.9,290.87,70.6,-220.3,4082.47,6879.89,0.09,C,31.46,53.508,GIE AGSI+ API v013
DE,2025-04-24,Germany,DE,77.7045,246.5948,31.51,903.9,209.69,78.4,-131.3,4204.51,7096.85,0.05,E,31.51,53.684,GIE AGSI+ API v013
DE,2025-04-25,Germany,DE,78.0078,246.5948,31.63,903.9,356.54,64,-292.5,4204.51,7096.85,0.12,C,31.63,53.79,GIE AGSI+ API v013
DE,2025-04-26,Germany,DE,78.5919,246.5948,31.87,903.9,658.72,74.6,-584.1,4204.51,7096.85,0.24,C,31.87,53.864,GIE AGSI+ API v013
DE,2025-04-27,Germany,DE,79.2687,246.5948,32.15,903.9,717.57,40.8,-676.8,4204.51,7096.85,0.27,C,32.15,53.98,GIE AGSI+ API v013
DE,2025-04-28,Germany,DE,79.827,246.554,32.38,903.9,597.15,39,-558.1,4204.51,7096.85,0.23,C,32.38,54.168,GIE AGSI+ API v013
DE,2025-04-29,Germany,DE,80.4348,246.3955,32.64,903.9,644.74,37,-607.7,4204.51,7096.85,0.25,C,32.64,54.37,GIE AGSI+ API v013
DE,2025-04-30,Germany,DE,81.2538,246.3955,32.98,903.9,808.69,35.2,-773.5,4204.51,7096.85,0.33,C,32.98,54.638,GIE AGSI+ API v013
DE,2025-05-01,Germany,DE,82.291,246.3955,33.4,903.9,1057.68,20.5,-1037.2,4204.51,7096.85,0.42,C,33.4,54.944,GIE AGSI+ API v013
DE,2025-05-02,Germany,DE,83.312,246.3955,33.81,903.9,1041.05,20,-1021.1,4204.51,7096.85,0.41,E,33.81,55.088,GIE AGSI+ API v013
DE,2025-05-03,Germany,DE,84.3448,246.3955,34.23,903.9,1069.49,23,-1046.5,4204.51,7096.85,0.42,E,34.23,55.236,GIE AGSI+ API v013
DE,2025-05-04,Germany,DE,85.2411,246.3955,34.6,903.9,932.25,50.1,-882.1,4204.51,7096.85,0.36,E,34.6,55.34,GIE AGSI+ API v013
DE,2025-05-05,Germany,DE,85.6328,246.3955,34.75,903.9,482.48,91.2,-391.3,4204.51,7096.85,0.16,E,34.75,55.5,GIE AGSI+ API v013
DE,2025-05-06,Germany,DE,85.8938,247.3314,34.73,903.9,351.27,89.6,-261.7,4204.51,7096.85,0.11,E,34.73,55.602,GIE AGSI+ API v013
DE,2025-05-07,Germany,DE,86.2159,247.3314,34.86,903.9,433.39,116.4,-317,4204.51,7096.85,0.13,E,34.86,55.78,GIE AGSI+ API v013
DE,2025-05-08,Germany,DE,86.4176,246.3955,35.07,903.9,347.13,134.8,-212.3,4204.51,7096.85,0.08,E,35.07,56.046,GIE AGSI+ API v013
DE,2025-05-09,Germany,DE,86.7031,246.3955,35.19,903.9,385,99.5,-285.5,4204.51,7096.85,0.12,E,35.19,56.368,GIE AGSI+ API v013
DE,2025-05-10,Germany,DE,87.4778,247.3314,35.37,903.9,823.47,50.6,-772.9,4204.51,7096.85,0.31,E,35.37,56.688,GIE AGSI+ API v013
DE,2025-05-11,Germany,DE,88.3242,247.3314,35.71,903.9,896.54,53.7,-842.8,4204.51,7096.85,0.34,E,35.71,56.974,GIE AGSI+ API v013
DE,2025-05-12,Germany,DE,89.0393,247.2908,36.01,903.9,743.58,47,-696.5,4204.55,7106.87,0.29,E,36.01,57.162,GIE AGSI+ API v013
DE,2025-05-13,Germany,DE,89.4934,247.2908,36.19,903.9,552.74,87.9,-464.9,4204.55,7106.87,0.18,E,36.19,57.49,GIE AGSI+ API v013
DE,2025-05-14,Germany,DE,90.1748,247.2908,36.47,903.9,737.53,53.8,-683.7,4204.55,7106.87,0.28,E,36.47,57.83,GIE AGSI+ API v013
DE,2025-05-15,Germany,DE,90.7017,247.2908,36.68,903.9,606.27,66.1,-540.2,4204.55,7106.87,0.21,E,36.68,58.15,GIE AGSI+ API v013
DE,2025-05-16,Germany,DE,91.1739,247.2908,36.87,903.9,573.41,97.3,-476.1,4204.55,7106.87,0.19,E,36.87,58.428,GIE AGSI+ API v013
DE,2025-05-17,Germany,DE,91.9836,247.2908,37.2,903.9,802.5,2.1,-800.4,4242.96,7106.87,0.33,E,37.2,58.688,GIE AGSI+ API v013
DE,2025-05-18,Germany,DE,92.6586,247.2908,37.47,903.9,690.89,14.5,-676.4,4242.96,7106.87,0.27,E,37.47,58.956,GIE AGSI+ API v013
DE,2025-05-19,Germany,DE,93.078,247.2908,37.64,903.9,484.28,83.7,-400.6,4242.96,7106.87,0.17,E,37.64,59.218,GIE AGSI+ API v013
DE,2025-05-20,Germany,DE,93.5199,247.2908,37.82,903.9,496.33,65,-431.3,4242.91,7107.05,0.18,E,37.82,59.542,GIE AGSI+ API v013
DE,2025-05-21,Germany,DE,93.308,247.2908,37.73,903.9,121.59,333.5,211.9,4242.91,7107.05,-0.09,E,37.73,59.948,GIE AGSI+ API v013
DE,2025-05-22,Germany,DE,93.6268,247.2908,37.86,903.9,449.58,123.6,-326,4242.91,7107.05,0.13,E,37.86,60.306,GIE AGSI+ API v013
DE,2025-05-23,Germany,DE,93.7907,247.2908,37.93,903.9,320.06,160.8,-159.3,4242.91,7107.05,0.07,E,37.93,60.63,GIE AGSI+ API v013
DE,2025-05-24,Germany,DE,94.2632,247.2908,38.12,903.9,482.79,12.8,-470,4242.91,7107.05,0.19,E,38.12,60.872,GIE AGSI+ API v013
DE,2025-05-25,Germany,DE,95.0725,247.2908,38.45,903.9,834.33,2.4,-831.9,4242.91,7107.05,0.33,E,38.45,61.094,GIE AGSI+ API v013
DE,2025-05-26,Germany,DE,95.5799,247.2908,38.65,903.9,532.11,47.3,-484.8,4242.91,7107.05,0.21,E,38.65,61.342,GIE AGSI+ API v013
DE,2025-05-27,Germany,DE,96.0277,247.2908,38.83,903.9,486.58,38.8,-447.8,4242.91,7107.05,0.18,E,38.83,61.572,GIE AGSI+ API v013
DE,2025-05-28,Germany,DE,96.5497,247.2908,39.04,903.9,554.39,20,-534.4,4242.91,7107.05,0.21,E,39.04,61.774,GIE AGSI+ API v013
DE,2025-05-29,Germany,DE,97.3378,247.2908,39.36,903.9,807.14,25.1,-782,4242.91,7107.05,0.32,E,39.36,62.028,GIE AGSI+ API v013
DE,2025-05-30,Germany,DE,98.2974,247.2908,39.75,903.9,968.93,7.2,-961.7,4242.91,7107.05,0.39,E,39.75,62.29,GIE AGSI+ API v013
DE,2025-05-31,Germany,DE,99.5504,247.2908,40.26,903.9,1277.03,28.6,-1248.4,4242.91,7107.05,0.51,E,40.26,62.548,GIE AGSI+ API v013
DE,2025-06-01,Germany,DE,101.7025,247.3408,41.12,903.9,2030.15,27.1,-2003.1,4243.47,7107.61,0.87,E,41.12,62.798,GIE AGSI+ API v013
DE,2025-06-02,Germany,DE,102.3512,247.3408,41.38,903.9,677.19,30.2,-647,4243.61,7107.61,0.26,E,41.38,63.066,GIE AGSI+ API v013
DE,2025-06-03,Germany,DE,102.9232,247.3408,41.61,903.9,638.93,66.6,-572.3,4243.47,7107.61,0.23,E,41.61,63.368,GIE AGSI+ API v013
DE,2025-06-04,Germany,DE,103.7107,247.3408,41.93,903.9,724.54,37.1,-687.4,4243.47,7107.61,0.32,E,41.93,63.71,GIE AGSI+ API v013
DE,2025-06-05,Germany,DE,104.0763,247.3408,42.08,903.9,418.16,55.3,-362.9,4243.47,7107.61,0.15,E,42.08,64.034,GIE AGSI+ API v013
DE,2025-06-06,Germany,DE,104.9758,247.3408,42.44,903.9,914.08,7.2,-906.9,4243.47,7107.61,0.36,E,42.44,64.414,GIE AGSI+ API v013
DE,2025-06-07,Germany,DE,106.133,247.3408,42.91,903.9,1134.88,3.2,-1131.7,4205.06,7107.61,0.47,E,42.91,64.668,GIE AGSI+ API v013
DE,2025-06-08,Germany,DE,107.2085,247.3408,43.34,903.9,1083.88,5.5,-1078.4,4205.06,7107.61,0.43,E,43.34,64.834,GIE AGSI+ API v013
DE,2025-06-09,Germany,DE,108.1419,247.3408,43.72,903.9,928.59,3.9,-924.7,4205.06,7107.61,0.38,E,43.72,65.028,GIE AGSI+ API v013
DE,2025-06-10,Germany,DE,108.9713,247.3408,44.06,903.9,861.64,15,-846.6,4205.06,7107.61,0.34,E,44.06,65.31,GIE AGSI+ API v013
DE,2025-06-11,Germany,DE,109.6807,247.3408,44.34,903.9,736.53,8.7,-727.8,4205.06,7107.61,0.29,E,44.34,65.634,GIE AGSI+ API v013
DE,2025-06-12,Germany,DE,110.3668,247.3408,44.62,903.9,699.39,17.1,-682.3,4205.06,7107.61,0.28,E,44.62,65.966,GIE AGSI+ API v013
DE,2025-06-13,Germany,DE,111.049,247.3408,44.9,903.9,835.37,174,-661.4,4205.06,7107.61,0.28,E,44.9,66.266,GIE AGSI+ API v013
DE,2025-06-14,Germany,DE,112.185,247.3408,45.36,903.9,1144.14,10.5,-1133.6,4205.06,7107.61,0.46,E,45.36,66.578,GIE AGSI+ API v013
DE,2025-06-15,Germany,DE,113.2796,247.3408,45.8,903.9,1099.73,5.5,-1094.2,4205.06,7107.61,0.44,E,45.8,66.768,GIE AGSI+ API v013
DE,2025-06-16,Germany,DE,113.9349,247.3408,46.06,903.9,671.57,16.2,-655.4,4205.06,7107.61,0.26,E,46.06,66.842,GIE AGSI+ API v013
DE,2025-06-17,Germany,DE,114.5381,247.3408,46.31,903.9,638.6,35.4,-603.2,4205.06,7107.61,0.24,E,46.31,67.258,GIE AGSI+ API v013
DE,2025-06-18,Germany,DE,115.2356,247.3408,46.59,903.9,693.65,5.6,-688.1,4205.06,7107.61,0.28,E,46.59,67.568,GIE AGSI+ API v013
DE,2025-06-19,Germany,DE,116.0464,247.3408,46.92,903.9,815.54,4.6,-810.9,4205.06,7107.61,0.33,E,46.92,67.882,GIE AGSI+ API v013
DE,2025-06-20,Germany,DE,116.8073,247.3408,47.23,903.9,829.41,8.5,-820.9,4205.06,7107.61,0.31,E,47.23,68.162,GIE AGSI+ API v013
DE,2025-06-21,Germany,DE,117.993,247.3408,47.7,903.9,1186.9,1.2,-1185.7,4205.06,7107.61,0.48,E,47.7,68.428,GIE AGSI+ API v013
DE,2025-06-22,Germany,DE,119.1683,247.3408,48.18,903.9,1186.8,6.8,-1180,4205.06,7107.61,0.48,E,48.18,68.632,GIE AGSI+ API v013
DE,2025-06-23,Germany,DE,119.9722,247.3408,48.5,903.9,891.06,27.9,-863.1,4205.06,7107.61,0.33,E,48.5,68.862,GIE AGSI+ API v013
DE,2025-06-24,Germany,DE,120.7569,247.3408,48.82,903.9,779.34,6.5,-772.8,4205.06,7107.61,0.32,E,48.82,69.086,GIE AGSI+ API v013
DE,2025-06-25,Germany,DE,121.1504,247.3408,48.98,903.9,480.87,114.5,-366.4,4205.06,7107.61,0.16,E,48.98,69.352,GIE AGSI+ API v013
DE,2025-06-26,Germany,DE,121.288,247.3408,49.04,903.9,589.92,119.5,-470.4,4205.06,7107.61,0.06,E,49.04,69.63,GIE AGSI+ API v013
DE,2025-06-27,Germany,DE,122.3229,247.3408,49.46,903.9,803.64,111.4,-692.3,4205.06,7107.61,0.42,E,49.46,69.886,GIE AGSI+ API v013
DE,2025-06-28,Germany,DE,123.3441,247.3408,49.87,903.9,1080.61,47.8,-1032.8,4205.06,7107.61,0.41,E,49.87,70.108,GIE AGSI+ API v013
DE,2025-06-29,Germany,DE,124.5088,247.3408,50.34,903.9,1211.9,53.2,-1158.7,4205.06,7107.61,0.47,E,50.34,70.312,GIE AGSI+ API v013
DE,2025-06-30,Germany,DE,125.3109,247.3408,50.66,903.9,837.04,34.3,-802.7,4205.06,7107.61,0.32,E,50.66,70.54,GIE AGSI+ API v013
DE,2025-07-01,Germany,DE,125.9974,247.3409,50.94,903.9,712.57,24.4,-688.2,4205.06,7107.61,0.28,E,50.94,70.806,GIE AGSI+ API v013
DE,2025-07-02,Germany,DE,126.8856,247.3409,51.3,903.9,916.24,2,-914.2,4205.06,7107.61,0.36,E,51.3,71.064,GIE AGSI+ API v013
DE,2025-07-03,Germany,DE,127.5356,247.3445,51.56,903.9,719.22,69.5,-649.7,4205.06,7107.61,0.26,E,51.56,71.412,GIE AGSI+ API v013
DE,2025-07-04,Germany,DE,128.2912,247.3445,51.87,903.9,771.28,12.1,-759.2,4205.06,7107.61,0.31,E,51.87,71.698,GIE AGSI+ API v013
DE,2025-07-05,Germany,DE,129.3591,247.3445,52.3,903.9,1086.32,13.6,-1072.7,4205.06,7107.61,0.43,C,52.3,72.014,GIE AGSI+ API v013
DE,2025-07-06,Germany,DE,130.3086,247.3445,52.68,903.9,983.31,39.9,-943.4,4205.06,7107.61,0.38,C,52.68,72.218,GIE AGSI+ API v013
DE,2025-07-07,Germany,DE,130.9218,247.3445,52.93,903.9,714.4,17.6,-696.7,4205.06,7107.61,0.25,C,52.93,72.404,GIE AGSI+ API v013
DE,2025-07-08,Germany,DE,135.4935,247.3445,54.78,903.9,816.19,0,-816.2,4205.06,7107.61,1.85,C,54.78,72.62,GIE AGSI+ API v013
DE,2025-07-09,Germany,DE,132.4268,247.3445,53.54,903.9,1108.38,9,-1099.4,4205.06,7107.61,-1.24,C,53.54,72.876,GIE AGSI+ API v013
DE,2025-07-10,Germany,DE,133.5212,247.1578,54.02,903.9,1071.95,40.7,-1031.3,4205.06,7107.61,0.44,E,54.02,73.2,GIE AGSI+ API v013
DE,2025-07-11,Germany,DE,134.4262,247.2372,54.37,903.9,994.57,11.4,-983.2,4205.06,7107.61,0.37,E,54.37,73.4,GIE AGSI+ API v013
DE,2025-07-12,Germany,DE,135.8089,247.2372,54.93,903.9,1139.31,16.8,-1122.5,4205.06,7107.61,0.56,C,54.93,73.558,GIE AGSI+ API v013
DE,2025-07-13,Germany,DE,136.8975,247.2372,55.37,903.9,1090.85,3,-1087.9,4205.06,7107.61,0.44,E,55.37,73.672,GIE AGSI+ API v013
DE,2025-07-14,Germany,DE,137.4921,247.2372,55.61,903.9,718.25,120.7,-597.6,4205.06,7080.73,0.24,C,55.61,73.772,GIE AGSI+ API v013
DE,2025-07-15,Germany,DE,138.0543,247.2372,55.84,903.9,615,52.8,-562.2,4205.06,7080.73,0.23,E,55.84,73.912,GIE AGSI+ API v013
DE,2025-07-16,Germany,DE,138.6904,247.2372,56.1,903.9,671.66,35.5,-636.1,4205.06,7080.73,0.26,C,56.1,74.112,GIE AGSI+ API v013
DE,2025-07-17,Germany,DE,139.1755,247.2372,56.29,903.9,518.75,33.7,-485.1,4205.06,7080.73,0.2,E,56.29,74.282,GIE AGSI+ API v013
DE,2025-07-18,Germany,DE,139.8247,247.2372,56.55,903.9,661.75,12.6,-649.1,4205.06,7080.73,0.26,C,56.55,74.392,GIE AGSI+ API v013
DE,2025-07-19,Germany,DE,140.9293,247.2372,57,903.9,1130.89,26.4,-1104.5,4205.06,7080.73,0.45,C,57,74.514,GIE AGSI+ API v013
DE,2025-07-20,Germany,DE,142.0248,247.2372,57.44,903.9,1112.68,17.8,-1094.9,4205.06,7080.73,0.44,C,57.44,74.624,GIE AGSI+ API v013
DE,2025-07-21,Germany,DE,142.6596,247.2372,57.7,903.9,675.29,39.2,-636.1,4205.06,7080.73,0.26,C,57.7,74.708,GIE AGSI+ API v013
DE,2025-07-22,Germany,DE,143.2904,247.2769,57.95,903.9,671.59,41.6,-630,4205.06,7080.73,0.26,C,57.95,74.81,GIE AGSI+ API v013
DE,2025-07-23,Germany,DE,143.9156,247.2769,58.2,903.9,651.44,22.4,-629,4205.2,7080.73,0.25,C,58.2,75.034,GIE AGSI+ API v013
DE,2025-07-24,Germany,DE,144.3055,247.2769,58.36,903.9,503.68,114.8,-388.8,4205.2,7080.73,0.16,C,58.36,75.274,GIE AGSI+ API v013
DE,2025-07-25,Germany,DE,144.9117,247.2769,58.6,903.9,639.51,38.7,-600.8,4205.2,7080.73,0.25,C,58.6,75.482,GIE AGSI+ API v013
DE,2025-07-26,Germany,DE,145.899,247.2769,59,903.9,996.06,8.8,-987.2,4205.2,7080.73,0.4,C,59,75.752,GIE AGSI+ API v013
DE,2025-07-27,Germany,DE,147.0039,247.2769,59.45,903.9,1115.71,10.8,-1104.9,4205.2,7080.73,0.45,C,59.45,75.988,GIE AGSI+ API v013
DE,2025-07-28,Germany,DE,147.9933,247.2769,59.85,903.9,996.23,13.7,-982.5,4205.2,7080.73,0.4,C,59.85,76.232,GIE AGSI+ API v013
DE,2025-07-29,Germany,DE,148.8225,247.2769,60.18,903.9,843.06,15.6,-827.4,4205.2,7080.73,0.34,C,60.18,76.516,GIE AGSI+ API v013
DE,2025-07-30,Germany,DE,149.7583,247.2769,60.56,903.9,959.58,23.8,-935.8,4205.2,7080.73,0.38,E,60.56,76.802,GIE AGSI+ API v013
DE,2025-07-31,Germany,DE,150.3971,247.3579,60.8,903.9,667.36,29.3,-638,4205.2,7080.73,0.26,E,60.8,77.096,GIE AGSI+ API v013
DE,2025-08-01,Germany,DE,151.1612,247.7187,61.02,903.9,918.41,38.1,-880.4,4205.2,7080.73,0.31,C,61.02,77.246,GIE AGSI+ API v013
DE,2025-08-02,Germany,DE,152.5849,247.7187,61.6,903.9,1185.98,2.3,-1183.7,4205.2,7080.73,0.57,C,61.6,77.564,GIE AGSI+ API v013
DE,2025-08-03,Germany,DE,153.7645,247.7187,62.07,903.9,1200.93,2.7,-1198.3,4205.2,7080.73,0.48,C,62.07,77.834,GIE AGSI+ API v013
DE,2025-08-04,Germany,DE,154.7213,247.7187,62.46,903.9,957.3,0.5,-956.8,4205.2,7080.73,0.39,C,62.46,78.094,GIE AGSI+ API v013
DE,2025-08-05,Germany,DE,155.8115,247.7187,62.9,903.9,1115.09,8.1,-1106.9,4205.2,7080.73,0.44,C,62.9,78.4,GIE AGSI+ API v013
DE,2025-08-06,Germany,DE,156.7114,247.7187,63.26,903.9,916.66,1.1,-915.5,4205.2,7080.73,0.36,C,63.26,78.722,GIE AGSI+ API v013
DE,2025-08-07,Germany,DE,157.5353,247.7187,63.59,903.9,867.95,41.5,-826.5,4205.2,7080.73,0.33,C,63.59,79.056,GIE AGSI+ API v013
DE,2025-08-08,Germany,DE,158.3778,247.7187,63.93,903.9,893.38,46.1,-847.3,4205.2,7080.73,0.34,C,63.93,79.388,GIE AGSI+ API v013
DE,2025-08-09,Germany,DE,159.413,248.2187,64.22,903.9,1098.11,56.9,-1041.2,4211.2,7086.73,0.42,C,64.22,79.706,GIE AGSI+ API v013
DE,2025-08-10,Germany,DE,160.5504,248.2187,64.68,903.9,1141.44,4,-1137.4,4211.2,7086.73,0.46,C,64.68,80.02,GIE AGSI+ API v013
DE,2025-08-11,Germany,DE,161.4407,248.2187,65.04,903.9,897.35,7.1,-890.3,4211.2,7086.73,0.36,C,65.04,80.31,GIE AGSI+ API v013
DE,2025-08-12,Germany,DE,162.1392,248.7475,65.18,903.9,729.6,31.1,-698.5,4211.2,7086.73,0.28,C,65.18,80.606,GIE AGSI+ API v013
DE,2025-08-13,Germany,DE,162.763,248.7475,65.43,903.9,637.2,13.5,-623.7,4211.2,7086.73,0.25,C,65.43,80.968,GIE AGSI+ API v013
DE,2025-08-14,Germany,DE,163.5007,248.7475,65.73,903.9,765.82,22,-743.8,4211.2,7086.73,0.3,C,65.73,81.276,GIE AGSI+ API v013
DE,2025-08-15,Germany,DE,164.4735,248.7475,66.12,903.9,978.17,3.2,-975,4211.2,7086.73,0.39,E,66.12,81.464,GIE AGSI+ API v013
DE,2025-08-16,Germany,DE,165.3805,248.7872,66.47,903.9,930.18,25.4,-904.8,4211.2,7086.73,0.36,E,66.47,81.756,GIE AGSI+ API v013
DE,2025-08-17,Germany,DE,166.3086,248.7872,66.85,903.9,931.98,1.8,-930.2,4211.2,7086.73,0.37,C,66.85,82.026,GIE AGSI+ API v013
DE,2025-08-18,Germany,DE,166.9644,248.7872,67.11,903.9,671.95,16.2,-655.8,4211.2,7086.73,0.26,C,67.11,82.26,GIE AGSI+ API v013
DE,2025-08-19,Germany,DE,167.7072,248.7872,67.41,903.9,746.29,3.5,-742.8,4211.2,7086.73,0.3,C,67.41,82.512,GIE AGSI+ API v013
DE,2025-08-20,Germany,DE,168.3259,248.7872,67.66,903.9,638.08,19.4,-618.7,4211.2,7086.73,0.25,C,67.66,82.812,GIE AGSI+ API v013
DE,2025-08-21,Germany,DE,169.0267,248.7872,67.94,903.9,715.98,17.6,-698.3,4211.2,7086.73,0.28,C,67.94,83.114,GIE AGSI+ API v013
DE,2025-08-22,Germany,DE,169.6457,248.7872,68.19,903.9,656.37,37.3,-619,4211.2,7086.73,0.25,C,68.19,83.406,GIE AGSI+ API v013
DE,2025-08-23,Germany,DE,170.5564,248.7872,68.56,903.9,915.04,4.4,-910.7,4211.2,7086.73,0.37,C,68.56,83.672,GIE AGSI+ API v013
DE,2025-08-24,Germany,DE,171.4373,248.7872,68.91,903.9,884.69,3.7,-881,4211.2,7086.73,0.35,C,68.91,83.806,GIE AGSI+ API v013
DE,2025-08-25,Germany,DE,172.083,248.7872,69.17,903.9,660.93,15.2,-645.7,4211.2,7086.73,0.26,C,69.17,84.07,GIE AGSI+ API v013
DE,2025-08-26,Germany,DE,172.7102,248.7872,69.42,903.9,639.29,12.2,-627.1,4211.2,7086.73,0.25,C,69.42,84.326,GIE AGSI+ API v013
DE,2025-08-27,Germany,DE,173.1505,248.7872,69.6,903.9,457.09,16.7,-440.4,4211.2,7086.73,0.18,C,69.6,84.588,GIE AGSI+ API v013
DE,2025-08-28,Germany,DE,173.8767,248.6648,69.92,903.9,730.86,2.1,-728.8,4211.2,7086.73,0.29,C,69.92,84.798,GIE AGSI+ API v013
DE,2025-08-29,Germany,DE,174.7041,248.6648,70.26,903.9,857.52,15.3,-842.2,4211.2,7086.73,0.33,C,70.26,84.944,GIE AGSI+ API v013
DE,2025-08-30,Germany,DE,175.6844,248.6648,70.65,903.9,996.14,0.9,-995.2,4211.2,7086.73,0.39,C,70.65,85.132,GIE AGSI+ API v013
DE,2025-08-31,Germany,DE,176.6675,248.6648,71.05,903.9,981.13,6.3,-974.8,4211.2,7086.73,0.4,C,71.05,85.244,GIE AGSI+ API v013
DE,2025-09-01,Germany,DE,180.3845,248.6648,72.54,903.9,3753,30,-3723,4211.2,7086.73,1.49,E,72.54,85.268,GIE AGSI+ API v013
DE,2025-09-02,Germany,DE,180.6084,248.9648,72.54,903.9,328.14,16.1,-312.1,4211.2,7086.73,0.09,E,72.54,85.456,GIE AGSI+ API v013
DE,2025-09-03,Germany,DE,181.2279,249.1398,72.74,903.9,636.07,2.7,-633.4,4211.2,7086.73,0.25,C,72.74,85.658,GIE AGSI+ API v013
DE,2025-09-04,Germany,DE,182.0805,249.1398,73.08,903.9,715.45,3.3,-712.2,4211.2,7086.73,0.34,E,73.08,85.85,GIE AGSI+ API v013
DE,2025-09-05,Germany,DE,182.6921,249.1398,73.33,903.9,564.22,4.2,-560,4211.2,7086.73,0.25,C,73.33,86.058,GIE AGSI+ API v013
DE,2025-09-06,Germany,DE,183.5947,249.1398,73.69,903.9,906.27,3.1,-903.2,4211.2,7086.73,0.36,C,73.69,86.228,GIE AGSI+ API v013
DE,2025-09-07,Germany,DE,184.553,249.1398,74.08,903.9,984.27,18.8,-965.5,4211.2,7086.73,0.38,C,74.08,86.32,GIE AGSI+ API v013
DE,2025-09-08,Germany,DE,184.9099,249.1398,74.22,903.9,415.3,56,-359.3,4211.2,7086.73,0.14,C,74.22,86.466,GIE AGSI+ API v013
DE,2025-09-09,Germany,DE,185.1596,249.4238,74.23,903.9,297.34,46.1,-251.2,4211.2,7086.73,0.1,C,74.23,86.632,GIE AGSI+ API v013
DE,2025-09-10,Germany,DE,185.5896,249.4238,74.41,903.9,463.04,16.3,-446.8,4211.2,7086.73,0.17,C,74.41,86.796,GIE AGSI+ API v013
DE,2025-09-11,Germany,DE,186.0495,249.4238,74.59,903.9,486.56,26.7,-459.9,4211.2,7086.73,0.18,C,74.59,86.958,GIE AGSI+ API v013
DE,2025-09-12,Germany,DE,186.6666,249.4238,74.84,903.9,621.38,7.7,-613.7,4211.2,7086.73,0.25,C,74.84,87.082,GIE AGSI+ API v013
DE,2025-09-13,Germany,DE,187.3813,249.4238,75.13,903.9,726.36,2.8,-723.6,4211.2,7086.73,0.29,E,75.13,87.204,GIE AGSI+ API v013
DE,2025-09-14,Germany,DE,188.0571,249.4238,75.4,903.9,688.68,4.1,-684.6,4211.2,7086.73,0.27,C,75.4,87.274,GIE AGSI+ API v013
DE,2025-09-15,Germany,DE,188.6193,249.4238,75.62,903.9,573.26,3.5,-569.8,4211.2,7086.73,0.23,C,75.62,87.38,GIE AGSI+ API v013
DE,2025-09-16,Germany,DE,188.9555,249.4238,75.76,903.9,347.03,10.8,-336.2,4211.2,7086.73,0.13,E,75.76,87.482,GIE AGSI+ API v013
DE,2025-09-17,Germany,DE,189.2121,249.4238,75.86,903.9,271.85,8.7,-263.2,4211.2,7086.73,0.1,C,75.86,87.626,GIE AGSI+ API v013
DE,2025-09-18,Germany,DE,189.5304,249.4238,75.99,903.9,338.35,8.1,-330.3,4211.2,7086.73,0.13,C,75.99,87.808,GIE AGSI+ API v013
DE,2025-09-19,Germany,DE,189.866,249.4238,76.12,903.9,351.38,5.8,-345.6,4211.2,7086.73,0.13,C,76.12,87.988,GIE AGSI+ API v013
DE,2025-09-20,Germany,DE,190.498,249.4238,76.38,903.9,652.85,12.6,-640.3,4211.2,7086.73,0.25,C,76.38,88.064,GIE AGSI+ API v013
DE,2025-09-21,Germany,DE,191.1308,249.4238,76.63,903.9,651.57,18.8,-632.8,4211.2,7086.73,0.25,C,76.63,88.158,GIE AGSI+ API v013
DE,2025-09-22,Germany,DE,191.1885,249.4238,76.65,903.9,162.54,105,-57.5,4211.2,7086.73,0.02,C,76.65,88.238,GIE AGSI+ API v013
DE,2025-09-23,Germany,DE,191.1177,249.9838,76.45,903.9,72.54,143.1,70.6,4211.2,7086.73,-0.03,C,76.45,88.342,GIE AGSI+ API v013
DE,2025-09-24,Germany,DE,191.0942,249.9838,76.44,903.9,65.63,90.7,25,4211.2,7086.73,-0.01,C,76.44,88.52,GIE AGSI+ API v013
DE,2025-09-25,Germany,DE,191.1453,249.9838,76.46,903.9,129.91,58.6,-71.3,4211.2,7086.73,0.02,C,76.46,88.732,GIE AGSI+ API v013
DE,2025-09-26,Germany,DE,191.2342,249.9838,76.5,903.9,140.11,51.3,-88.8,4211.2,7086.73,0.04,C,76.5,88.896,GIE AGSI+ API v013
DE,2025-09-27,Germany,DE,191.5459,249.9838,76.62,903.9,317.31,5.6,-311.7,4211.2,7086.73,0.12,C,76.62,89.022,GIE AGSI+ API v013
DE,2025-09-28,Germany,DE,191.8201,249.9838,76.73,903.9,304.92,30.6,-274.3,4211.2,7086.73,0.11,C,76.73,89.036,GIE AGSI+ API v013
DE,2025-09-29,Germany,DE,191.8158,249.9838,76.73,903.9,72.89,75.7,2.8,4211.2,7086.73,-0,E,76.73,89.142,GIE AGSI+ API v013
DE,2025-09-30,Germany,DE,191.6921,249.9838,76.68,903.9,56.39,74.3,17.9,4211.2,7086.73,-0.05,C,76.68,89.206,GIE AGSI+ API v013
DE,2025-10-01,Germany,DE,191.4178,250.8301,76.31,903.9,28.76,293.3,264.6,4211.2,7086.73,-0.11,C,76.31,89.416,GIE AGSI+ API v013
DE,2025-10-02,Germany,DE,191.1469,250.8301,76.21,903.9,36.31,313.1,276.8,4211.2,7086.73,-0.11,C,76.21,89.624,GIE AGSI+ API v013
DE,2025-10-03,Germany,DE,191.1414,250.8301,76.2,903.9,70.51,77.6,7.1,4211.2,7086.73,-0,C,76.2,89.928,GIE AGSI+ API v013
DE,2025-10-04,Germany,DE,191.4762,250.8301,76.34,903.9,337.99,10.4,-327.6,4211.2,7086.73,0.13,C,76.34,90.108,GIE AGSI+ API v013
DE,2025-10-05,Germany,DE,191.6228,250.8301,76.4,903.9,290.81,147.2,-143.6,4211.2,7086.73,0.06,C,76.4,90.278,GIE AGSI+ API v013
DE,2025-10-06,Germany,DE,191.1466,250.8801,76.19,903.9,94.39,576.6,482.2,4211.2,7086.73,-0.19,C,76.19,90.418,GIE AGSI+ API v013
DE,2025-10-07,Germany,DE,190.8762,250.8801,76.08,903.9,57.95,320.9,262.9,4211.2,7086.73,-0.11,C,76.08,90.546,GIE AGSI+ API v013
DE,2025-10-08,Germany,DE,190.7023,250.8801,76.01,903.9,102.7,294.4,191.7,4211.2,7086.73,-0.07,C,76.01,90.754,GIE AGSI+ API v013
DE,2025-10-09,Germany,DE,190.703,250.8801,76.01,903.9,117.91,105.7,-12.2,4211.2,7086.73,0,C,76.01,90.96,GIE AGSI+ API v013
DE,2025-10-10,Germany,DE,190.7396,250.8801,76.03,903.9,108.58,55.2,-53.4,4211.2,7086.73,0.01,C,76.03,91.096,GIE AGSI+ API v013
DE,2025-10-11,Germany,DE,190.865,250.8801,76.08,903.9,225.47,74.1,-151.4,4211.2,7086.73,0.05,C,76.08,91.184,GIE AGSI+ API v013
DE,2025-10-12,Germany,DE,190.9141,250.8801,76.1,903.9,134.71,85.7,-49,4211.2,7086.73,0.02,C,76.1,91.314,GIE AGSI+ API v013
DE,2025-10-13,Germany,DE,190.4641,250.8801,75.92,903.9,39.66,504.8,465.1,4211.2,7086.73,-0.18,C,75.92,91.368,GIE AGSI+ API v013
DE,2025-10-14,Germany,DE,190.2227,250.8801,75.82,903.9,40.5,289.8,249.3,4211.2,7086.73,-0.1,C,75.82,91.44,GIE AGSI+ API v013
DE,2025-10-15,Germany,DE,189.8502,250.8801,75.67,903.9,28.64,391,362.4,4211.2,7086.73,-0.15,C,75.67,91.538,GIE AGSI+ API v013
DE,2025-10-16,Germany,DE,189.3715,250.8801,75.48,903.9,30.69,517.2,486.5,4211.2,7086.73,-0.19,C,75.48,91.648,GIE AGSI+ API v013
DE,2025-10-17,Germany,DE,189.2445,250.8801,75.43,903.9,75.85,201.9,126,4211.2,7086.73,-0.05,C,75.43,91.726,GIE AGSI+ API v013
DE,2025-10-18,Germany,DE,189.2667,250.8801,75.44,903.9,99.19,78.5,-20.7,4211.2,7086.73,0.01,C,75.44,91.786,GIE AGSI+ API v013
DE,2025-10-19,Germany,DE,189.3327,250.8801,75.47,903.9,136.1,55,-81.1,4211.2,7086.73,0.03,C,75.47,91.842,GIE AGSI+ API v013
DE,2025-10-20,Germany,DE,189.2633,250.8801,75.44,903.9,66.89,135.4,68.5,4211.2,7086.73,-0.03,C,75.44,91.972,GIE AGSI+ API v013
DE,2025-10-21,Germany,DE,189.1924,250.8801,75.41,903.9,75.58,149.9,74.3,4211.2,7086.73,-0.03,C,75.41,92.02,GIE AGSI+ API v013
DE,2025-10-22,Germany,DE,189.0758,250.8801,75.37,903.9,33.16,149.8,116.6,4211.2,7086.73,-0.05,C,75.37,92.134,GIE AGSI+ API v013
DE,2025-10-23,Germany,DE,189.1277,250.8801,75.39,903.9,88.5,36.6,-51.9,4211.2,7086.73,0.02,C,75.39,92.182,GIE AGSI+ API v013
DE,2025-10-24,Germany,DE,189.0014,250.8801,75.34,903.9,33.99,159.8,125.8,4211.2,7086.73,-0.05,C,75.34,92.242,GIE AGSI+ API v013
DE,2025-10-25,Germany,DE,189.0073,250.8801,75.34,903.9,81.44,75.6,-5.9,4348.8,7309.36,0,C,75.34,92.254,GIE AGSI+ API v013
DE,2025-10-26,Germany,DE,188.9945,250.8801,75.33,903.9,65.67,78.4,12.7,4211.2,7086.73,-0.01,C,75.33,92.268,GIE AGSI+ API v013
DE,2025-10-27,Germany,DE,188.5358,250.8801,75.15,903.9,21.18,481.7,460.5,4211.2,7086.73,-0.18,C,75.15,92.354,GIE AGSI+ API v013
DE,2025-10-28,Germany,DE,188.5342,250.8801,75.15,903.9,67.66,69.3,1.6,4211.2,7086.73,-0,C,75.15,92.418,GIE AGSI+ API v013
DE,2025-10-29,Germany,DE,188.2818,250.8801,75.05,903.9,37.21,287.3,250.1,4211.2,7086.73,-0.1,C,75.05,92.508,GIE AGSI+ API v013
DE,2025-10-30,Germany,DE,188.3028,251.1601,74.97,903.9,105.7,84.6,-21.1,4211.2,7086.73,0.01,C,74.97,92.614,GIE AGSI+ API v013
DE,2025-10-31,Germany,DE,188.2252,251.1601,74.94,903.9,116.14,193.8,77.6,4211.2,7086.73,-0.03,C,74.94,92.704,GIE AGSI+ API v013
DE,2025-11-01,Germany,DE,188.6759,251.1437,75.13,903.9,453.15,2.4,-450.8,4211.2,7086.73,0.18,C,75.13,92.872,GIE AGSI+ API v013
DE,2025-11-02,Germany,DE,188.9352,251.1437,75.23,903.9,286.89,34.8,-252.1,4211.2,7086.73,0.1,C,75.23,92.924,GIE AGSI+ API v013
DE,2025-11-03,Germany,DE,188.9506,251.1437,75.24,903.9,93.99,80.3,-13.7,4211.2,7086.73,0.01,C,75.24,92.87,GIE AGSI+ API v013
DE,2025-11-04,Germany,DE,189.1247,251.1437,75.31,903.9,186.57,10.3,-176.2,4211.2,7086.73,0.07,C,75.31,92.766,GIE AGSI+ API v013
DE,2025-11-05,Germany,DE,189.1609,251.1437,75.32,903.9,51.29,14.2,-37.1,4211.2,7086.73,0.01,C,75.32,92.682,GIE AGSI+ API v013
DE,2025-11-06,Germany,DE,188.747,251.1437,75.15,903.9,32.05,447.4,415.4,4211.2,7086.73,-0.16,C,75.15,92.646,GIE AGSI+ API v013
DE,2025-11-07,Germany,DE,188.2576,251.1437,74.96,903.9,3.82,499.3,495.5,4211.2,7086.73,-0.19,C,74.96,92.586,GIE AGSI+ API v013
DE,2025-11-08,Germany,DE,188.0595,251.1437,74.88,903.9,73.65,271.8,198.1,4211.2,7086.73,-0.08,C,74.88,92.466,GIE AGSI+ API v013
DE,2025-11-09,Germany,DE,187.9335,251.1437,74.83,903.9,66.02,192,126,4211.2,7086.73,-0.05,C,74.83,92.39,GIE AGSI+ API v013
DE,2025-11-10,Germany,DE,187.4961,251.1437,74.66,903.9,91.22,527.9,436.7,4211.2,7086.73,-0.17,C,74.66,92.262,GIE AGSI+ API v013
DE,2025-11-11,Germany,DE,187.5203,251.1437,74.67,903.9,181.12,146.8,-34.3,4211.2,7086.73,0.01,C,74.67,92.136,GIE AGSI+ API v013
DE,2025-11-12,Germany,DE,187.6351,251.1437,74.71,903.9,172.05,57.3,-114.8,4211.2,7086.73,0.05,C,74.71,92.002,GIE AGSI+ API v013
DE,2025-11-13,Germany,DE,187.6527,251.1437,74.72,903.9,106.92,89.2,-17.7,4211.2,7086.73,0.01,C,74.72,91.914,GIE AGSI+ API v013
DE,2025-11-14,Germany,DE,187.5467,251.1437,74.68,903.9,107.73,213.8,106,4211.2,7086.73,-0.04,C,74.68,91.874,GIE AGSI+ API v013
DE,2025-11-15,Germany,DE,187.5111,251.1437,74.66,903.9,97.59,133.2,35.6,4211.2,7086.73,-0.01,C,74.66,91.838,GIE AGSI+ API v013
DE,2025-11-16,Germany,DE,187.3973,251.1437,74.62,903.9,41.85,164.9,123,4211.2,7086.73,-0.05,C,74.62,91.75,GIE AGSI+ API v013
DE,2025-11-17,Germany,DE,186.5933,251.1437,74.3,903.9,17.11,823.4,806.3,4211.2,7086.73,-0.32,C,74.3,91.646,GIE AGSI+ API v013
DE,2025-11-18,Germany,DE,185.0321,251.1437,73.68,903.9,12.92,1244.1,1231.2,4211.2,7086.73,-0.62,C,73.68,91.534,GIE AGSI+ API v013
DE,2025-11-19,Germany,DE,183.7444,251.1437,73.16,903.9,15.97,1333.2,1317.2,4211.2,7086.73,-0.51,C,73.16,91.486,GIE AGSI+ API v013
DE,2025-11-20,Germany,DE,182.0119,251.1437,72.47,903.9,11.38,1743.7,1732.3,4211.2,7086.73,-0.69,C,72.47,91.342,GIE AGSI+ API v013
DE,2025-11-21,Germany,DE,180.0399,251.1437,71.69,903.9,3.32,1972.2,1968.9,4211.2,7086.73,-0.79,C,71.69,91.146,GIE AGSI+ API v013
DE,2025-11-22,Germany,DE,178.6885,251.1437,71.15,903.9,1.08,1375.3,1374.2,4211.2,7086.73,-0.54,C,71.15,90.842,GIE AGSI+ API v013
DE,2025-11-23,Germany,DE,177.4075,251.1437,70.64,903.9,20.82,1292.1,1271.3,4211.2,7086.73,-0.51,C,70.64,90.514,GIE AGSI+ API v013
DE,2025-11-24,Germany,DE,175.7549,251.1437,69.98,903.9,12.06,1670.9,1658.8,4211.2,7086.73,-0.66,C,69.98,90.258,GIE AGSI+ API v013
DE,2025-11-25,Germany,DE,173.9516,251.1437,69.26,903.9,18.55,1853.5,1834.9,4211.2,7086.73,-0.72,C,69.26,89.968,GIE AGSI+ API v013
DE,2025-11-26,Germany,DE,171.9039,251.1437,68.45,903.9,14.97,2058.4,2043.4,4211.2,7086.73,-0.82,C,68.45,89.668,GIE AGSI+ API v013
DE,2025-11-27,Germany,DE,170.326,251.1437,67.82,903.9,22.14,1571.8,1549.6,4211.2,7086.73,-0.63,C,67.82,89.33,GIE AGSI+ API v013
DE,2025-11-28,Germany,DE,169.2775,251.1437,67.4,903.9,6.45,1020,1013.6,4211.2,7086.73,-0.42,C,67.4,88.922,GIE AGSI+ API v013
DE,2025-11-29,Germany,DE,168.923,251.1437,67.26,903.9,50.58,405.1,354.5,4211.2,7086.73,-0.14,C,67.26,88.346,GIE AGSI+ API v013
DE,2025-11-30,Germany,DE,168.6038,251.1437,67.13,903.9,43.84,363.1,319.2,4211.2,7086.73,-0.13,C,67.13,87.798,GIE AGSI+ API v013
DE,2025-12-01,Germany,DE,167.6205,251.1437,66.74,903.9,30.02,1020.8,990.7,4211.2,7086.73,-0.39,E,66.74,87.31,GIE AGSI+ API v013
DE,2025-12-02,Germany,DE,166.5336,251.1437,66.31,903.9,14.28,1102.5,1088.2,4211.2,7086.73,-0.43,C,66.31,86.736,GIE AGSI+ API v013
DE,2025-12-03,Germany,DE,164.7716,251.1437,65.61,903.9,12.8,1776.2,1763.4,4211.2,7086.73,-0.7,C,65.61,86.242,GIE AGSI+ API v013
DE,2025-12-04,Germany,DE,163.3268,251.1437,65.03,903.9,13.02,1454.2,1441.2,4211.2,7086.73,-0.58,E,65.03,85.748,GIE AGSI+ API v013
DE,2025-12-05,Germany,DE,162.0745,251.1437,64.53,903.9,26.85,1318.7,1291.9,4211.2,7086.73,-0.5,C,64.53,85.28,GIE AGSI+ API v013
DE,2025-12-06,Germany,DE,161.6846,251.1437,64.38,903.9,47.61,427.9,380.3,4211.2,7086.73,-0.16,C,64.38,84.776,GIE AGSI+ API v013
DE,2025-12-07,Germany,DE,161.6329,251.1437,64.36,903.9,180.79,224.2,43.4,4211.2,7086.73,-0.02,C,64.36,84.298,GIE AGSI+ API v013
DE,2025-12-08,Germany,DE,161.6139,251.1437,64.35,903.9,189.77,214.7,24.9,4211.2,7086.73,-0.01,C,64.35,83.866,GIE AGSI+ API v013
DE,2025-12-09,Germany,DE,161.4942,251.1437,64.3,903.9,38.38,152.1,113.7,4211.2,7086.73,-0.05,C,64.3,83.36,GIE AGSI+ API v013
DE,2025-12-10,Germany,DE,161.2433,251.1437,64.2,903.9,39.62,290.5,250.9,4211.2,7086.73,-0.1,C,64.2,82.826,GIE AGSI+ API v013
DE,2025-12-11,Germany,DE,160.5947,251.1437,63.95,903.9,48.23,720.7,672.5,4211.2,7086.73,-0.26,C,63.95,82.318,GIE AGSI+ API v013
DE,2025-12-12,Germany,DE,159.493,251.1437,63.51,903.9,38.44,1136.8,1098.3,4211.2,7086.73,-0.44,E,63.51,81.774,GIE AGSI+ API v013
DE,2025-12-13,Germany,DE,158.8221,251.1437,63.24,903.9,46.14,643.7,597.5,4211.2,7086.73,-0.27,C,63.24,81.212,GIE AGSI+ API v013
DE,2025-12-14,Germany,DE,158.3657,251.1437,63.06,903.9,28.91,489.6,460.6,4211.2,7086.73,-0.18,C,63.06,80.696,GIE AGSI+ API v013
DE,2025-12-15,Germany,DE,157.3343,251.1437,62.65,903.9,29.44,1064.4,1035,4211.2,7086.73,-0.41,C,62.65,80.29,GIE AGSI+ API v013
DE,2025-12-16,Germany,DE,155.8745,251.1437,62.07,903.9,19.57,1471.5,1451.9,4211.2,7086.73,-0.58,C,62.07,79.952,GIE AGSI+ API v013
DE,2025-12-17,Germany,DE,154.7253,251.1437,61.61,903.9,7.66,1156.9,1149.2,4211.2,7086.73,-0.46,E,61.61,79.67,GIE AGSI+ API v013
DE,2025-12-18,Germany,DE,154.4399,251.1437,61.49,903.9,78.31,349.2,270.9,4211.2,7086.73,-0.11,C,61.49,79.418,GIE AGSI+ API v013
DE,2025-12-19,Germany,DE,154.1121,251.1437,61.36,903.9,23.58,351.4,327.8,4211.2,7086.73,-0.13,C,61.36,79.188,GIE AGSI+ API v013
DE,2025-12-20,Germany,DE,153.6632,251.1437,61.19,903.9,14.45,463.3,448.9,4211.2,7086.73,-0.18,C,61.19,78.882,GIE AGSI+ API v013
DE,2025-12-21,Germany,DE,153.4518,251.1437,61.1,903.9,25.74,237.2,211.4,4211.2,7086.73,-0.08,C,61.1,78.604,GIE AGSI+ API v013
DE,2025-12-22,Germany,DE,152.8778,251.1437,60.87,903.9,9.31,631.3,621.9,4211.2,7086.73,-0.23,C,60.87,78.394,GIE AGSI+ API v013
DE,2025-12-23,Germany,DE,152.2448,251.1437,60.62,903.9,22.09,703.1,681,4211.2,7086.73,-0.25,C,60.62,78.246,GIE AGSI+ API v013
DE,2025-12-24,Germany,DE,151.4402,251.1437,60.3,903.9,24.48,839.6,815.1,4211.2,7086.73,-0.32,C,60.3,78.198,GIE AGSI+ API v013
DE,2025-12-25,Germany,DE,150.122,251.1437,59.78,903.9,10.4,1360.3,1349.9,4211.2,7086.73,-0.52,C,59.78,78.214,GIE AGSI+ API v013
DE,2025-12-26,Germany,DE,148.5261,251.1437,59.14,903.9,10.1,1616.9,1606.8,4211.2,7086.73,-0.64,C,59.14,78.178,GIE AGSI+ API v013
DE,2025-12-27,Germany,DE,147.4637,251.1437,58.72,903.9,31.26,1087.1,1055.8,4211.2,7086.73,-0.42,C,58.72,78.048,GIE AGSI+ API v013
DE,2025-12-28,Germany,DE,146.3856,251.1437,58.29,903.9,11.88,1085.4,1073.5,4211.2,7086.73,-0.43,E,58.29,77.886,GIE AGSI+ API v013
DE,2025-12-29,Germany,DE,144.8559,251.1437,57.68,903.9,17.4,1553.9,1536.5,4211.2,7086.73,-0.61,E,57.68,77.766,GIE AGSI+ API v013
DE,2025-12-30,Germany,DE,143.446,251.1437,57.12,903.9,18.95,1457.2,1438.2,4211.2,7086.73,-0.56,C,57.12,77.654,GIE AGSI+ API v013
DE,2025-12-31,Germany,DE,142.1116,251.1437,56.59,903.9,18,1340.1,1322.2,4211.2,7086.73,-0.53,C,56.59,77.656,GIE AGSI+ API v013
DE,2026-01-01,Germany,DE,141.1181,251.1437,56.19,903.9,28.63,1018.8,990.2,4211.2,7086.73,0,C,56.19,77.682,GIE AGSI+ API v013
DE,2026-01-02,Germany,DE,139.8108,251.1437,55.67,903.9,7.95,1330.4,1322.4,4211.2,7086.73,-0.52,C,55.67,77.558,GIE AGSI+ API v013
DE,2026-01-03,Germany,DE,138.1909,251.1437,55.02,903.9,6.55,1622.4,1615.9,4211.2,7086.73,-0.65,C,55.02,77.306,GIE AGSI+ API v013
DE,2026-01-04,Germany,DE,136.1138,251.1437,54.2,903.9,2.88,2089.1,2086.2,4211.2,7086.73,-0.83,C,54.2,76.932,GIE AGSI+ API v013
DE,2026-01-05,Germany,DE,133.1356,251.1437,53.01,903.9,12.03,3106.4,3094.4,4211.2,7086.73,-1.19,C,53.01,76.472,GIE AGSI+ API v013
DE,2026-01-06,Germany,DE,130.054,251.1437,51.78,903.9,0,3187.4,3187.4,4211.2,7086.73,-1.23,C,51.78,76.074,GIE AGSI+ API v013
DE,2026-01-07,Germany,DE,126.7709,251.1437,50.48,903.9,9.41,3425.8,3416.4,4211.2,7086.73,-1.31,C,50.48,75.558,GIE AGSI+ API v013
DE,2026-01-08,Germany,DE,123.5749,251.1437,49.2,903.9,11.23,3256.3,3245.1,4211.2,7086.73,-1.27,E,49.2,74.92,GIE AGSI+ API v013
DE,2026-01-09,Germany,DE,121.2975,251.1437,48.3,903.9,30.64,2261.3,2230.6,4211.2,7086.73,-0.91,C,48.3,74.2,GIE AGSI+ API v013
DE,2026-01-10,Germany,DE,118.8577,251.1437,47.33,903.9,28.76,2455.4,2426.7,4211.2,7086.73,-0.97,C,47.33,73.362,GIE AGSI+ API v013
DE,2026-01-11,Germany,DE,116.3947,251.1437,46.35,903.9,32.27,2498.7,2466.4,4258,7086.73,-0.98,C,46.35,72.46,GIE AGSI+ API v013
DE,2026-01-12,Germany,DE,113.784,251.1437,45.31,903.9,46.34,2657.4,2611,4258,7086.73,-1.04,E,45.31,71.66,GIE AGSI+ API v013
DE,2026-01-13,Germany,DE,112.0725,251.1437,44.62,903.9,35.12,1699.3,1664.1,4258,7086.73,-0.68,E,44.62,70.876,GIE AGSI+ API v013
DE,2026-01-14,Germany,DE,110.5026,251.1437,44,903.9,95.79,1634.4,1538.6,4258,7086.73,-0.63,E,44,70.084,GIE AGSI+ API v013
DE,2026-01-15,Germany,DE,109.3779,251.1437,43.55,903.9,39.19,1233.1,1193.9,4258,7086.73,-0.45,C,43.55,69.276,GIE AGSI+ API v013
DE,2026-01-16,Germany,DE,108.4229,251.1437,43.17,903.9,105.19,1099.8,994.6,4258,7086.73,-0.38,C,43.17,68.44,GIE AGSI+ API v013
DE,2026-01-17,Germany,DE,107.3905,251.1437,42.76,903.9,69.99,1093,1023.1,4258,7086.73,-0.41,C,42.76,67.54,GIE AGSI+ API v013
DE,2026-01-18,Germany,DE,106.1946,251.1437,42.28,903.9,38.1,1245.9,1207.8,4258,7086.73,-0.48,C,42.28,66.616,GIE AGSI+ API v013
DE,2026-01-19,Germany,DE,104.1152,251.1437,41.46,903.9,1.84,2105.4,2103.6,4258,7086.73,-0.83,C,41.46,65.746,GIE AGSI+ API v013
DE,2026-01-20,Germany,DE,101.7587,251.1437,40.52,903.9,7.35,2379.6,2372.3,4258,7086.73,-0.94,C,40.52,64.896,GIE AGSI+ API v013
DE,2026-01-21,Germany,DE,99.762,251.1437,39.72,903.9,13.19,2037.9,2024.8,4258,7086.73,-0.8,C,39.72,64.096,GIE AGSI+ API v013
DE,2026-01-22,Germany,DE,97.5774,251.1437,38.85,903.9,20.04,2250.1,2230.1,4258,7086.73,-0.87,C,38.85,63.402,GIE AGSI+ API v013
DE,2026-01-23,Germany,DE,95.6605,251.1437,38.09,903.9,28.37,2006.2,1977.9,4258,7086.73,-0.76,C,38.09,62.752,GIE AGSI+ API v013
DE,2026-01-24,Germany,DE,94.1099,251.1437,37.47,903.9,15.65,1561.8,1546.2,4258,7086.73,-0.62,C,37.47,62.084,GIE AGSI+ API v013
DE,2026-01-25,Germany,DE,92.3618,251.1437,36.78,903.9,17.09,1776.8,1759.8,4258,7086.73,-0.7,C,36.78,61.362,GIE AGSI+ API v013
DE,2026-01-26,Germany,DE,90.286,251.1437,35.95,903.9,265.55,2395,2129.5,4258,7086.73,-0.83,C,35.95,60.736,GIE AGSI+ API v013
DE,2026-01-27,Germany,DE,88.2297,251.1437,35.13,903.9,5.81,2169.7,2163.9,4258,7086.73,-0.82,E,35.13,60.094,GIE AGSI+ API v013
DE,2026-01-28,Germany,DE,86.3654,251.1437,34.39,903.9,10.42,1881.9,1871.5,4258,7086.73,-0.74,E,34.39,59.544,GIE AGSI+ API v013
DE,2026-01-29,Germany,DE,84.2583,251.1437,33.55,903.9,10.95,2104.2,2093.2,4258,7086.73,-0.84,C,33.55,59.114,GIE AGSI+ API v013
DE,2026-01-30,Germany,DE,82.6109,251.1437,32.89,903.9,39.41,1678.1,1638.7,4258,7086.73,-0.66,C,32.89,58.63,GIE AGSI+ API v013
DE,2026-01-31,Germany,DE,81.3507,251.1437,32.39,903.9,24.06,1300.3,1276.2,4258,7086.73,-0.5,C,32.39,58.084,GIE AGSI+ API v013
DE,2026-02-01,Germany,DE,80.1146,251.1437,31.9,903.9,36.95,1197.8,1160.8,4258,7086.73,-0.49,C,31.9,57.556,GIE AGSI+ API v013
DE,2026-02-02,Germany,DE,78.0274,251.1437,31.07,903.9,11.73,2132.4,2120.7,4258,7086.73,-0.83,C,31.07,57.076,GIE AGSI+ API v013
DE,2026-02-03,Germany,DE,75.4561,251.1437,30.04,903.9,17.16,2613.1,2595.9,4258,7086.73,-1.02,C,30.04,56.684,GIE AGSI+ API v013
DE,2026-02-04,Germany,DE,73.0249,251.1437,29.08,903.9,24.43,2432.2,2407.8,4258,7086.73,-0.97,E,29.08,56.282,GIE AGSI+ API v013
DE,2026-02-05,Germany,DE,71.0544,251.1437,28.29,903.9,32.82,2082,2049.2,4258,7086.73,-0.78,C,28.29,55.918,GIE AGSI+ API v013
DE,2026-02-06,Germany,DE,69.2167,251.1437,27.56,903.9,22.78,1842.1,1819.4,4258,7086.73,-0.73,C,27.56,55.43,GIE AGSI+ API v013
DE,2026-02-07,Germany,DE,68.4577,251.1437,27.26,903.9,151.14,929.4,778.3,4258,7086.73,-0.3,C,27.26,54.844,GIE AGSI+ API v013
DE,2026-02-08,Germany,DE,67.5018,251.1437,26.88,903.9,52.91,1026.6,973.7,4258,7086.73,-0.38,C,26.88,54.238,GIE AGSI+ API v013
DE,2026-02-09,Germany,DE,65.8149,251.1437,26.21,903.9,24.09,1722.9,1698.8,4258,7086.73,-0.67,C,26.21,53.652,GIE AGSI+ API v013
DE,2026-02-10,Germany,DE,64.2552,251.1437,25.59,903.9,9.61,1577.8,1568.2,4258,7086.73,-0.62,C,25.59,53.004,GIE AGSI+ API v013
DE,2026-02-11,Germany,DE,63.1521,251.1437,25.15,903.9,17.3,1084.3,1067,4258,7086.73,-0.44,C,25.15,52.438,GIE AGSI+ API v013
DE,2026-02-12,Germany,DE,62.2999,251.1437,24.81,903.9,40.1,915.7,875.6,4258,7086.73,-0.34,E,24.81,51.858,GIE AGSI+ API v013
DE,2026-02-13,Germany,DE,61.1993,251.1437,24.37,903.9,49.56,1229,1179.4,4258,7086.73,-0.44,C,24.37,51.264,GIE AGSI+ API v013
DE,2026-02-14,Germany,DE,60.1149,251.1437,23.94,903.9,14.55,1158.5,1144,4258,7086.73,-0.43,E,23.94,50.698,GIE AGSI+ API v013
DE,2026-02-15,Germany,DE,59.0423,251.1437,23.51,903.9,20.65,1037.8,1017.1,4258,7086.73,-0.43,C,23.51,50.19,GIE AGSI+ API v013
DE,2026-02-16,Germany,DE,57.6404,251.1437,22.95,903.9,33.85,1448,1414.1,4258,7086.73,-0.56,E,22.95,49.822,GIE AGSI+ API v013
DE,2026-02-17,Germany,DE,56.0421,251.1437,22.31,903.9,26.33,1594.7,1568.4,4258,7086.73,-0.64,C,22.31,49.478,GIE AGSI+ API v013
DE,2026-02-18,Germany,DE,54.3075,251.1437,21.62,903.9,29.29,1747.4,1718.1,4258,7086.73,-0.69,C,21.62,49.152,GIE AGSI+ API v013
DE,2026-02-19,Germany,DE,52.88,251.1437,21.06,903.9,17.15,1446.7,1429.5,4258,7086.73,-0.57,C,21.06,48.826,GIE AGSI+ API v013
DE,2026-02-20,Germany,DE,51.8271,251.1437,20.64,903.9,34.18,1088.9,1054.7,4258,7086.73,-0.42,C,20.64,48.582,GIE AGSI+ API v013
DE,2026-02-21,Germany,DE,51.52,251.1437,20.51,903.9,152.96,469.8,316.8,4258,7086.73,-0.12,C,20.51,48.37,GIE AGSI+ API v013
DE,2026-02-22,Germany,DE,52.0604,251.1437,20.73,903.9,734.91,209.4,-525.5,4258,7086.73,0.22,C,20.73,48.132,GIE AGSI+ API v013
DE,2026-02-23,Germany,DE,51.916,251.1442,20.67,903.9,142.07,300.8,158.7,4258,7086.73,-0.06,C,20.67,47.96,GIE AGSI+ API v013
DE,2026-02-24,Germany,DE,51.538,251.1442,20.52,903.9,30.68,467.6,436.9,4258,7086.73,-0.15,C,20.52,47.814,GIE AGSI+ API v013
DE,2026-02-25,Germany,DE,51.3861,251.1442,20.46,903.9,73.45,267.3,193.9,4258,7086.73,-0.06,C,20.46,47.6,GIE AGSI+ API v013
DE,2026-02-26,Germany,DE,51.465,251.1442,20.49,903.9,238.65,196.2,-42.4,4258,7086.73,0.03,E,20.49,47.332,GIE AGSI+ API v013
DE,2026-02-27,Germany,DE,51.6794,251.1442,20.58,903.9,296.38,124,-172.4,4258,7086.73,0.09,E,20.58,46.964,GIE AGSI+ API v013
DE,2026-02-28,Germany,DE,52.0646,251.1442,20.73,903.9,495.77,123.8,-372,4258,7086.73,0.15,E,20.73,46.378,GIE AGSI+ API v013
DE,2026-03-01,Germany,DE,52.2888,251.1442,20.82,903.9,382.97,154.6,-228.4,4258,7086.73,0.09,E,20.82,45.914,GIE AGSI+ API v013
DE,2026-03-02,Germany,DE,52.4635,251.1442,20.89,903.9,372.83,222.1,-150.7,4258,7086.73,0.07,E,20.89,45.584,GIE AGSI+ API v013
DE,2026-03-03,Germany,DE,52.3389,251.1442,20.84,903.9,306.96,430,123.1,4258,7086.73,-0.05,C,20.84,45.25,GIE AGSI+ API v013
DE,2026-03-04,Germany,DE,52.1866,251.1442,20.78,903.9,243.86,405.7,161.8,4258,7086.73,-0.06,E,20.78,44.954,GIE AGSI+ API v013
DE,2026-03-05,Germany,DE,52.4582,251.1442,20.89,903.9,545.34,337.4,-207.9,4258,7086.73,0.11,E,20.89,44.634,GIE AGSI+ API v013
DE,2026-03-06,Germany,DE,52.6736,251.1442,20.97,903.9,546.24,327.9,-218.3,4258,7086.73,0.09,E,20.97,44.316,GIE AGSI+ API v013
DE,2026-03-07,Germany,DE,53.1401,251.1442,21.16,903.9,721.76,237.3,-484.4,4258,7086.73,0.19,C,21.16,43.94,GIE AGSI+ API v013
DE,2026-03-08,Germany,DE,53.7002,251.1442,21.38,903.9,776.85,216.8,-560,4258,7086.73,0.22,C,21.38,43.564,GIE AGSI+ API v013
DE,2026-03-09,Germany,DE,54.0224,251.1442,21.51,903.9,621.27,318.6,-302.7,4258,7086.73,0.13,C,21.51,43.3,GIE AGSI+ API v013
DE,2026-03-10,Germany,DE,54.3369,251.1442,21.64,903.9,626.19,308,-318.2,4258,7086.73,0.13,C,21.64,43.158,GIE AGSI+ API v013
DE,2026-03-11,Germany,DE,54.8073,251.1442,21.82,903.9,655.56,195.2,-460.4,4258,7086.73,0.19,C,21.82,42.946,GIE AGSI+ API v013
DE,2026-03-12,Germany,DE,55.0692,251.1442,21.93,903.9,392.22,130.3,-261.9,4258,7086.73,0.1,E,21.93,42.764,GIE AGSI+ API v013
DE,2026-03-13,Germany,DE,55.206,251.1442,21.98,903.9,376.34,231.5,-144.8,4258,7086.73,0.05,C,21.98,42.65,GIE AGSI+ API v013
DE,2026-03-14,Germany,DE,55.1183,251.1442,21.95,903.9,120.08,223.7,103.6,4258,7086.73,-0.03,C,21.95,42.496,GIE AGSI+ API v013
DE,2026-03-15,Germany,DE,55.1939,251.1442,21.98,903.9,256.84,165.4,-91.5,4258,7086.73,0.03,E,21.98,42.354,GIE AGSI+ API v013
DE,2026-03-16,Germany,DE,55.0917,251.1442,21.94,903.9,194.24,309.4,115.2,4258,7086.73,-0.04,C,21.94,42.24,GIE AGSI+ API v013
DE,2026-03-17,Germany,DE,54.838,251.1442,21.84,903.9,101.96,291.4,189.4,4258,7086.73,-0.1,C,21.84,42.074,GIE AGSI+ API v013
DE,2026-03-18,Germany,DE,54.8664,251.1442,21.85,903.9,178.83,215.8,37,4211.2,7086.73,0.01,C,21.85,41.942,GIE AGSI+ API v013
DE,2026-03-19,Germany,DE,54.9159,251.1442,21.87,903.9,233.26,182.1,-51.1,4211.2,7086.73,0.02,C,21.87,41.9,GIE AGSI+ API v013
DE,2026-03-20,Germany,DE,54.9678,251.1442,21.89,903.9,251.08,183.2,-67.9,4211.2,7086.73,0.02,C,21.89,41.87,GIE AGSI+ API v013
DE,2026-03-21,Germany,DE,55.1997,251.1442,21.98,903.9,461.01,190,-271,4211.2,7086.73,0.09,C,21.98,41.858,GIE AGSI+ API v013
DE,2026-03-22,Germany,DE,55.5311,251.1442,22.11,903.9,496.2,174.6,-321.6,4211.2,7086.73,0.13,C,22.11,41.87,GIE AGSI+ API v013
DE,2026-03-23,Germany,DE,55.6748,251.1442,22.17,903.9,272.37,172.1,-100.3,4211.2,7086.73,0.06,C,22.17,41.906,GIE AGSI+ API v013
DE,2026-03-24,Germany,DE,55.9951,251.1442,22.3,903.9,590.56,271.3,-319.3,4211.2,7086.73,0.13,C,22.3,41.966,GIE AGSI+ API v013
DE,2026-03-25,Germany,DE,56.1911,251.1442,22.37,903.9,432.77,236.7,-196.1,4211.2,7086.73,0.08,C,22.37,41.946,GIE AGSI+ API v013
DE,2026-03-26,Germany,DE,55.958,251.1442,22.28,903.9,174.74,407.8,233.1,4211.2,7086.73,-0.09,C,22.28,42.026,GIE AGSI+ API v013
DE,2026-03-27,Germany,DE,55.7851,251.045,22.22,903.9,183.04,356,173,4211.2,7086.73,-0.07,C,22.22,42.05,GIE AGSI+ API v013
DE,2026-03-28,Germany,DE,55.7559,251.045,22.21,903.9,182.09,211.2,29.1,4073.87,6864.76,-0.01,E,22.21,42.062,GIE AGSI+ API v013
DE,2026-03-29,Germany,DE,55.8165,251.045,22.23,903.9,259.77,187.2,-72.6,4202.42,7071.68,0.02,E,22.23,42.072,GIE AGSI+ API v013
DE,2026-03-30,Germany,DE,55.6495,251.045,22.17,903.9,48.15,215.2,167.1,4211.2,7086.73,-0.07,C,22.17,42.176,GIE AGSI+ API v013
DE,2026-03-31,Germany,DE,54.3234,244.5409,22.21,903.9,17.4,513.1,495.7,4073.32,6810.97,-0.54,E,22.21,41.674,GIE AGSI+ API v013
DE,2026-04-01,Germany,DE,54.5355,249.8115,21.83,903.9,31.97,596.4,564.5,4286.25,7081.16,0.08,E,21.83,42.762,GIE AGSI+ API v013
DE,2026-04-02,Germany,DE,54.0703,247.9182,21.81,903.9,27.92,546.7,518.8,4286.25,7081.16,-0.19,E,21.81,42.888,GIE AGSI+ API v013
DE,2026-04-03,Germany,DE,54.272,247.9182,21.89,903.9,383.42,147.8,-235.6,4286.25,7081.16,0.08,E,21.89,42.922,GIE AGSI+ API v013
DE,2026-04-04,Germany,DE,54.9926,247.9182,22.18,903.9,778.07,28.9,-749.2,4286.25,7081.16,0.29,E,22.18,42.888,GIE AGSI+ API v013
DE,2026-04-05,Germany,DE,55.7854,247.9182,22.5,903.9,765.87,31.9,-734,4286.25,7081.16,0.32,E,22.5,42.896,GIE AGSI+ API v013
DE,2026-04-06,Germany,DE,56.3116,247.9182,22.71,903.9,548.02,41,-507,4286.25,7081.16,0.21,E,22.71,42.954,GIE AGSI+ API v013
DE,2026-04-07,Germany,DE,56.5491,247.9046,22.81,903.9,289.06,80,-209,4286.25,7081.16,0.1,E,22.81,42.992,GIE AGSI+ API v013
DE,2026-04-08,Germany,DE,56.9333,247.9046,22.97,903.9,462.56,38.5,-424,4286.25,7081.16,0.15,E,22.97,43.058,GIE AGSI+ API v013
DE,2026-04-09,Germany,DE,57.1967,247.9046,23.07,903.9,311.14,90.5,-220.6,4286.25,7081.16,0.11,E,23.07,43.144,GIE AGSI+ API v013
DE,2026-04-10,Germany,DE,57.2454,247.9046,23.09,903.9,153.67,104.9,-48.8,4286.25,7081.16,0.02,E,23.09,43.254,GIE AGSI+ API v013
DE,2026-04-11,Germany,DE,57.6338,247.9046,23.25,903.9,436.09,40.3,-395.8,4286.25,7081.16,0.16,E,23.25,43.348,GIE AGSI+ API v013
DE,2026-04-12,Germany,DE,57.953,247.9046,23.38,903.9,352.45,40.7,-311.8,4286.25,7081.16,0.13,E,23.38,43.432,GIE AGSI+ API v013
DE,2026-04-13,Germany,DE,57.4939,247.9046,23.19,903.9,113.6,572.7,459.1,4286.25,7081.16,-0.19,E,23.19,43.51,GIE AGSI+ API v013
DE,2026-04-14,Germany,DE,57.1421,247.9046,23.05,903.9,16.26,367.5,351.3,4286.25,7081.16,-0.14,E,23.05,43.6,GIE AGSI+ API v013
DE,2026-04-15,Germany,DE,56.9898,247.9046,22.99,903.9,32.15,184.8,152.6,4286.25,7081.16,-0.06,E,22.99,43.696,GIE AGSI+ API v013
DE,2026-04-16,Germany,DE,57.1597,247.9046,23.06,903.9,229.84,59.9,-169.9,4286.25,7081.16,0.07,E,23.06,43.776,GIE AGSI+ API v013
DE,2026-04-17,Germany,DE,57.6111,247.9046,23.24,903.9,472.66,21.3,-451.3,4286.25,7081.16,0.18,E,23.24,43.832,GIE AGSI+ API v013
DE,2026-04-18,Germany,DE,58.3523,247.9046,23.54,903.9,803.25,25,-778.2,4286.25,7081.16,0.3,E,23.54,43.912,GIE AGSI+ API v013
DE,2026-04-19,Germany,DE,58.9853,247.9046,23.79,903.9,666.51,39.1,-627.4,4286.25,7081.16,0.26,E,23.79,44.012,GIE AGSI+ API v013
DE,2026-04-20,Germany,DE,59.112,247.9046,23.84,903.9,174.16,79,-95.1,4286.25,7081.16,0.05,E,23.84,44.118,GIE AGSI+ API v013
DE,2026-04-21,Germany,DE,59.0397,247.9046,23.82,903.9,80.57,146.5,65.9,4286.25,7081.16,-0.03,E,23.82,44.236,GIE AGSI+ API v013
DE,2026-04-22,Germany,DE,59.0987,247.9046,23.84,903.9,140.65,83.7,-56.9,4286.25,7081.16,0.02,E,23.84,44.326,GIE AGSI+ API v013
DE,2026-04-23,Germany,DE,59.1907,247.9046,23.88,903.9,159.8,67.9,-91.9,4286.25,7081.16,0.04,E,23.88,44.442,GIE AGSI+ API v013
DE,2026-04-24,Germany,DE,59.6817,247.7146,24.09,903.9,512.91,30.1,-482.8,4286.25,7081.16,0.2,E,24.09,44.578,GIE AGSI+ API v013
DE,2026-04-25,Germany,DE,60.4016,247.7146,24.38,903.9,754.96,29.8,-725.2,4286.25,7081.16,0.29,E,24.38,44.646,GIE AGSI+ API v013
DE,2026-04-26,Germany,DE,61.105,247.7146,24.67,903.9,736.49,28.5,-708,4286.25,7081.16,0.28,E,24.67,44.714,GIE AGSI+ API v013
DE,2026-04-27,Germany,DE,61.541,247.7146,24.84,903.9,494.74,58,-436.7,4286.25,7081.16,0.18,E,24.84,44.862,GIE AGSI+ API v013
DE,2026-04-28,Germany,DE,62.2792,247.7146,25.14,903.9,750.58,26,-724.5,4286.25,7081.16,0.3,E,25.14,45.068,GIE AGSI+ API v013
DE,2026-04-29,Germany,DE,63.0015,247.7146,25.43,903.9,752.71,30.3,-722.4,4286.25,7081.16,0.29,E,25.43,45.278,GIE AGSI+ API v013
DE,2026-04-30,Germany,DE,63.6946,247.7146,25.71,903.9,741.96,23.9,-718.1,4286.25,7081.16,0.28,E,25.71,45.56,GIE AGSI+ API v013
DE,2026-05-01,Germany,DE,64.7072,247.7146,26.12,903.9,1013.61,5.1,-1008.5,4286.25,7081.16,0.41,E,26.12,45.888,GIE AGSI+ API v013
DE,2026-05-02,Germany,DE,65.6998,247.7146,26.52,903.9,1010.05,10.4,-999.6,4286.25,7081.16,0.4,E,26.52,46.056,GIE AGSI+ API v013
DE,2026-05-03,Germany,DE,66.6615,247.7146,26.91,903.9,969.87,8.2,-961.7,4286.25,7081.16,0.39,E,26.91,46.232,GIE AGSI+ API v013
DE,2026-05-04,Germany,DE,67.2853,247.7476,27.16,903.9,599.42,12.6,-586.8,4286.25,7081.16,0.25,C,27.16,46.384,GIE AGSI+ API v013
DE,2026-05-05,Germany,DE,67.3844,247.7476,27.2,903.9,483.65,134.6,-349.1,4286.25,7081.16,0.04,C,27.2,46.554,GIE AGSI+ API v013
DE,2026-05-06,Germany,DE,67.5065,247.7476,27.25,903.9,182.43,60.3,-122.1,4286.25,7081.16,0.05,C,27.25,46.632,GIE AGSI+ API v013
DE,2026-05-07,Germany,DE,67.4451,247.7476,27.22,903.9,90.52,151.9,61.4,4286.25,7081.16,-0.02,C,27.22,46.802,GIE AGSI+ API v013
DE,2026-05-08,Germany,DE,67.6808,247.7476,27.32,903.9,252.23,16.5,-235.7,4286.25,7081.16,0.1,C,27.32,47.032,GIE AGSI+ API v013
DE,2026-05-09,Germany,DE,68.3625,247.7476,27.59,903.9,726.11,18.6,-707.5,4286.25,7081.16,0.28,C,27.59,47.28,GIE AGSI+ API v013
DE,2026-05-10,Germany,DE,69.1419,247.7476,27.91,903.9,800.37,13.1,-787.3,4286.25,7081.16,0.31,C,27.91,47.53,GIE AGSI+ API v013
DE,2026-05-11,Germany,DE,69.5819,247.7476,28.09,903.9,433.1,18.2,-414.9,4286.25,7081.16,0.18,C,28.09,47.834,GIE AGSI+ API v013
DE,2026-05-12,Germany,DE,69.5477,247.7476,28.07,903.9,85.76,128.8,43.1,4286.25,7081.16,-0.01,C,28.07,48.11,GIE AGSI+ API v013
DE,2026-05-13,Germany,DE,69.4305,247.7476,28.02,903.9,87.66,204.8,117.2,4286.25,7081.16,-0.05,C,28.02,48.47,GIE AGSI+ API v013
DE,2026-05-14,Germany,DE,69.506,247.7476,28.06,903.9,121.25,45.7,-75.5,4286.25,7081.16,0.03,C,28.06,48.858,GIE AGSI+ API v013
DE,2026-05-15,Germany,DE,69.6479,247.7476,28.11,903.9,192.74,50.8,-141.9,4286.25,7081.16,0.06,C,28.11,49.2,GIE AGSI+ API v013
DE,2026-05-16,Germany,DE,69.9345,247.7476,28.23,903.9,341.2,14.8,-326.4,4286.25,7081.16,0.12,C,28.23,49.466,GIE AGSI+ API v013
DE,2026-05-17,Germany,DE,70.3718,247.7476,28.4,903.9,455.72,12.6,-443.1,4286.25,7081.16,0.18,C,28.4,49.722,GIE AGSI+ API v013
DE,2026-05-18,Germany,DE,70.5197,247.7476,28.46,903.9,171.75,69.8,-101.9,4286.25,7081.16,0.06,C,28.46,49.996,GIE AGSI+ API v013
DE,2026-05-19,Germany,DE,70.6091,247.7476,28.5,903.9,262.62,137.2,-125.4,4286.25,7081.16,0.04,C,28.5,50.26,GIE AGSI+ API v013
DE,2026-05-20,Germany,DE,70.5616,247.7476,28.48,903.9,99.05,182.6,83.5,4286.25,7081.16,-0.02,C,28.48,50.582,GIE AGSI+ API v013
DE,2026-05-21,Germany,DE,70.8824,247.7476,28.61,903.9,374.22,32,-342.2,4286.25,7081.16,0.13,C,28.61,50.908,GIE AGSI+ API v013
DE,2026-05-22,Germany,DE,71.5024,247.7476,28.86,903.9,655.42,21.2,-634.2,4286.25,7081.16,0.25,C,28.86,51.21,GIE AGSI+ API v013
DE,2026-05-23,Germany,DE,72.6752,247.7476,29.33,903.9,1204.49,24,-1180.4,4286.25,7081.16,0.47,C,29.33,51.478,GIE AGSI+ API v013
DE,2026-05-24,Germany,DE,73.9207,247.7476,29.84,903.9,1262.41,18.2,-1244.2,4286.25,7081.16,0.5,C,29.84,51.702,GIE AGSI+ API v013
DE,2026-05-25,Germany,DE,74.9854,247.7476,30.27,903.9,1116.74,42.8,-1073.9,4286.25,7081.16,0.43,C,30.27,51.936,GIE AGSI+ API v013
DE,2026-05-26,Germany,DE,75.9172,247.7476,30.64,903.9,949.81,24,-925.9,4286.25,7081.16,0.38,E,30.64,52.194,GIE AGSI+ API v013
DE,2026-05-27,Germany,DE,76.8096,247.7476,31,903.9,887.34,8.9,-878.5,4286.25,7081.16,0.36,C,31,52.46,GIE AGSI+ API v013
DE,2026-05-28,Germany,DE,77.5937,247.7476,31.32,903.9,788.13,15,-773.2,4286.25,7081.16,0.32,C,31.32,52.714,GIE AGSI+ API v013
DE,2026-05-29,Germany,DE,78.6005,247.7476,31.73,903.9,1018.43,11.7,-1006.7,4286.25,7081.16,0.41,C,31.73,53.022,GIE AGSI+ API v013
DE,2026-05-30,Germany,DE,79.5102,247.7476,32.09,903.9,934.73,12.3,-922.4,4286.25,7081.16,0.37,C,32.09,53.312,GIE AGSI+ API v013
DE,2026-05-31,Germany,DE,80.557,247.7476,32.52,903.9,1027.16,4.1,-1023,4286.25,7081.16,0.42,C,32.52,53.626,GIE AGSI+ API v013
DE,2026-06-01,Germany,DE,80.9866,247.7476,32.69,903.9,657.35,8.9,-648.4,4286.25,7081.16,0.17,C,32.69,53.994,GIE AGSI+ API v013
DE,2026-06-02,Germany,DE,81.75,247.7476,33,903.9,755.11,8.4,-746.7,4286.25,7081.16,0.31,C,33,54.286,GIE AGSI+ API v013
DE,2026-06-03,Germany,DE,82.359,247.7476,33.24,903.9,621.45,12.2,-609.2,4286.25,7081.16,0.25,C,33.24,54.608,GIE AGSI+ API v013
DE,2026-06-04,Germany,DE,83.3196,247.7476,33.63,903.9,967.44,6.8,-960.6,4286.25,7081.16,0.39,E,33.63,54.99,GIE AGSI+ API v013
DE,2026-06-05,Germany,DE,84.0399,247.7476,33.92,903.9,721.63,12.4,-709.2,4291.38,7081.16,0.29,C,33.92,55.33,GIE AGSI+ API v013
DE,2026-06-06,Germany,DE,85.024,247.7476,34.32,903.9,1004.89,0.3,-1004.6,4291.38,7081.16,0.4,C,34.32,55.742,GIE AGSI+ API v013
DE,2026-06-07,Germany,DE,85.9904,247.7476,34.71,903.9,961.12,0,-961.1,4291.38,7081.16,0.39,C,34.71,56.05,GIE AGSI+ API v013
DE,2026-06-08,Germany,DE,86.7014,247.7476,35,903.9,727.63,8.5,-719.2,4291.38,7081.16,0.29,E,35,56.346,GIE AGSI+ API v013
DE,2026-06-09,Germany,DE,87.3989,247.7476,35.28,903.9,698.24,7,-691.2,4291.38,7081.16,0.28,C,35.28,56.606,GIE AGSI+ API v013
DE,2026-06-10,Germany,DE,87.9046,247.7476,35.48,903.9,499.47,7.3,-492.1,4291.38,7081.16,0.2,E,35.48,56.958,GIE AGSI+ API v013
DE,2026-06-11,Germany,DE,88.2634,247.7476,35.63,903.9,398.96,32.7,-366.2,4291.38,7081.16,0.14,C,35.63,57.312,GIE AGSI+ API v013
DE,2026-06-12,Germany,DE,88.8577,247.7476,35.87,903.9,700.29,6,-694.2,4291.38,7081.16,0.24,C,35.87,57.664,GIE AGSI+ API v013
DE,2026-06-13,Germany,DE,89.9469,246.7926,36.45,903.9,1106.65,10.2,-1096.4,4286.25,7081.16,0.44,C,36.45,57.964,GIE AGSI+ API v013
DE,2026-06-14,Germany,DE,90.86,246.7926,36.82,903.9,950.36,37.2,-913.2,4286.25,7081.16,0.37,C,36.82,58.302,GIE AGSI+ API v013
DE,2026-06-15,Germany,DE,91.4603,246.7926,37.06,903.9,664.85,55.9,-608.9,4286.25,7081.16,0.24,C,37.06,58.546,GIE AGSI+ API v013
DE,2026-06-16,Germany,DE,91.9222,246.7926,37.25,903.9,515.83,56.9,-459,4291.38,7081.16,0.19,C,37.25,58.654,GIE AGSI+ API v013
DE,2026-06-17,Germany,DE,92.4687,246.7926,37.47,903.9,570.94,7.6,-563.3,4291.38,7081.16,0.22,C,37.47,59.108,GIE AGSI+ API v013
DE,2026-06-18,Germany,DE,93.0712,246.7926,37.71,903.9,605.11,9.7,-595.4,4291.38,7081.16,0.24,E,37.71,59.46,GIE AGSI+ API v013
DE,2026-06-19,Germany,DE,93.8411,246.7926,38.02,903.9,781.4,5.4,-776,4291.38,7081.16,0.31,E,38.02,59.82,GIE AGSI+ API v013
DE,2026-06-20,Germany,DE,94.7007,246.7926,38.37,903.9,880.22,24.5,-855.7,4291.38,7081.16,0.35,E,38.37,60.114,GIE AGSI+ API v013
DE,2026-06-21,Germany,DE,95.5941,246.7926,38.73,903.9,924.67,22.5,-902.2,4291.38,7081.16,0.36,E,38.73,60.418,GIE AGSI+ API v013
DE,2026-06-22,Germany,DE,96.2161,246.7926,38.99,903.9,652.58,48.6,-604,4291.38,7081.16,0.25,E,38.99,60.7,GIE AGSI+ API v013
DE,2026-06-23,Germany,DE,96.8269,246.7926,39.23,903.9,548.99,17.7,-531.3,4291.38,7081.16,0.25,C,39.23,60.974,GIE AGSI+ API v013
DE,2026-06-24,Germany,DE,97.5494,246.7926,39.53,903.9,732.79,0.6,-732.2,4291.38,7081.16,0.29,C,39.53,61.248,GIE AGSI+ API v013
DE,2026-06-25,Germany,DE,98.4748,246.7926,39.9,903.9,935.53,0,-935.5,4291.38,7081.16,0.37,C,39.9,61.528,GIE AGSI+ API v013
DE,2026-06-26,Germany,DE,99.3729,246.7926,40.27,903.9,901.57,0.1,-901.5,4291.38,7081.16,0.36,C,40.27,61.794,GIE AGSI+ API v013
DE,2026-06-27,Germany,DE,100.5787,246.7926,40.75,903.9,1207.66,1.2,-1206.5,4291.38,7081.16,0.49,C,40.75,62.09,GIE AGSI+ API v013
DE,2026-06-28,Germany,DE,101.6988,246.7926,41.21,903.9,1137.93,18,-1119.9,4291.38,7081.16,0.45,E,41.21,62.35,GIE AGSI+ API v013
DE,2026-06-29,Germany,DE,102.4446,246.7926,41.51,903.9,778.67,32.8,-745.9,4291.38,7081.16,0.3,C,41.51,62.626,GIE AGSI+ API v013
DE,2026-06-30,Germany,DE,102.9307,246.7926,41.71,903.9,575.32,0.5,-574.8,4291.38,7081.16,0.2,C,41.71,62.888,GIE AGSI+ API v013
DE,2026-07-01,Germany,DE,103.6008,246.7926,41.98,903.9,793.53,113,-680.5,4291.38,7081.16,0.27,C,41.98,63.19,GIE AGSI+ API v013
DE,2026-07-02,Germany,DE,104.0406,246.7926,42.16,903.9,446.79,6.3,-440.5,4291.38,7081.16,0.18,E,42.16,63.514,GIE AGSI+ API v013
DE,2026-07-03,Germany,DE,104.5077,246.7926,42.35,903.9,471.73,7.6,-464.1,4291.38,7081.16,0.19,E,42.35,63.86,GIE AGSI+ API v013
DE,2026-07-04,Germany,DE,105.1798,246.7926,42.62,903.9,692.51,2.7,-689.8,4291.38,7081.16,0.27,C,42.62,64.142,GIE AGSI+ API v013
DE,2026-07-05,Germany,DE,105.8202,246.7926,42.88,903.9,644.84,9.8,-635,4291.38,7081.16,0.26,E,42.88,64.478,GIE AGSI+ API v013
DE,2026-07-06,Germany,DE,106.3564,246.7926,43.1,903.9,537.97,4.2,-533.7,4291.38,7081.16,0.22,C,43.1,64.75,GIE AGSI+ API v013
DE,2026-07-07,Germany,DE,106.8998,246.7926,43.32,903.9,538.33,6.4,-531.9,4291.38,7081.16,0.22,C,43.32,64.992,GIE AGSI+ API v013
DE,2026-07-08,Germany,DE,107.2219,246.7926,43.45,903.9,356.65,26.7,-330,4291.38,7081.16,0.13,C,43.45,65.582,GIE AGSI+ API v013
DE,2026-07-09,Germany,DE,107.5047,246.7926,43.56,903.9,289.78,19.3,-270.5,4291.38,7081.16,0.11,C,43.56,65.608,GIE AGSI+ API v013
DE,2026-07-10,Germany,DE,107.7322,246.7926,43.65,903.9,232.21,9.5,-222.7,4291.38,7081.16,0.09,C,43.65,66.016,GIE AGSI+ API v013
DE,2026-07-11,Germany,DE,108.4502,246.7926,43.94,903.9,730.16,4.2,-726,4291.38,7081.16,0.29,C,43.94,66.26,GIE AGSI+ API v013
DE,2026-07-12,Germany,DE,109.2223,246.7926,44.26,903.9,774.39,2.4,-772,4291.38,7081.16,0.31,C,44.26,66.488,GIE AGSI+ API v013
DE,2026-07-13,Germany,DE,109.7855,246.7926,44.48,903.9,552.65,3.1,-549.5,4291.38,7081.16,0.23,C,44.48,66.664,GIE AGSI+ API v013
DE,2026-07-14,Germany,DE,110.1996,246.7926,44.65,903.9,438.57,14.9,-423.6,4291.38,7081.16,0.17,C,44.65,66.826,GIE AGSI+ API v013
DE,2026-07-15,Germany,DE,110.5837,246.489,44.86,903.9,389.14,5.1,-384.1,4297.72,7067.36,0.16,C,44.86,67.042,GIE AGSI+ API v013
DE,2026-07-16,Germany,DE,110.6923,246.489,44.91,903.9,229.87,120.9,-109,4297.72,7067.36,0.04,C,44.91,67.324,GIE AGSI+ API v013
DE,2026-07-17,Germany,DE,110.9575,246.489,45.02,903.9,315.12,49.9,-265.2,4297.72,7067.36,0.11,C,45.02,67.558,GIE AGSI+ API v013
DE,2026-07-18,Germany,DE,111.4418,246.489,45.21,903.9,504.27,6.3,-498,4297.72,7067.36,0.2,C,45.21,67.736,GIE AGSI+ API v013
DE,2026-07-19,Germany,DE,111.9758,246.489,45.43,903.9,538.48,7.8,-530.7,4297.72,7067.36,0.22,C,45.43,67.958,GIE AGSI+ API v013
DE,2026-07-20,Germany,DE,112.2197,246.489,45.53,903.9,274.85,39.9,-234.9,4297.72,7067.36,0.1,C,45.53,68.186,GIE AGSI+ API v013
DE,2026-07-21,Germany,DE,112.2205,246.489,45.53,903.9,188.15,187.4,-0.8,4297.72,7067.36,0,C,45.53,68.368,GIE AGSI+ API v013
DE,2026-07-22,Germany,DE,112.458,246.489,45.62,903.9,265.05,18.6,-246.4,4297.72,7067.36,0.1,C,45.62,68.584,GIE AGSI+ API v013
DE,2026-07-23,Germany,DE,112.6447,246.489,45.7,903.9,224.82,30.8,-194,4297.72,7067.36,0.08,C,45.7,68.9,GIE AGSI+ API v013
DE,2026-07-24,Germany,DE,112.8844,246.489,45.8,903.9,277.39,40.5,-236.9,4297.72,7067.36,0.1,C,45.8,69.206,GIE AGSI+ API v013
DE,2026-07-25,Germany,DE,113.328,246.489,45.98,903.9,493.69,44,-449.7,4297.72,7067.36,0.18,E,45.98,69.486,GIE AGSI+ API v013
DE,2026-07-26,Germany,DE,113.8507,246.489,46.19,903.9,550.75,9.9,-540.9,4297.72,7067.36,0.21,C,46.19,69.794,GIE AGSI+ API v013
DE,2026-07-27,Germany,DE,114.1023,246.489,46.29,903.9,295.3,46.7,-248.6,4297.72,7067.36,0.1,C,46.29,70.108,GIE AGSI+ API v013
DE,2026-07-28,Germany,DE,114.3278,246.489,46.38,903.9,237.52,18.1,-219.4,4297.72,7067.36,0.09,C,46.38,70.418,GIE AGSI+ API v013
DE,2026-07-29,Germany,DE,114.7085,246.489,46.54,903.9,405.2,32,-373.2,4297.72,7067.36,0.15,C,46.54,70.748,GIE AGSI+ API v013
DE,2026-07-30,Germany,DE,115.0404,246.489,46.67,903.9,342.62,10.5,-332.1,4297.72,7067.36,0.13,C,46.67,71.106,GIE AGSI+ API v013
DE,2026-07-31,Germany,DE,115.0366,246.489,46.67,903.9,292.55,46.6,-246,4297.72,7067.36,-0,C,46.67,71.434,GIE AGSI+ API v013
DE,2026-08-01,Germany,DE,115.2102,246.489,46.74,903.9,452.18,392.4,-59.7,4297.72,7067.36,0.07,C,46.74,71.584,GIE AGSI+ API v013
DE,2026-08-02,Germany,DE,115.7183,246.489,46.95,903.9,533.94,17.1,-516.8,4297.72,7067.36,0.21,C,46.95,71.974,GIE AGSI+ API v013
DE,2026-08-03,Germany,DE,116.1528,246.489,47.12,903.9,433.67,10,-423.7,4297.72,7067.36,0.18,C,47.12,72.314,GIE AGSI+ API v013
DE,2026-08-04,Germany,DE,116.6413,246.489,47.32,903.9,504.27,20.3,-484,4292.58,7067.36,0.2,C,47.32,72.634,GIE AGSI+ API v013
DE,2026-08-05,Germany,DE,117.1223,246.489,47.52,903.9,492.7,11.7,-481,4292.58,7067.36,0.2,C,47.52,72.996,GIE AGSI+ API v013
DE,2026-08-06,Germany,DE,117.522,246.489,47.68,903.9,434.71,28.6,-406.1,4292.58,7067.36,0.16,C,47.68,73.368,GIE AGSI+ API v013
DE,2026-08-07,Germany,DE,117.8988,246.489,47.83,903.9,388.99,12.2,-376.8,4292.58,7067.36,0.15,E,47.83,73.736,GIE AGSI+ API v013
DE,2026-08-08,Germany,DE,118.5119,246.489,48.08,903.9,650.15,20.7,-629.5,4292.58,7067.36,0.25,C,48.08,74.086,GIE AGSI+ API v013
DE,2026-08-09,Germany,DE,119.1662,246.489,48.35,903.9,666.24,12.2,-654,4292.58,7067.36,0.27,C,48.35,74.416,GIE AGSI+ API v013
DE,2026-08-10,Germany,DE,119.6202,246.489,48.53,903.9,463.81,6.4,-457.4,4292.58,7067.36,0.18,C,48.53,74.796,GIE AGSI+ API v013
DE,2026-08-11,Germany,DE,120.0962,246.489,48.72,903.9,494.66,14.9,-479.8,4292.58,7067.36,0.19,C,48.72,75.138,GIE AGSI+ API v013
DE,2026-08-12,Germany,DE,120.5355,246.489,48.9,903.9,442.72,11.8,-430.9,4292.58,7067.36,0.18,C,48.9,75.44,GIE AGSI+ API v013
DE,2026-08-13,Germany,DE,121.1238,246.489,49.14,903.9,543.71,6.5,-537.3,4292.58,7067.36,0.24,C,49.14,75.818,GIE AGSI+ API v013
DE,2026-08-14,Germany,DE,121.8297,246.489,49.43,903.9,639.18,9.3,-629.9,4292.58,7067.36,0.29,C,49.43,76.156,GIE AGSI+ API v013
DE,2026-08-15,Germany,DE,122.5203,246.489,49.71,903.9,538.38,8.9,-529.4,4292.58,7067.36,0.28,C,49.71,76.382,GIE AGSI+ API v013
DE,2026-08-16,Germany,DE,123.1795,246.489,49.97,903.9,591,5.7,-585.3,4292.58,7067.36,0.27,C,49.97,76.702,GIE AGSI+ API v013
DE,2026-08-17,Germany,DE,123.3999,246.489,50.06,903.9,285.78,71.7,-214.1,4292.58,7067.36,0.09,C,50.06,77.014,GIE AGSI+ API v013
DE,2026-08-18,Germany,DE,123.6,246.489,50.14,903.9,173.57,74.1,-99.5,4292.58,7067.36,0.08,C,50.14,77.278,GIE AGSI+ API v013
DE,2026-08-19,Germany,DE,123.7062,246.489,50.19,903.9,234.91,157.8,-77.1,4292.58,7067.36,0.04,C,50.19,77.572,GIE AGSI+ API v013
DE,2026-08-20,Germany,DE,123.8547,246.489,50.25,903.9,261.21,140,-121.2,4292.58,7067.36,0.06,C,50.25,77.9,GIE AGSI+ API v013
DE,2026-08-21,Germany,DE,124.3137,246.489,50.43,903.9,417.09,11.4,-405.7,4292.58,7067.36,0.19,C,50.43,78.22,GIE AGSI+ API v013
DE,2026-08-22,Germany,DE,125.009,246.539,50.71,903.9,597.11,0.3,-596.8,4292.58,7067.36,0.28,C,50.71,78.508,GIE AGSI+ API v013
DE,2026-08-23,Germany,DE,125.7633,246.539,51.01,903.9,651.52,0.8,-650.7,4292.58,7067.36,0.31,C,51.01,78.802,GIE AGSI+ API v013
DE,2026-08-24,Germany,DE,126.3419,246.539,51.25,903.9,537.58,10.1,-527.4,4292.58,7067.36,0.23,C,51.25,79.004,GIE AGSI+ API v013
DE,2026-08-25,Germany,DE,126.8926,246.539,51.47,903.9,478.74,15.9,-462.9,4292.58,7067.36,0.22,C,51.47,79.302,GIE AGSI+ API v013
DE,2026-08-26,Germany,DE,127.3524,246.539,51.66,903.9,457.05,16.7,-440.4,4293.73,7068.47,0.19,C,51.66,79.58,GIE AGSI+ API v013
DE,2026-08-27,Germany,DE,128.0853,246.539,51.95,903.9,706.94,7.4,-699.5,4293.73,7068.47,0.3,C,51.95,79.866,GIE AGSI+ API v013
DE,2026-08-28,Germany,DE,128.8245,246.539,52.25,903.9,649.25,15.5,-633.8,4293.73,7068.47,0.3,C,52.25,80.156,GIE AGSI+ API v013
DE,2026-08-29,Germany,DE,129.7507,246.548,52.63,903.9,806.78,2.6,-804.2,4293.73,7068.47,0.38,C,52.63,80.364,GIE AGSI+ API v013
DE,2026-08-30,Germany,DE,130.7331,246.539,53.03,903.9,908.2,2.4,-905.8,4293.73,7068.47,0.4,C,53.03,80.616,GIE AGSI+ API v013
DE,2026-08-31,Germany,DE,131.4335,246.539,53.31,903.9,725.35,26.1,-699.3,4293.73,7068.47,0.28,C,53.31,80.81,GIE AGSI+ API v013
DE,2026-09-01,Germany,DE,132.0337,246.539,53.55,903.9,338.06,24.2,-313.9,4293.73,7068.47,0.24,C,53.55,81.132,GIE AGSI+ API v013
DE,2026-09-02,Germany,DE,132.3158,246.539,53.67,903.9,326.07,38.1,-287.9,4293.73,7068.47,0.11,C,53.67,81.31,GIE AGSI+ API v013
DE,2026-09-03,Germany,DE,132.6279,246.539,53.8,903.9,356.52,30.8,-325.7,4293.73,7068.47,0.13,E,53.8,81.536,GIE AGSI+ API v013
EU,2020-01-01,EU,eu,994.9453,1129.8998,88.06,4349,509.22,4647.2,4138,11863.46,20523.85,0,E,88.06,,GIE AGSI+ API v013
EU,2020-01-02,EU,eu,989.6235,1129.8998,87.59,4349,325.91,5797.1,5471.2,11863.84,20522.86,-0.47,E,87.59,,GIE AGSI+ API v013
EU,2020-01-03,EU,eu,985.1285,1129.8998,87.19,4349,321.83,4807.8,4486,11864.31,20521.61,-0.4,E,87.19,,GIE AGSI+ API v013
EU,2020-01-04,EU,eu,980.9067,1129.8998,86.81,4349,315.24,4588,4272.7,11864.75,20520.44,-0.37,E,86.81,,GIE AGSI+ API v013
EU,2020-01-05,EU,eu,976.4439,1129.8998,86.42,4349,281.67,4717.3,4435.6,11865.01,20519.76,-0.39,E,86.42,,GIE AGSI+ API v013
EU,2020-01-06,EU,eu,970.5405,1129.888,85.9,4349,126.98,6041.5,5914.5,11865.21,20518.49,-0.52,E,85.9,,GIE AGSI+ API v013
EU,2020-01-07,EU,eu,964.1841,1129.9379,85.33,4349,262.45,6624.1,6361.7,11866.1,20518.13,-0.56,E,85.33,,GIE AGSI+ API v013
EU,2020-01-08,EU,eu,958.1943,1129.8859,84.8,4349,235.36,6185.4,5950.1,11866.15,20516.01,-0.53,E,84.8,,GIE AGSI+ API v013
EU,2020-01-09,EU,eu,952.5381,1129.8859,84.3,4349,216.47,5870.8,5654.4,11866.61,20514.8,-0.5,E,84.3,,GIE AGSI+ API v013
EU,2020-01-10,EU,eu,947.7208,1129.8859,83.88,4349,187.33,5475.4,5288.1,11867.15,20513.37,-0.43,E,83.88,,GIE AGSI+ API v013
EU,2020-01-11,EU,eu,942.8662,1129.8859,83.45,4349,296.31,5159.9,4863.6,11867.6,20512.19,-0.43,E,83.45,,GIE AGSI+ API v013
EU,2020-01-12,EU,eu,938.1525,1129.8859,83.03,4349,325.08,5037.9,4712.9,11867.97,20511.2,-0.42,E,83.03,,GIE AGSI+ API v013
EU,2020-01-13,EU,eu,932.4785,1129.9134,82.53,4349,259.26,5899.4,5640.2,11868.72,20510.96,-0.5,E,82.53,,GIE AGSI+ API v013
EU,2020-01-14,EU,eu,926.5273,1129.9654,82,4349,224.49,6152.5,5928,11869.8,20510.1,-0.53,E,82,,GIE AGSI+ API v013
EU,2020-01-15,EU,eu,920.5596,1129.9654,81.47,4349,229.38,6154.7,5925.3,11870.3,20508.79,-0.53,E,81.47,,GIE AGSI+ API v013
EU,2020-01-16,EU,eu,914.3617,1129.9654,80.92,4349,188.86,6380.9,6192.1,11870.79,20507.49,-0.55,E,80.92,,GIE AGSI+ API v013
EU,2020-01-17,EU,eu,908.0663,1129.9654,80.36,4349,135.3,6440.6,6305.3,11871.34,20506.05,-0.56,E,80.36,,GIE AGSI+ API v013
EU,2020-01-18,EU,eu,901.7984,1129.9654,79.81,4349,176.03,6391.6,6215.6,11871.88,20504.63,-0.55,E,79.81,,GIE AGSI+ API v013
EU,2020-01-19,EU,eu,894.9291,1129.9654,79.2,4349,187.81,7016.7,6828.9,11872.42,20503.2,-0.61,E,79.2,,GIE AGSI+ API v013
EU,2020-01-20,EU,eu,887.2117,1129.9693,78.52,4349,172.94,8376.7,8203.8,11873.06,20501.75,-0.68,E,78.52,,GIE AGSI+ API v013
EU,2020-01-21,EU,eu,878.534,1129.9693,77.75,4349,185.06,8868.8,8683.7,11873.63,20500.25,-0.77,E,77.75,,GIE AGSI+ API v013
EU,2020-01-22,EU,eu,869.9594,1129.9413,76.99,4349,201.69,8729.1,8527.4,11872.97,20500.97,-0.76,E,76.99,,GIE AGSI+ API v013
EU,2020-01-23,EU,eu,861.5652,1129.9693,76.25,4349,178.77,8560,8381.3,11873.9,20499.53,-0.74,E,76.25,,GIE AGSI+ API v013
EU,2020-01-24,EU,eu,853.2052,1129.9694,75.51,4349,219.31,8576.7,8357.4,11874.62,20497.64,-0.74,E,75.51,,GIE AGSI+ API v013
EU,2020-01-25,EU,eu,846.3214,1129.9694,74.9,4349,254.36,7113.3,6858.9,11875.39,20495.61,-0.61,E,74.9,,GIE AGSI+ API v013
EU,2020-01-26,EU,eu,840.425,1129.9694,74.38,4349,396.76,6257.7,5861,11876.08,20493.8,-0.52,E,74.38,,GIE AGSI+ API v013
EU,2020-01-27,EU,eu,833.5269,1129.9733,73.77,4349,255.49,7121.8,6866.3,11876.8,20492.15,-0.61,E,73.77,,GIE AGSI+ API v013
EU,2020-01-28,EU,eu,825.2882,1129.9733,73.04,4349,230.42,7499.1,7268.6,11877.42,20490.49,-0.73,E,73.04,,GIE AGSI+ API v013
EU,2020-01-29,EU,eu,818.0579,1129.9733,72.4,4349,194.48,7444.1,7249.6,11877.92,20489.19,-0.64,E,72.4,,GIE AGSI+ API v013
EU,2020-01-30,EU,eu,812.5622,1128.9733,71.97,4349,231.77,6689.1,6457.3,11878.59,20487.42,-0.49,E,71.97,,GIE AGSI+ API v013
EU,2020-01-31,EU,eu,807.5919,1129.9733,71.47,4349,479.36,5060.7,4581.3,11879.07,20486.14,-0.44,E,71.47,,GIE AGSI+ API v013
EU,2020-02-01,EU,eu,805.5468,1129.9733,71.29,4349,871.53,3315,2443.5,11879.24,20427.9,-0.18,E,71.29,,GIE AGSI+ API v013
EU,2020-02-02,EU,eu,803.3191,1129.9733,71.09,4349,831.61,3064.1,2232.5,11879.31,20427.71,-0.2,E,71.09,,GIE AGSI+ API v013
EU,2020-02-03,EU,eu,799.1545,1129.9733,70.72,4349,331.88,4488.7,4156.8,11879.38,20427.52,-0.37,E,70.72,,GIE AGSI+ API v013
EU,2020-02-04,EU,eu,794.0407,1129.9733,70.27,4349,249.27,5336,5086.7,11678.08,20426.8,-0.45,E,70.27,,GIE AGSI+ API v013
EU,2020-02-05,EU,eu,787.8058,1129.9734,69.72,4349,282.05,6509.4,6227.4,11880.2,20425.38,-0.55,E,69.72,,GIE AGSI+ API v013
EU,2020-02-06,EU,eu,780.665,1129.9734,69.09,4349,193.53,7306,7112.5,11927.61,20423.77,-0.63,E,69.09,,GIE AGSI+ API v013
EU,2020-02-07,EU,eu,774.8668,1129.9734,68.57,4349,184.72,6031.4,5846.7,11881.38,20422.26,-0.51,E,68.57,,GIE AGSI+ API v013
EU,2020-02-08,EU,eu,770.3505,1129.9734,68.17,4349,469.64,4891.8,4422.1,11881.69,20421.43,-0.4,E,68.17,,GIE AGSI+ API v013
EU,2020-02-09,EU,eu,767.1215,1129.9734,67.89,4349,630.5,3865.6,3235.1,11882.02,20420.57,-0.29,E,67.89,,GIE AGSI+ API v013
EU,2020-02-10,EU,eu,763.2795,1129.9734,67.55,4349,323.77,4647.2,4323.4,11882.21,20409.07,-0.34,E,67.55,,GIE AGSI+ API v013
EU,2020-02-11,EU,eu,758.0185,1128.4439,67.17,4349,219.85,5467.4,5247.5,11882.4,20408.57,-0.47,E,67.17,,GIE AGSI+ API v013
EU,2020-02-12,EU,eu,752.3974,1129.9734,66.59,4349,275.91,5803.2,5527.3,11882.76,20407.63,-0.5,E,66.59,,GIE AGSI+ API v013
EU,2020-02-13,EU,eu,746.4323,1129.9734,66.06,4349,254.31,6180.4,5926.1,11883.32,20406.14,-0.53,E,66.06,,GIE AGSI+ API v013
EU,2020-02-14,EU,eu,741.5443,1129.9734,65.62,4349,215.9,5145.9,4930,11883.89,20404.64,-0.43,E,65.62,,GIE AGSI+ API v013
EU,2020-02-15,EU,eu,739.2953,1129.9734,65.43,4349,688.96,2946.4,2257.5,11884.27,20403.64,-0.2,E,65.43,,GIE AGSI+ API v013
EU,2020-02-16,EU,eu,737.6289,1129.9734,65.28,4349,833.07,2503.2,1670.1,11884.29,20403.57,-0.15,E,65.28,,GIE AGSI+ API v013
EU,2020-02-17,EU,eu,734.0642,1129.9734,64.96,4349,353.22,3902.3,3549.1,11884.34,20403.46,-0.32,E,64.96,,GIE AGSI+ API v013
EU,2020-02-18,EU,eu,729.7984,1129.9734,64.59,4349,387.97,4656.1,4268.2,11884.33,20403.48,-0.38,E,64.59,,GIE AGSI+ API v013
EU,2020-02-19,EU,eu,725.0605,1129.9734,64.17,4349,382.22,5096.9,4714.7,11884.34,20403.46,-0.42,E,64.17,,GIE AGSI+ API v013
EU,2020-02-20,EU,eu,721.1215,1129.9735,63.82,4349,403.39,4801.6,4398.2,11884.41,20391.72,-0.35,E,63.82,,GIE AGSI+ API v013
EU,2020-02-21,EU,eu,717.0058,1129.9732,63.45,4349,521.86,4597.6,4075.8,11884.46,20391.59,-0.36,E,63.45,,GIE AGSI+ API v013
EU,2020-02-22,EU,eu,714.5796,1129.9732,63.24,4349,759.98,3161.7,2401.8,11884.51,20391.46,-0.21,E,63.24,,GIE AGSI+ API v013
EU,2020-02-23,EU,eu,712.6942,1129.9732,63.07,4349,799.54,2664.9,1865.4,11884.48,20391.52,-0.17,E,63.07,,GIE AGSI+ API v013
EU,2020-02-24,EU,eu,709.2964,1129.9752,62.77,4349,450.73,3752.6,3301.9,11884.49,20391.62,-0.3,E,62.77,,GIE AGSI+ API v013
EU,2020-02-25,EU,eu,705.7424,1129.9752,62.46,4349,440.44,3943.4,3503,11884.58,20391.39,-0.31,E,62.46,,GIE AGSI+ API v013
EU,2020-02-26,EU,eu,699.9329,1129.9752,61.94,4349,221.6,6019.7,5798.1,11884.62,20391.29,-0.51,E,61.94,,GIE AGSI+ API v013
EU,2020-02-27,EU,eu,693.7583,1129.9753,61.4,4349,280.66,6612,6331.3,11884.97,20242.69,-0.55,E,61.4,,GIE AGSI+ API v013
EU,2020-02-28,EU,eu,688.6444,1129.9753,60.94,4349,491.62,5552.6,5061,11885.16,20303.88,-0.45,E,60.94,,GIE AGSI+ API v013
EU,2020-02-29,EU,eu,686.2543,1129.9753,60.73,4349,1050.66,3389.7,2339,11885.15,20389.92,-0.21,E,60.73,,GIE AGSI+ API v013
EU,2020-03-01,EU,eu,684.3587,1130.7703,60.52,4349,940.92,3343,2402.1,11834.58,20138.2,-0.17,E,60.52,,GIE AGSI+ API v013
EU,2020-03-02,EU,eu,679.4609,1130.7919,60.09,4349,335.78,5065.7,4729.9,11834.9,20218.31,-0.43,E,60.09,,GIE AGSI+ API v013
EU,2020-03-03,EU,eu,674.6701,1130.7919,59.66,4349,291.54,5065.6,4774,11834.94,20297.82,-0.42,E,59.66,,GIE AGSI+ API v013
EU,2020-03-04,EU,eu,669.4575,1129.8919,59.25,4349,274.96,5459.5,5184.5,11901.47,20411.3,-0.46,E,59.25,,GIE AGSI+ API v013
EU,2020-03-05,EU,eu,664.5606,1130.3941,58.79,4349,328.4,5190.4,4862,11886.59,20384.99,-0.43,E,58.79,,GIE AGSI+ API v013
EU,2020-03-06,EU,eu,660.4823,1130.3941,58.43,4349,416.4,4479,4062.6,11887.7,20382.06,-0.36,E,58.43,,GIE AGSI+ API v013
EU,2020-03-07,EU,eu,658.413,1130.3942,58.25,4349,578.52,2991.5,2413,11888.8,20379.18,-0.18,E,58.25,,GIE AGSI+ API v013
EU,2020-03-08,EU,eu,656.7644,1130.3942,58.1,4349,875.24,2527.2,1652,11889.47,20377.42,-0.15,E,58.1,,GIE AGSI+ API v013
EU,2020-03-09,EU,eu,652.9241,1129.9382,57.78,4349,396.22,3866.7,3470.5,11849.1,20010.02,-0.34,E,57.78,,GIE AGSI+ API v013
EU,2020-03-10,EU,eu,650.206,1129.9382,57.54,4349,532.19,3235.5,2703.3,11849.82,20008.14,-0.24,E,57.54,,GIE AGSI+ API v013
EU,2020-03-11,EU,eu,648.5719,1129.9382,57.4,4349,863.41,2496.5,1633.1,11850.55,19979.19,-0.14,E,57.4,,GIE AGSI+ API v013
EU,2020-03-12,EU,eu,647.1269,1129.9382,57.27,4349,792.26,2250.3,1458.1,11851.23,19977.4,-0.13,E,57.27,,GIE AGSI+ API v013
EU,2020-03-13,EU,eu,644.4851,1129.9382,57.04,4349,391.71,3025.9,2634.2,11866.26,19937.74,-0.23,E,57.04,,GIE AGSI+ API v013
EU,2020-03-14,EU,eu,642.8412,1129.9382,56.89,4349,865.39,2478.4,1613,11852.54,19973.96,-0.15,E,56.89,,GIE AGSI+ API v013
EU,2020-03-15,EU,eu,642.277,1129.9382,56.84,4349,897.69,1979.7,1082,11853.23,19972.12,-0.05,E,56.84,,GIE AGSI+ API v013
EU,2020-03-16,EU,eu,640.3144,1129.9658,56.67,4349,739.48,2684.7,1945.2,11854.35,19970.89,-0.17,E,56.67,,GIE AGSI+ API v013
EU,2020-03-17,EU,eu,638.9513,1130.8674,56.5,4349,837.82,2209.7,1371.9,11855.15,19968.8,-0.12,E,56.5,,GIE AGSI+ API v013
EU,2020-03-18,EU,eu,637.8341,1130.8674,56.4,4349,750.76,1882.7,1132,11855.72,19967.28,-0.1,E,56.4,,GIE AGSI+ API v013
EU,2020-03-19,EU,eu,636.7046,1130.8674,56.3,4349,867.84,2008.9,1141.1,11856.27,19965.84,-0.1,E,56.3,,GIE AGSI+ API v013
EU,2020-03-20,EU,eu,636.1143,1130.8675,56.25,4349,1192.31,1783.5,591.2,11856.95,19964.08,-0.05,E,56.25,,GIE AGSI+ API v013
EU,2020-03-21,EU,eu,636.6722,1134.0026,56.14,4349,1680.54,1754.9,74.4,11946.21,19954.4,0.05,E,56.14,,GIE AGSI+ API v013
EU,2020-03-22,EU,eu,635.7275,1134.0026,56.06,4349,1258.88,2205.6,946.7,11946.27,19954.25,-0.08,E,56.06,,GIE AGSI+ API v013
EU,2020-03-23,EU,eu,632.9782,1134.0065,55.82,4349,602.06,3279.6,2677.5,11946.38,19954.22,-0.24,E,55.82,,GIE AGSI+ API v013
EU,2020-03-24,EU,eu,630.3091,1134.0065,55.58,4349,531.91,3188.3,2656.4,11946.6,19953.62,-0.24,E,55.58,,GIE AGSI+ API v013
EU,2020-03-25,EU,eu,627.3276,1134.007,55.32,4349,468.1,3426.4,2958.3,11947.02,19952.51,-0.26,E,55.32,,GIE AGSI+ API v013
EU,2020-03-26,EU,eu,624.5714,1134.007,55.08,4349,488.25,3237.8,2749.5,11947.18,19952.11,-0.24,E,55.08,,GIE AGSI+ API v013
EU,2020-03-27,EU,eu,623.0789,1134.007,54.94,4349,611.98,2103,1491,11947.33,19951.71,-0.13,E,54.94,,GIE AGSI+ API v013
EU,2020-03-28,EU,eu,622.7343,1133.177,54.95,4349,928.24,1283.3,355.1,11769.95,19680.19,-0.03,E,54.95,,GIE AGSI+ API v013
EU,2020-03-29,EU,eu,621.6017,1134.007,54.81,4349,830.89,1964.8,1133.9,11947.49,19951.28,-0.1,E,54.81,,GIE AGSI+ API v013
EU,2020-03-30,EU,eu,619.3996,1133.9932,54.62,4349,568.57,3631.4,3062.8,11947.5,19950.37,-0.19,E,54.62,,GIE AGSI+ API v013
EU,2020-03-31,EU,eu,615.8062,1133.6891,54.32,4349,574.7,3994.4,3419.7,11988.58,19935.79,-0.32,E,54.32,,GIE AGSI+ API v013
EU,2020-04-01,EU,eu,616.8787,1132.056,54.49,4349,1834.87,2653.3,818.5,11947.25,19912.24,0.09,E,54.49,,GIE AGSI+ API v013
EU,2020-04-02,EU,eu,616.8513,1132.724,54.46,4349,1245.19,1784.5,539.3,11958.48,19939.74,-0,E,54.46,,GIE AGSI+ API v013
EU,2020-04-03,EU,eu,616.9061,1132.724,54.46,4349,1586.27,1494,-92.3,11958.43,19939.87,0,E,54.46,,GIE AGSI+ API v013
EU,2020-04-04,EU,eu,618.651,1132.724,54.62,4349,2426,732.8,-1693.2,11958.39,19939.98,0.15,E,54.62,,GIE AGSI+ API v013
EU,2020-04-05,EU,eu,621.1582,1132.724,54.84,4349,3040.74,509.7,-2531.1,11958.29,19940.24,0.22,E,54.84,,GIE AGSI+ API v013
EU,2020-04-06,EU,eu,623.3844,1131.2088,55.11,4349,2770.56,480,-2290.6,11957.69,19940.83,0.2,E,55.11,,GIE AGSI+ API v013
EU,2020-04-07,EU,eu,625.8642,1131.2088,55.33,4349,2997.53,415,-2582.5,11957.36,19941.7,0.22,E,55.33,,GIE AGSI+ API v013
EU,2020-04-08,EU,eu,628.925,1131.2088,55.6,4349,3481.77,332.9,-3148.9,11957.03,19942.57,0.27,E,55.6,,GIE AGSI+ API v013
EU,2020-04-09,EU,eu,632.5731,1131.2088,55.92,4349,4050.71,248.6,-3802.2,11956.71,19943.42,0.32,E,55.92,,GIE AGSI+ API v013
EU,2020-04-10,EU,eu,636.4942,1131.2088,56.27,4349,4262.28,180.8,-4081.5,11956.29,19944.52,0.35,E,56.27,,GIE AGSI+ API v013
EU,2020-04-11,EU,eu,640.8174,1130.7395,56.67,4349,4643.58,130.2,-4513.4,11944.67,19933.89,0.38,E,56.67,,GIE AGSI+ API v013
EU,2020-04-12,EU,eu,645.9644,1130.7395,57.13,4349,5097.93,114,-4983.9,11944.26,19934.96,0.46,E,57.13,,GIE AGSI+ API v013
EU,2020-04-13,EU,eu,649.0719,1130.8041,57.4,4349,4179.79,198.9,-3980.9,11944.76,19937.87,0.27,E,57.4,,GIE AGSI+ API v013
EU,2020-04-14,EU,eu,652.0928,1130.8041,57.67,4349,2934.74,617.4,-2317.3,11944.39,19938.83,0.27,E,57.67,,GIE AGSI+ API v013
EU,2020-04-15,EU,eu,654.4831,1130.8041,57.88,4349,3018.78,602.6,-2416.2,11944.16,19939.45,0.21,E,57.88,,GIE AGSI+ API v013
EU,2020-04-16,EU,eu,657.712,1130.8041,58.16,4349,3468.87,285.3,-3183.6,11944.07,19939.69,0.29,E,58.16,,GIE AGSI+ API v013
EU,2020-04-17,EU,eu,661.1824,1130.8041,58.47,4349,3748.55,237.5,-3511.1,11943.89,19940.15,0.31,E,58.47,,GIE AGSI+ API v013
EU,2020-04-18,EU,eu,665.5218,1130.8041,58.85,4349,4604.78,304.5,-4300.3,11943.57,19941,0.38,E,58.85,,GIE AGSI+ API v013
EU,2020-04-19,EU,eu,670.0005,1130.8041,59.25,4349,4771.83,221.1,-4550.8,11943.07,19942.32,0.4,E,59.25,,GIE AGSI+ API v013
EU,2020-04-20,EU,eu,673.0792,1130.8459,59.52,4349,4038.91,291.7,-3747.2,11943.23,19944.64,0.27,E,59.52,,GIE AGSI+ API v013
EU,2020-04-21,EU,eu,676.9208,1130.8459,59.86,4349,4150.55,188.5,-3962.1,11942.74,19945.92,0.34,E,59.86,,GIE AGSI+ API v013
EU,2020-04-22,EU,eu,674.0614,1130.8459,59.61,4349,3195.92,329.6,-2866.4,11942.2,19947.37,-0.25,E,59.61,,GIE AGSI+ API v013
EU,2020-04-23,EU,eu,684.3271,1130.8459,60.51,4349,3803.04,135.5,-3667.6,11941.66,19948.79,0.91,E,60.51,,GIE AGSI+ API v013
EU,2020-04-24,EU,eu,688.3671,1130.8459,60.87,4349,4278.67,153.9,-4124.8,11941.35,19949.61,0.36,E,60.87,,GIE AGSI+ API v013
EU,2020-04-25,EU,eu,692.5996,1130.8459,61.25,4349,4539.35,227,-4312.3,11940.93,19950.7,0.37,E,61.25,,GIE AGSI+ API v013
EU,2020-04-26,EU,eu,696.6012,1130.8459,61.6,4349,4315.8,213.1,-4102.7,11940.59,19951.6,0.35,E,61.6,,GIE AGSI+ API v013
EU,2020-04-27,EU,eu,699.9373,1130.8877,61.89,4349,3645.9,283.4,-3362.5,11940.93,19953.44,0.29,E,61.89,,GIE AGSI+ API v013
EU,2020-04-28,EU,eu,702.8977,1130.8877,62.15,4349,3517.42,594.6,-2922.8,11940.67,19954.13,0.26,E,62.15,,GIE AGSI+ API v013
EU,2020-04-29,EU,eu,706.438,1130.8877,62.47,4349,3933.3,415.6,-3517.7,11893.67,19954.64,0.31,E,62.47,,GIE AGSI+ API v013
EU,2020-04-30,EU,eu,709.9297,1130.8877,62.78,4349,4643.93,323.5,-4320.4,11893.39,19955.38,0.31,E,62.78,,GIE AGSI+ API v013
EU,2020-05-01,EU,eu,716.2604,1130.5472,63.36,4349,4774,531.6,-4242.4,11924.5,19811.42,0.56,E,63.36,,GIE AGSI+ API v013
EU,2020-05-02,EU,eu,720.3377,1130.5472,63.72,4349,4554.89,365,-4189.9,11924.08,19812.52,0.36,E,63.72,,GIE AGSI+ API v013
EU,2020-05-03,EU,eu,724.3343,1130.5472,64.07,4349,4445.3,448.8,-3996.5,11944.64,19813.69,0.35,E,64.07,,GIE AGSI+ API v013
EU,2020-05-04,EU,eu,727.9681,1130.6612,64.38,4349,4000.3,372.5,-3627.8,11956.54,19817.43,0.32,E,64.38,,GIE AGSI+ API v013
EU,2020-05-05,EU,eu,731.2534,1130.6612,64.67,4349,3737.34,433.6,-3303.7,11966.14,19818.49,0.29,E,64.67,,GIE AGSI+ API v013
EU,2020-05-06,EU,eu,734.5208,1130.6612,64.96,4349,3840.28,585.4,-3254.9,11965.75,19848.52,0.29,E,64.96,,GIE AGSI+ API v013
EU,2020-05-07,EU,eu,738.2356,1130.6612,65.29,4349,4014.29,301.9,-3712.4,11965.28,19849.76,0.33,E,65.29,,GIE AGSI+ API v013
EU,2020-05-08,EU,eu,742.8921,1130.6641,65.7,4349,4898.34,248.8,-4649.5,11988.92,19822.93,0.41,E,65.7,,GIE AGSI+ API v013
EU,2020-05-09,EU,eu,748.4553,1130.6641,66.2,4349,5647.14,115.7,-5531.5,11988.45,19824.17,0.49,E,66.2,,GIE AGSI+ API v013
EU,2020-05-10,EU,eu,753.1237,1130.6641,66.61,4349,5749.37,131.3,-5618,11987.89,19825.64,0.41,E,66.61,,GIE AGSI+ API v013
EU,2020-05-11,EU,eu,756.8306,1130.6337,66.94,4349,4190.19,556.1,-3634.1,11947.81,19826.5,0.33,E,66.94,,GIE AGSI+ API v013
EU,2020-05-12,EU,eu,758.4621,1130.6337,67.08,4349,2968.37,1333.9,-1634.4,11947.25,19832.98,0.14,E,67.08,,GIE AGSI+ API v013
EU,2020-05-13,EU,eu,760.6326,1130.6402,67.27,4349,3334.31,1149.8,-2184.5,11958.14,19833.27,0.19,E,67.27,,GIE AGSI+ API v013
EU,2020-05-14,EU,eu,763.0521,1130.6402,67.49,4349,3436.29,1002.8,-2433.5,11957.78,19834.22,0.21,E,67.49,,GIE AGSI+ API v013
EU,2020-05-15,EU,eu,765.7442,1130.6402,67.73,4349,3510.44,620.1,-2890.3,11957.47,19835.04,0.24,E,67.73,,GIE AGSI+ API v013
EU,2020-05-16,EU,eu,769.8684,1130.6402,68.09,4349,4387.03,329.5,-4057.6,12002.97,19823.37,0.36,E,68.09,,GIE AGSI+ API v013
EU,2020-05-17,EU,eu,774.4521,1130.6402,68.5,4349,4744.6,167.3,-4577.3,12002.48,19823.65,0.41,E,68.5,,GIE AGSI+ API v013
EU,2020-05-18,EU,eu,778.3039,1130.7276,68.83,4349,4097.02,269,-3828,11968.51,19840.92,0.34,E,68.83,,GIE AGSI+ API v013
EU,2020-05-19,EU,eu,781.6641,1130.7276,69.13,4349,3786.66,407.2,-3379.5,11967.97,19841.98,0.3,E,69.13,,GIE AGSI+ API v013
EU,2020-05-20,EU,eu,784.2667,1130.2573,69.39,4349,3966.83,261.6,-3705.2,11972.58,19843.75,0.23,E,69.39,,GIE AGSI+ API v013
EU,2020-05-21,EU,eu,788.4556,1130.2572,69.76,4349,4484.09,304.3,-4179.8,11972.31,19844.45,0.37,E,69.76,,GIE AGSI+ API v013
EU,2020-05-22,EU,eu,793.4565,1130.2572,70.2,4349,5311.82,257.8,-5054,11966.86,19849.65,0.44,E,70.2,,GIE AGSI+ API v013
EU,2020-05-23,EU,eu,798.3186,1130.4605,70.62,4349,5187.8,334.1,-4853.7,11991.44,19846.97,0.43,E,70.62,,GIE AGSI+ API v013
EU,2020-05-24,EU,eu,802.7048,1130.4605,71.01,4349,4611.7,452,-4159.7,11991.06,19851.94,0.39,E,71.01,,GIE AGSI+ API v013
EU,2020-05-25,EU,eu,806.4038,1130.3009,71.34,4349,4168.23,444.8,-3723.4,11988.16,19849.18,0.33,E,71.34,,GIE AGSI+ API v013
EU,2020-05-26,EU,eu,809.4891,1130.3009,71.62,4349,3443.95,390.7,-3053.2,11957.9,19849.68,0.27,E,71.62,,GIE AGSI+ API v013
EU,2020-05-27,EU,eu,811.7655,1130.3009,71.82,4349,3027.48,766.7,-2260.8,11957.61,19855.44,0.2,E,71.82,,GIE AGSI+ API v013
EU,2020-05-28,EU,eu,814.4393,1127.6069,72.23,4349,3112.2,674,-2438.2,11962.3,19856.18,0.24,E,72.23,,GIE AGSI+ API v013
EU,2020-05-29,EU,eu,817.2837,1127.6059,72.48,4349,3274.16,431,-2843.1,11961.93,19856.89,0.25,E,72.48,,GIE AGSI+ API v013
EU,2020-05-30,EU,eu,820.9301,1127.6052,72.8,4349,4070.07,248.3,-3821.7,11961.62,19852.78,0.32,E,72.8,,GIE AGSI+ API v013
EU,2020-05-31,EU,eu,824.7736,1127.6051,73.14,4349,4108.66,230.3,-3878.4,11961.27,19858.68,0.34,E,73.14,,GIE AGSI+ API v013
EU,2020-06-01,EU,eu,828.472,1128.9756,73.38,4349,4052.49,332.8,-3719.7,11991.08,19912.04,0.33,E,73.38,,GIE AGSI+ API v013
EU,2020-06-02,EU,eu,831.3015,1128.9756,73.63,4349,3162.27,305.9,-2856.4,11990.86,19912.62,0.25,E,73.63,,GIE AGSI+ API v013
EU,2020-06-03,EU,eu,834.1006,1128.9756,73.88,4349,3107.02,322.5,-2784.6,11990.4,19913.86,0.25,E,73.88,,GIE AGSI+ API v013
EU,2020-06-04,EU,eu,837.0602,1128.9756,74.14,4349,3324.19,363.6,-2960.6,11991.24,19912.62,0.26,E,74.14,,GIE AGSI+ API v013
EU,2020-06-05,EU,eu,840.0774,1129.3356,74.39,4349,3389.11,351.6,-3037.5,11990.58,19914.38,0.27,E,74.39,,GIE AGSI+ API v013
EU,2020-06-06,EU,eu,843.8851,1129.3356,74.72,4349,4028.46,217.1,-3811.4,12004.85,19913.31,0.34,E,74.72,,GIE AGSI+ API v013
EU,2020-06-07,EU,eu,847.7299,1129.3356,75.06,4349,4022.17,163.7,-3858.4,12004.03,19913.45,0.34,E,75.06,,GIE AGSI+ API v013
EU,2020-06-08,EU,eu,850.1192,1130.132,75.22,4349,3023.79,658.9,-2364.9,11977.73,19921.53,0.21,E,75.22,,GIE AGSI+ API v013
EU,2020-06-09,EU,eu,851.8144,1130.132,75.37,4349,2580.35,881.8,-1698.5,11977.28,19922.72,0.15,E,75.37,,GIE AGSI+ API v013
EU,2020-06-10,EU,eu,853.5921,1130.132,75.53,4349,2474.09,695,-1779.1,11976.93,19923.65,0.16,E,75.53,,GIE AGSI+ API v013
EU,2020-06-11,EU,eu,856.2025,1130.132,75.76,4349,3062.21,449.5,-2612.7,11976.69,19924.3,0.23,E,75.76,,GIE AGSI+ API v013
EU,2020-06-12,EU,eu,859.2267,1130.132,76.03,4349,3455.35,430.4,-3024.9,11976.34,19925.23,0.27,E,76.03,,GIE AGSI+ API v013
EU,2020-06-13,EU,eu,863.3108,1130.132,76.39,4349,4220.05,158.4,-4061.7,11975.82,19926.6,0.36,E,76.39,,GIE AGSI+ API v013
EU,2020-06-14,EU,eu,867.319,1130.132,76.74,4349,4196.48,200.7,-3995.8,11975.26,19928.08,0.35,E,76.74,,GIE AGSI+ API v013
EU,2020-06-15,EU,eu,869.5235,1130.0465,76.95,4349,3114.61,447.5,-2667.1,11973.39,19927.43,0.2,E,76.95,,GIE AGSI+ API v013
EU,2020-06-16,EU,eu,871.616,1130.0465,77.13,4349,2720.98,611.5,-2109.5,11972.97,19928.52,0.19,E,77.13,,GIE AGSI+ API v013
EU,2020-06-17,EU,eu,873.5957,1130.0724,77.3,4349,2630.24,642.6,-1987.6,11972.62,19929.45,0.18,E,77.3,,GIE AGSI+ API v013
EU,2020-06-18,EU,eu,875.9147,1130.0724,77.51,4349,2829.26,506.7,-2322.5,11972.36,19930.16,0.21,E,77.51,,GIE AGSI+ API v013
EU,2020-06-19,EU,eu,878.4603,1130.0724,77.73,4349,2945.27,401.4,-2543.9,11958.91,19931.32,0.23,E,77.73,,GIE AGSI+ API v013
EU,2020-06-20,EU,eu,882.2541,1130.0724,78.07,4349,4114.87,324.8,-3790.1,11958.49,19932.48,0.34,E,78.07,,GIE AGSI+ API v013
EU,2020-06-21,EU,eu,886.3549,1130.0724,78.43,4349,4344.02,256.2,-4087.8,11957.83,19934.17,0.36,E,78.43,,GIE AGSI+ API v013
EU,2020-06-22,EU,eu,889.3315,1130.1637,78.69,4349,3313.01,322.9,-2990.2,11979.57,19938.16,0.26,E,78.69,,GIE AGSI+ API v013
EU,2020-06-23,EU,eu,891.8868,1130.1633,78.92,4349,2908.86,369.6,-2539.2,11978.96,19939.64,0.23,E,78.92,,GIE AGSI+ API v013
EU,2020-06-24,EU,eu,894.2662,1130.163,79.13,4349,2755.12,368.7,-2386.4,11978.53,19940.7,0.21,E,79.13,,GIE AGSI+ API v013
EU,2020-06-25,EU,eu,896.6595,1130.1627,79.34,4349,2711.78,326.1,-2385.6,11978.11,19941.71,0.21,E,79.34,,GIE AGSI+ API v013
EU,2020-06-26,EU,eu,899.5159,1130.1624,79.59,4349,3059.13,218.1,-2841,11977.75,19942.66,0.25,E,79.59,,GIE AGSI+ API v013
EU,2020-06-27,EU,eu,903.3443,1130.1624,79.93,4349,3969.44,147.8,-3821.7,11977.29,19943.85,0.34,E,79.93,,GIE AGSI+ API v013
EU,2020-06-28,EU,eu,907.4189,1130.1624,80.29,4349,4187.95,116.4,-4071.6,11976.77,19945.23,0.36,E,80.29,,GIE AGSI+ API v013
EU,2020-06-29,EU,eu,910.2987,1130.1852,80.54,4349,3132.23,253.4,-2878.8,11976.59,19947.19,0.25,E,80.54,,GIE AGSI+ API v013
EU,2020-06-30,EU,eu,911.4124,1130.1852,80.64,4349,3088.56,352.2,-2736.3,12023.82,19870.36,0.1,E,80.64,,GIE AGSI+ API v013
EU,2020-07-01,EU,eu,914.889,1131.9852,80.82,4349,2534.33,518.4,-2016,11975.73,19949.47,0.31,E,80.82,,GIE AGSI+ API v013
EU,2020-07-02,EU,eu,917.0613,1131.9852,81.01,4349,2525.36,357.6,-2167.8,11975.28,19950.65,0.19,E,81.01,,GIE AGSI+ API v013
EU,2020-07-03,EU,eu,920.3976,1131.9852,81.31,4349,3275.36,257.7,-3017.6,11975.51,19950.06,0.29,E,81.31,,GIE AGSI+ API v013
EU,2020-07-04,EU,eu,924.6604,1131.9852,81.68,4349,4452.73,197.4,-4255.3,11975.32,19950.54,0.38,E,81.68,,GIE AGSI+ API v013
EU,2020-07-05,EU,eu,929.0343,1131.9852,82.07,4349,4587.64,206.2,-4381.5,11975.09,19951.15,0.39,E,82.07,,GIE AGSI+ API v013
EU,2020-07-06,EU,eu,931.395,1131.9586,82.28,4349,3272.05,714.9,-2557.2,12022.11,19951.14,0.21,E,82.28,,GIE AGSI+ API v013
EU,2020-07-07,EU,eu,932.8199,1131.9586,82.41,4349,2562,1128,-1433.9,12021.98,19951.45,0.13,E,82.41,,GIE AGSI+ API v013
EU,2020-07-08,EU,eu,933.9476,1131.9583,82.51,4349,2431.53,1319.8,-1111.7,12022.47,19950.08,0.1,E,82.51,,GIE AGSI+ API v013
EU,2020-07-09,EU,eu,935.1672,1131.9582,82.61,4349,2461.52,1232.4,-1229.1,12023.11,19948.39,0.11,E,82.61,,GIE AGSI+ API v013
EU,2020-07-10,EU,eu,937.2954,1131.9582,82.8,4349,2897.87,830.4,-2067.4,12023.5,19947.36,0.19,E,82.8,,GIE AGSI+ API v013
EU,2020-07-11,EU,eu,940.8834,1131.9582,83.12,4349,3783.69,166.2,-3617.5,12024.01,19946.01,0.32,E,83.12,,GIE AGSI+ API v013
EU,2020-07-12,EU,eu,945.0734,1131.9582,83.49,4349,4341,136.9,-4204.1,12024.56,19944.56,0.37,E,83.49,,GIE AGSI+ API v013
EU,2020-07-13,EU,eu,948.0108,1131.9182,83.75,4349,3210.74,303.9,-2906.8,12023.8,19943.95,0.26,E,83.75,,GIE AGSI+ API v013
EU,2020-07-14,EU,eu,948.903,1131.8042,83.84,4349,2463.22,1599.8,-863.4,12023.74,19944.09,0.08,E,83.84,,GIE AGSI+ API v013
EU,2020-07-15,EU,eu,948.5719,1131.8039,83.81,4349,2291.24,1879.1,-412.2,12023.65,19944.27,-0.03,E,83.81,,GIE AGSI+ API v013
EU,2020-07-16,EU,eu,949.3386,1131.8038,83.88,4349,2649.73,1874.3,-775.4,12024.07,19943.14,0.07,E,83.88,,GIE AGSI+ API v013
EU,2020-07-17,EU,eu,950.202,1131.8038,83.95,4349,2638.59,1791.5,-847.1,12024.6,19941.75,0.08,E,83.95,,GIE AGSI+ API v013
EU,2020-07-18,EU,eu,951.6459,1131.8038,84.08,4349,3043.81,1567.1,-1476.7,12042.7,19940.15,0.13,E,84.08,,GIE AGSI+ API v013
EU,2020-07-19,EU,eu,953.5801,1131.8038,84.25,4349,3291.39,1466.1,-1825.3,12043.34,19938.46,0.17,E,84.25,,GIE AGSI+ API v013
EU,2020-07-20,EU,eu,954.5264,1131.8418,84.33,4349,2597.73,1675.9,-921.8,12026.92,19938.1,0.08,E,84.33,,GIE AGSI+ API v013
EU,2020-07-21,EU,eu,954.8536,1131.8418,84.36,4349,2328.69,1959.9,-368.8,12027.37,19936.92,0.03,E,84.36,,GIE AGSI+ API v013
EU,2020-07-22,EU,eu,955.3475,1132.1708,84.38,4349,2370.18,1856,-514.2,12006.77,19935.86,0.04,E,84.38,,GIE AGSI+ API v013
EU,2020-07-23,EU,eu,955.8466,1132.1708,84.43,4349,2236.12,1768,-468.1,12007.14,19934.89,0.04,E,84.43,,GIE AGSI+ API v013
EU,2020-07-24,EU,eu,956.659,1132.1708,84.5,4349,2346.6,1531.7,-814.9,12007.49,19933.96,0.07,E,84.5,,GIE AGSI+ API v013
EU,2020-07-25,EU,eu,957.2475,1132.1708,84.55,4349,2938.15,1349.9,-1588.3,12025.14,19933.56,0.05,E,84.55,,GIE AGSI+ API v013
EU,2020-07-26,EU,eu,960.6865,1132.1708,84.85,4349,3877.66,441,-3436.6,12025.25,19728.6,0.3,E,84.85,,GIE AGSI+ API v013
EU,2020-07-27,EU,eu,963.0312,1132.2152,85.06,4349,2866.61,579.2,-2287.4,12008.74,19933.5,0.21,E,85.06,,GIE AGSI+ API v013
EU,2020-07-28,EU,eu,966.0989,1133.315,85.25,4349,2838.25,511.1,-2327.2,12008.31,19934.61,0.27,E,85.25,,GIE AGSI+ API v013
EU,2020-07-29,EU,eu,968.1498,1133.315,85.43,4349,2663.14,615.1,-2048.1,12007.91,19935.65,0.18,E,85.43,,GIE AGSI+ API v013
EU,2020-07-30,EU,eu,969.8782,1133.315,85.58,4349,2353.88,619.9,-1734,12007.53,19936.65,0.15,E,85.58,,GIE AGSI+ API v013
EU,2020-07-31,EU,eu,968.2178,1133.315,85.43,4349,2675.3,453.2,-2222.1,12007.17,19937.61,-0.15,E,85.43,,GIE AGSI+ API v013
EU,2020-08-01,EU,eu,974.3948,1133.84,85.94,4349,3402.81,280.7,-3122.2,12045.54,19938.65,0.54,E,85.94,,GIE AGSI+ API v013
EU,2020-08-02,EU,eu,977.6267,1133.84,86.22,4349,3516.19,281.4,-3234.7,12045.51,19938.71,0.29,E,86.22,,GIE AGSI+ API v013
EU,2020-08-03,EU,eu,979.7741,1133.7975,86.42,4349,2640.4,495,-2145.4,12027.33,19937.78,0.19,E,86.42,,GIE AGSI+ API v013
EU,2020-08-04,EU,eu,981.8453,1133.7975,86.6,4349,2739.03,672.6,-2066.4,12027.28,19937.92,0.18,E,86.6,,GIE AGSI+ API v013
EU,2020-08-05,EU,eu,983.6366,1133.7975,86.76,4349,3063.14,621,-2442.2,12027.27,19937.93,0.16,E,86.76,,GIE AGSI+ API v013
EU,2020-08-06,EU,eu,985.7305,1133.7973,86.94,4349,2738.75,662.2,-2076.5,12027.4,19937.53,0.18,E,86.94,,GIE AGSI+ API v013
EU,2020-08-07,EU,eu,988.1902,1133.802,87.16,4349,2990.74,575.4,-2415.4,12027.63,19936.89,0.22,E,87.16,,GIE AGSI+ API v013
EU,2020-08-08,EU,eu,991.5143,1133.8019,87.45,4349,3695.86,312.9,-3383,12045.41,19936.16,0.29,E,87.45,,GIE AGSI+ API v013
EU,2020-08-09,EU,eu,995.1531,1133.8019,87.77,4349,3869,239.3,-3629.7,12045.57,19935.74,0.32,E,87.77,,GIE AGSI+ API v013
EU,2020-08-10,EU,eu,996.5017,1133.8966,87.88,4349,2909.38,361.8,-2547.6,12029.47,19938.13,0.12,E,87.88,,GIE AGSI+ API v013
EU,2020-08-11,EU,eu,999.1492,1133.8966,88.12,4349,2596.57,640,-1956.6,12029.24,19938.73,0.23,E,88.12,,GIE AGSI+ API v013
EU,2020-08-12,EU,eu,1001.2839,1133.8966,88.3,4349,2645.51,522.2,-2123.3,12029.17,19938.9,0.19,E,88.3,,GIE AGSI+ API v013
EU,2020-08-13,EU,eu,1003.3717,1133.8966,88.49,4349,2908.53,706.2,-2202.3,12052.48,19938.08,0.18,E,88.49,,GIE AGSI+ API v013
EU,2020-08-14,EU,eu,1005.9104,1133.8966,88.71,4349,3149.41,424.9,-2724.5,12052.82,19937.19,0.22,E,88.71,,GIE AGSI+ API v013
EU,2020-08-15,EU,eu,1008.992,1133.8966,88.98,4349,3461.45,336.3,-3125.1,12043.2,19936.2,0.27,E,88.98,,GIE AGSI+ API v013
EU,2020-08-16,EU,eu,1012.2902,1133.8999,89.28,4349,3560.09,271.9,-3288.2,12043.33,19935.84,0.29,E,89.28,,GIE AGSI+ API v013
EU,2020-08-17,EU,eu,1014.672,1133.8425,89.49,4349,2848.97,496.9,-2352,12041.03,19932.5,0.21,E,89.49,,GIE AGSI+ API v013
EU,2020-08-18,EU,eu,1016.7926,1133.8425,89.68,4349,2682,555.4,-2126.6,12041.03,19932.49,0.19,E,89.68,,GIE AGSI+ API v013
EU,2020-08-19,EU,eu,1018.8419,1133.8425,89.86,4349,2748.54,641.7,-2106.8,12041.17,19932.12,0.18,E,89.86,,GIE AGSI+ API v013
EU,2020-08-20,EU,eu,1020.8104,1133.8425,90.03,4349,2700.07,594.1,-2106,12041.45,19931.38,0.17,E,90.03,,GIE AGSI+ API v013
EU,2020-08-21,EU,eu,1023.4872,1133.8425,90.27,4349,3197.98,528,-2670,12041.89,19930.21,0.24,E,90.27,,GIE AGSI+ API v013
EU,2020-08-22,EU,eu,1026.8716,1133.8425,90.57,4349,3713.06,245.7,-3467.4,12042.3,19929.14,0.3,E,90.57,,GIE AGSI+ API v013
EU,2020-08-23,EU,eu,1030.1421,1133.8425,90.85,4349,3663.8,425.6,-3238.2,12042.61,19928.3,0.29,E,90.85,,GIE AGSI+ API v013
EU,2020-08-24,EU,eu,1031.4799,1133.9254,90.97,4349,2386.5,1018.8,-1367.7,12043.21,19928.71,0.12,E,90.97,,GIE AGSI+ API v013
EU,2020-08-25,EU,eu,1033.0561,1133.9254,91.1,4349,2356.88,776.9,-1580,12043.37,19928.29,0.14,E,91.1,,GIE AGSI+ API v013
EU,2020-08-26,EU,eu,1034.4057,1133.9254,91.22,4349,2439.06,902.6,-1536.5,12043.74,19927.32,0.12,E,91.22,,GIE AGSI+ API v013
EU,2020-08-27,EU,eu,1035.0896,1133.9254,91.28,4349,1837.17,1145.9,-691.3,12044.17,19926.19,0.06,E,91.28,,GIE AGSI+ API v013
EU,2020-08-28,EU,eu,1034.6344,1134.3011,91.21,4349,2334.24,1121.4,-1212.9,12044.61,19925.02,-0.04,E,91.21,,GIE AGSI+ API v013
EU,2020-08-29,EU,eu,1036.1598,1134.3511,91.34,4349,2647.38,1009.6,-1637.8,12045.24,19923.34,0.13,E,91.34,,GIE AGSI+ API v013
EU,2020-08-30,EU,eu,1037.8369,1134.3511,91.49,4349,2645.96,1056.9,-1589.1,12040.72,19922.08,0.15,E,91.49,,GIE AGSI+ API v013
EU,2020-08-31,EU,eu,1035.1478,1134.4931,91.24,4349,1967.37,1594.2,-373.1,12040.76,19920.22,-0.24,E,91.24,,GIE AGSI+ API v013
EU,2020-09-01,EU,eu,1035.3501,1134.8259,91.23,4349,1868.93,929.9,-939,12028.3,19919.76,0.02,E,91.23,,GIE AGSI+ API v013
EU,2020-09-02,EU,eu,1038.3836,1134.8259,91.5,4349,2004.46,789.4,-1215.1,12028.91,19918.16,0.27,E,91.5,,GIE AGSI+ API v013
EU,2020-09-03,EU,eu,1040.0678,1134.8259,91.65,4349,2053.75,390.9,-1662.9,12016.17,19917.36,0.15,E,91.65,,GIE AGSI+ API v013
EU,2020-09-04,EU,eu,1041.7917,1134.8259,91.8,4349,2171.39,448.2,-1723.2,12015.9,19918.08,0.15,E,91.8,,GIE AGSI+ API v013
EU,2020-09-05,EU,eu,1044.5213,1134.8259,92.04,4349,3049.43,212.6,-2836.8,12015.82,19918.29,0.24,E,92.04,,GIE AGSI+ API v013
EU,2020-09-06,EU,eu,1047.1305,1134.8259,92.27,4349,2871.01,255.1,-2615.9,12015.4,19919.4,0.23,E,92.27,,GIE AGSI+ API v013
EU,2020-09-07,EU,eu,1048.4508,1134.8373,92.39,4349,1999.44,659.4,-1340,12014.41,19919.53,0.12,E,92.39,,GIE AGSI+ API v013
EU,2020-09-08,EU,eu,1049.6973,1134.8373,92.5,4349,2054.18,670.3,-1383.9,12014.02,19920.58,0.11,E,92.5,,GIE AGSI+ API v013
EU,2020-09-09,EU,eu,1051.1459,1134.8373,92.63,4349,2100.03,677.8,-1422.2,12013.8,19921.14,0.13,E,92.63,,GIE AGSI+ API v013
EU,2020-09-10,EU,eu,1052.3105,1134.8873,92.72,4349,1976.43,813.8,-1162.7,12013.62,19921.62,0.1,E,92.72,,GIE AGSI+ API v013
EU,2020-09-11,EU,eu,1053.9484,1134.8873,92.87,4349,2049.84,434.8,-1615,12013.21,19922.71,0.14,E,92.87,,GIE AGSI+ API v013
EU,2020-09-12,EU,eu,1056.903,1134.8873,93.13,4349,3203.85,164.9,-3038.9,12013.55,19921.8,0.26,E,93.13,,GIE AGSI+ API v013
EU,2020-09-13,EU,eu,1059.9492,1134.8873,93.4,4349,3157.84,127.2,-3030.7,12012.51,19924.57,0.27,E,93.4,,GIE AGSI+ API v013
EU,2020-09-14,EU,eu,1061.4875,1135.0093,93.52,4349,2025.88,495,-1530.9,12012.4,19928.81,0.14,E,93.52,,GIE AGSI+ API v013
EU,2020-09-15,EU,eu,1062.7098,1135.0093,93.63,4349,1693.3,535.7,-1157.6,12012.17,19929.41,0.11,E,93.63,,GIE AGSI+ API v013
EU,2020-09-16,EU,eu,1063.8505,1135.0093,93.73,4349,1658.13,444.6,-1213.5,12011.73,19930.59,0.1,E,93.73,,GIE AGSI+ API v013
EU,2020-09-17,EU,eu,1063.4467,1135.0093,93.69,4349,1809.12,362.7,-1446.4,12011.33,19931.66,-0.04,E,93.69,,GIE AGSI+ API v013
EU,2020-09-18,EU,eu,1065.0621,1135.0093,93.84,4349,1966.62,345.2,-1621.4,12011.01,19932.48,0.14,E,93.84,,GIE AGSI+ API v013
EU,2020-09-19,EU,eu,1067.2275,1135.0093,94.03,4349,2554.41,193.6,-2360.8,12010.65,19933.46,0.19,E,94.03,,GIE AGSI+ API v013
EU,2020-09-20,EU,eu,1069.4611,1135.0093,94.22,4349,2366.61,190.2,-2176.4,12010.21,19934.59,0.2,E,94.22,,GIE AGSI+ API v013
EU,2020-09-21,EU,eu,1070.4003,1135.0016,94.31,4349,1659.8,861.6,-798.2,12009.71,19935.43,0.08,E,94.31,,GIE AGSI+ API v013
EU,2020-09-22,EU,eu,1071.3425,1135.0016,94.39,4349,1620.72,470,-1150.7,11622.62,19241.47,0.08,E,94.39,,GIE AGSI+ API v013
EU,2020-09-23,EU,eu,1072.3628,1135.0014,94.48,4349,1548.68,575.8,-972.9,11646.61,19327.14,0.09,E,94.48,,GIE AGSI+ API v013
EU,2020-09-24,EU,eu,1073.7495,1135.0013,94.6,4349,2062.94,678.2,-1384.7,11646.61,19327.13,0.12,E,94.6,,GIE AGSI+ API v013
EU,2020-09-25,EU,eu,1075.0633,1135.0013,94.72,4349,2072.83,762.1,-1310.7,12008.98,19937.28,0.12,E,94.72,,GIE AGSI+ API v013
EU,2020-09-26,EU,eu,1076.6648,1135.0013,94.86,4349,2192.11,589.2,-1602.9,12008.96,19937.33,0.14,E,94.86,,GIE AGSI+ API v013
EU,2020-09-27,EU,eu,1078.0181,1135.0063,94.98,4349,2079.99,716.7,-1363.3,12008.56,19938.39,0.12,E,94.98,,GIE AGSI+ API v013
EU,2020-09-28,EU,eu,1077.4019,1135.0546,94.92,4349,1134.89,1727.9,593,12008.9,19940.59,-0.05,E,94.92,,GIE AGSI+ API v013
EU,2020-09-29,EU,eu,1076.9034,1135.0563,94.88,4349,1276.12,1554.5,278.4,12009.12,19940.01,-0.04,E,94.88,,GIE AGSI+ API v013
EU,2020-09-30,EU,eu,1075.7962,1135.0563,94.78,4349,1290.5,1852.7,562.1,11985.54,19966.92,-0.1,E,94.78,,GIE AGSI+ API v013
EU,2020-10-01,EU,eu,1076.1302,1134.9963,94.81,4349,1235.63,777,-458.6,11985.32,19967.5,0.03,E,94.81,,GIE AGSI+ API v013
EU,2020-10-02,EU,eu,1077.7767,1134.9963,94.96,4349,1725.32,424.9,-1300.4,12009.4,19921.44,0.15,E,94.96,,GIE AGSI+ API v013
EU,2020-10-03,EU,eu,1080.0721,1134.9963,95.16,4349,2711.81,379,-2332.9,12008.84,19855.09,0.2,E,95.16,,GIE AGSI+ API v013
EU,2020-10-04,EU,eu,1082.5286,1134.9963,95.38,4349,2794.68,358.6,-2436,12008.1,19816.88,0.22,E,95.38,,GIE AGSI+ API v013
EU,2020-10-05,EU,eu,1083.15,1134.9693,95.43,4349,1289.84,677.2,-612.6,12006.76,19886.53,0.05,E,95.43,,GIE AGSI+ API v013
EU,2020-10-06,EU,eu,1083.8886,1135.009,95.5,4349,1227.99,487.6,-740.4,12006.33,19887.66,0.07,E,95.5,,GIE AGSI+ API v013
EU,2020-10-07,EU,eu,1084.385,1135.009,95.54,4349,1151.21,659.7,-491.6,12005.95,19888.66,0.04,E,95.54,,GIE AGSI+ API v013
EU,2020-10-08,EU,eu,1084.8765,1135.009,95.58,4349,1060.41,459.7,-600.7,12005.74,19889.21,0.04,E,95.58,,GIE AGSI+ API v013
EU,2020-10-09,EU,eu,1085.5221,1135.009,95.64,4349,1121.22,487.8,-633.5,12005.46,19889.96,0.06,E,95.64,,GIE AGSI+ API v013
EU,2020-10-10,EU,eu,1088.1709,1135.009,95.87,4349,2174.64,227.2,-1947.5,12005,19891.16,0.23,E,95.87,,GIE AGSI+ API v013
EU,2020-10-11,EU,eu,1089.3375,1135.7275,95.92,4349,1737.51,416.8,-1320.7,12004.49,19941.21,0.1,E,95.92,,GIE AGSI+ API v013
EU,2020-10-12,EU,eu,1088.6767,1135.6966,95.86,4349,679.52,1385.8,706.3,12003.48,19999.9,-0.06,E,95.86,,GIE AGSI+ API v013
EU,2020-10-13,EU,eu,1087.4478,1138.1966,95.54,4349,506.2,1700.4,1194.2,12003.11,20000.88,-0.11,E,95.54,,GIE AGSI+ API v013
EU,2020-10-14,EU,eu,1086.1493,1138.1966,95.43,4349,495.5,1882.4,1386.9,12003.17,20000.72,-0.11,E,95.43,,GIE AGSI+ API v013
EU,2020-10-15,EU,eu,1084.2949,1138.1966,95.26,4349,424.99,2268.7,1843.7,11898.14,20246.8,-0.16,E,95.26,,GIE AGSI+ API v013
EU,2020-10-16,EU,eu,1082.3353,1138.1966,95.09,4349,320.13,2274,1953.9,11898.49,20245.87,-0.17,E,95.09,,GIE AGSI+ API v013
EU,2020-10-17,EU,eu,1079.7627,1138.1966,94.87,4349,511.01,1531.6,1020.6,11899.33,20243.67,-0.23,E,94.87,,GIE AGSI+ API v013
EU,2020-10-18,EU,eu,1080.9761,1138.1966,94.97,4349,696.28,989.8,293.5,11899.75,20242.54,0.11,E,94.97,,GIE AGSI+ API v013
EU,2020-10-19,EU,eu,1079.5377,1138.1136,94.85,4349,504.72,1927.4,1422.7,11874.75,20239.86,-0.13,E,94.85,,GIE AGSI+ API v013
EU,2020-10-20,EU,eu,1078.521,1138.1136,94.76,4349,580.4,1586.6,1006.2,11875.34,20238.29,-0.09,E,94.76,,GIE AGSI+ API v013
EU,2020-10-21,EU,eu,1078.0575,1138.1136,94.72,4349,594.57,1065.7,471.1,11900.07,20236.36,-0.04,E,94.72,,GIE AGSI+ API v013
EU,2020-10-22,EU,eu,1077.472,1138.1136,94.67,4349,561.91,1148.6,586.7,11900.06,20236.4,-0.05,E,94.67,,GIE AGSI+ API v013
EU,2020-10-23,EU,eu,1076.9835,1138.1136,94.63,4349,665.03,1160,495,11941.15,20582.77,-0.04,E,94.63,,GIE AGSI+ API v013
EU,2020-10-24,EU,eu,1078.3696,1139.099,94.67,4349,1908.09,523.3,-1384.8,12117.31,20805.08,0.12,E,94.67,,GIE AGSI+ API v013
EU,2020-10-25,EU,eu,1079.6235,1138.1136,94.86,4349,1863.51,489.3,-1374.2,11942.02,20598.32,0.11,E,94.86,,GIE AGSI+ API v013
EU,2020-10-26,EU,eu,1079.4882,1138.1136,94.85,4349,626.43,1097.6,471.2,11941.79,20619.94,-0.01,E,94.85,,GIE AGSI+ API v013
EU,2020-10-27,EU,eu,1077.7706,1138.1136,94.7,4349,343.4,2041.1,1697.7,11941.87,20619.73,-0.15,E,94.7,,GIE AGSI+ API v013
EU,2020-10-28,EU,eu,1076.8633,1138.1136,94.62,4349,394.96,1276.2,881.3,11942.71,20617.51,-0.08,E,94.62,,GIE AGSI+ API v013
EU,2020-10-29,EU,eu,1075.8781,1137.6136,94.57,4349,419.47,1391.3,971.8,11918.81,20617.23,-0.09,E,94.57,,GIE AGSI+ API v013
EU,2020-10-30,EU,eu,1076.3161,1137.6136,94.61,4349,595.56,805.5,209.9,11918.8,20646.27,0.04,E,94.61,,GIE AGSI+ API v013
EU,2020-10-31,EU,eu,1077.5593,1137.6136,94.72,4349,2036.98,380,-1657,11918.77,20646.34,0.11,E,94.72,,GIE AGSI+ API v013
EU,2020-11-01,EU,eu,1079.6009,1135.5046,95.08,4349,2266.08,748,-1518.1,11968.02,20652.14,0.18,E,95.08,,GIE AGSI+ API v013
EU,2020-11-02,EU,eu,1080.2665,1135.5546,95.13,4349,1807.14,1184.1,-623.1,11967.2,20654.28,0.06,E,95.13,,GIE AGSI+ API v013
EU,2020-11-03,EU,eu,1079.1693,1135.5546,95.03,4349,574.17,1649.7,1075.6,11966.48,20656.2,-0.1,E,95.03,,GIE AGSI+ API v013
EU,2020-11-04,EU,eu,1077.0668,1135.5546,94.85,4349,308.5,2359,2050.5,11966.11,20657.16,-0.19,E,94.85,,GIE AGSI+ API v013
EU,2020-11-05,EU,eu,1074.6716,1135.5546,94.64,4349,307.35,2686.5,2379.2,11965.99,20685.49,-0.21,E,94.64,,GIE AGSI+ API v013
EU,2020-11-06,EU,eu,1073.0243,1135.5546,94.49,4349,490.32,2114,1623.7,11966.29,20684.7,-0.15,E,94.49,,GIE AGSI+ API v013
EU,2020-11-07,EU,eu,1072.3949,1135.5546,94.44,4349,630.63,1263.6,632.9,11966.41,20684.37,-0.06,E,94.44,,GIE AGSI+ API v013
EU,2020-11-08,EU,eu,1072.1488,1135.5546,94.42,4349,779.11,1025,245.9,11966.46,20684.24,-0.02,E,94.42,,GIE AGSI+ API v013
EU,2020-11-09,EU,eu,1070.0663,1135.5546,94.23,4349,352.72,2543.7,2191,11966.4,20644.41,-0.18,E,94.23,,GIE AGSI+ API v013
EU,2020-11-10,EU,eu,1067.0249,1135.5495,93.97,4349,227.63,3087.7,2860.1,11966.6,20643.67,-0.27,E,93.97,,GIE AGSI+ API v013
EU,2020-11-11,EU,eu,1064.8264,1135.5495,93.77,4349,340.06,2535.5,2195.4,11967.34,20641.72,-0.19,E,93.77,,GIE AGSI+ API v013
EU,2020-11-12,EU,eu,1062.638,1135.5495,93.58,4349,353.3,2550.7,2197.4,11967.46,20641.41,-0.19,E,93.58,,GIE AGSI+ API v013
EU,2020-11-13,EU,eu,1060.5728,1135.5495,93.4,4349,347.41,2414.3,2066.9,11967.58,20641.08,-0.18,E,93.4,,GIE AGSI+ API v013
EU,2020-11-14,EU,eu,1060.414,1135.5495,93.38,4349,1221.56,1380.2,158.6,11967.68,20640.82,-0.01,E,93.38,,GIE AGSI+ API v013
EU,2020-11-15,EU,eu,1060.7559,1135.5495,93.41,4349,1491.12,1182.4,-308.7,11967.73,20640.69,0.03,E,93.41,,GIE AGSI+ API v013
EU,2020-11-16,EU,eu,1059.1473,1135.5495,93.27,4349,456.1,2079.7,1623.6,11943.42,20641.51,-0.14,E,93.27,,GIE AGSI+ API v013
EU,2020-11-17,EU,eu,1057.3976,1135.5495,93.12,4349,492.87,2246.7,1753.8,11943.32,20556.08,-0.15,E,93.12,,GIE AGSI+ API v013
EU,2020-11-18,EU,eu,1056.1233,1135.5495,93.01,4349,883.33,2158.4,1275.1,11943.33,20556.05,-0.11,E,93.01,,GIE AGSI+ API v013
EU,2020-11-19,EU,eu,1053.8632,1135.5495,92.81,4349,495.56,2781.1,2285.5,11943.17,20556.48,-0.2,E,92.81,,GIE AGSI+ API v013
EU,2020-11-20,EU,eu,1050.3908,1135.5495,92.5,4349,446.55,3851.9,3405.4,11967.23,20641.99,-0.31,E,92.5,,GIE AGSI+ API v013
EU,2020-11-21,EU,eu,1048.1,1135.5495,92.3,4349,600.18,2878.6,2278.5,11967.54,20681.19,-0.2,E,92.3,,GIE AGSI+ API v013
EU,2020-11-22,EU,eu,1045.4507,1135.5495,92.07,4349,511.36,3133.5,2622.2,11967.61,20681.01,-0.23,E,92.07,,GIE AGSI+ API v013
EU,2020-11-23,EU,eu,1041.4326,1135.5495,91.71,4349,254.71,4235.7,3981,11967.75,20680.64,-0.35,E,91.71,,GIE AGSI+ API v013
EU,2020-11-24,EU,eu,1036.9906,1135.5495,91.32,4349,278.64,4692.6,4413.9,11967.68,20680.83,-0.39,E,91.32,,GIE AGSI+ API v013
EU,2020-11-25,EU,eu,1031.58,1135.5495,90.84,4349,150.14,5540.2,5390,11968.02,20679.91,-0.48,E,90.84,,GIE AGSI+ API v013
EU,2020-11-26,EU,eu,1025.692,1135.5495,90.33,4349,122.59,5995.7,5873.1,11968.68,20678.19,-0.52,E,90.33,,GIE AGSI+ API v013
EU,2020-11-27,EU,eu,1019.7617,1135.5495,89.8,4349,190.43,6109.1,5918.7,11969.77,20675.31,-0.52,E,89.8,,GIE AGSI+ API v013
EU,2020-11-28,EU,eu,1014.8239,1135.5495,89.37,4349,244.52,5038.2,4793.7,11975.6,20673.22,-0.43,E,89.37,,GIE AGSI+ API v013
EU,2020-11-29,EU,eu,1009.8108,1135.5495,88.93,4349,452.37,5446.5,4994.1,11976.38,20670.15,-0.44,E,88.93,,GIE AGSI+ API v013
EU,2020-11-30,EU,eu,1003.6207,1135.5495,88.38,4349,353.88,7159.9,6806,11977.17,20667.06,-0.55,E,88.38,,GIE AGSI+ API v013
EU,2020-12-01,EU,eu,997.0613,1135.8905,87.78,4349,203.24,7454.3,7251.1,11977.11,20539.22,-0.58,E,87.78,,GIE AGSI+ API v013
EU,2020-12-02,EU,eu,989.4642,1135.8905,87.11,4349,223.22,7838.7,7615.5,11978.05,20536.75,-0.67,E,87.11,,GIE AGSI+ API v013
EU,2020-12-03,EU,eu,982.0512,1135.8905,86.46,4349,221.7,7546.8,7325.1,11978.83,20534.68,-0.65,E,86.46,,GIE AGSI+ API v013
EU,2020-12-04,EU,eu,975.3924,1135.8905,85.87,4349,283.94,6932.7,6648.7,11979.75,20532.26,-0.59,E,85.87,,GIE AGSI+ API v013
EU,2020-12-05,EU,eu,970.4564,1135.8905,85.44,4349,488.61,5706.4,5217.8,11980.97,20529.02,-0.43,E,85.44,,GIE AGSI+ API v013
EU,2020-12-06,EU,eu,965.4959,1135.8905,85,4349,496.66,5429.8,4933.2,11982.21,20525.75,-0.44,E,85,,GIE AGSI+ API v013
EU,2020-12-07,EU,eu,958.7017,1135.8905,84.4,4349,280.72,7036.4,6755.7,12016.27,20517.94,-0.6,E,84.4,,GIE AGSI+ API v013
EU,2020-12-08,EU,eu,952.3295,1135.8905,83.84,4349,243.72,6595.8,6352.1,12017.36,20515.08,-0.56,E,83.84,,GIE AGSI+ API v013
EU,2020-12-09,EU,eu,944.3071,1135.8905,83.13,4349,177.56,7805.3,7627.8,12018.37,20512.42,-0.71,E,83.13,,GIE AGSI+ API v013
EU,2020-12-10,EU,eu,936.9971,1135.8905,82.49,4349,232.57,7796.8,7564.2,12019.52,20509.37,-0.64,E,82.49,,GIE AGSI+ API v013
EU,2020-12-11,EU,eu,930.157,1135.8905,81.89,4349,228.7,7049.5,6820.8,12020.71,20605.24,-0.6,E,81.89,,GIE AGSI+ API v013
EU,2020-12-12,EU,eu,924.9929,1135.8905,81.43,4349,380.19,5535.1,5154.9,12022.07,20587.35,-0.45,E,81.43,,GIE AGSI+ API v013
EU,2020-12-13,EU,eu,920.8906,1135.8905,81.07,4349,610.82,4706,4095.2,12028.52,20585.37,-0.36,E,81.07,,GIE AGSI+ API v013
EU,2020-12-14,EU,eu,915.8699,1136.0368,80.62,4349,289.3,5436.3,5147,12023.65,20587.19,-0.44,E,80.62,,GIE AGSI+ API v013
EU,2020-12-15,EU,eu,910.2929,1135.0085,80.2,4349,326.85,5488.2,5161.4,12024.53,20584.86,-0.49,E,80.2,,GIE AGSI+ API v013
EU,2020-12-16,EU,eu,905.252,1135.0849,79.75,4349,309.82,5235.2,4925.4,12025.55,20582.16,-0.44,E,79.75,,GIE AGSI+ API v013
EU,2020-12-17,EU,eu,900.4851,1135.0849,79.33,4349,334.31,5095,4760.6,12026.9,20578.6,-0.42,E,79.33,,GIE AGSI+ API v013
EU,2020-12-18,EU,eu,896.3221,1135.0849,78.97,4349,674.33,4853.3,4179,12022.77,20576.32,-0.37,E,78.97,,GIE AGSI+ API v013
EU,2020-12-19,EU,eu,893.5449,1135.0849,78.72,4349,982.79,3769.6,2786.8,12023.91,20590.57,-0.24,E,78.72,,GIE AGSI+ API v013
EU,2020-12-20,EU,eu,890.3934,1135.0849,78.44,4349,853.83,4001.1,3147.3,12024.53,20588.94,-0.28,E,78.44,,GIE AGSI+ API v013
EU,2020-12-21,EU,eu,885.9878,1135.0849,78.05,4349,491.82,4918.2,4426.4,12005.05,20587.58,-0.39,E,78.05,,GIE AGSI+ API v013
EU,2020-12-22,EU,eu,882.2674,1135.0849,77.73,4349,562.07,4303.9,3741.8,12005.89,20585.36,-0.33,E,77.73,,GIE AGSI+ API v013
EU,2020-12-23,EU,eu,879.717,1135.0085,77.51,4349,913.44,3584.3,2670.8,12012.59,20583.5,-0.22,E,77.51,,GIE AGSI+ API v013
EU,2020-12-24,EU,eu,877.4457,1135.0849,77.3,4349,803.05,2963.7,2160.7,12012.76,20580.67,-0.2,E,77.3,,GIE AGSI+ API v013
EU,2020-12-25,EU,eu,874.137,1135.0849,77.01,4349,745.88,3557.1,2811.2,12005.8,20578.45,-0.29,E,77.01,,GIE AGSI+ API v013
EU,2020-12-26,EU,eu,870.8091,1135.0849,76.72,4349,756.96,4091.3,3334.4,12006.47,20576.72,-0.29,E,76.72,,GIE AGSI+ API v013
EU,2020-12-27,EU,eu,866.5272,1135.0849,76.34,4349,459.63,4730.4,4270.8,12007.31,20574.53,-0.38,E,76.34,,GIE AGSI+ API v013
EU,2020-12-28,EU,eu,860.7284,1135.0849,75.83,4349,307.85,6084.9,5777.1,12008.16,20572.24,-0.51,E,75.83,,GIE AGSI+ API v013
EU,2020-12-29,EU,eu,854.8547,1135.0849,75.31,4349,297.79,6034.8,5737,11995.35,20573.71,-0.52,E,75.31,,GIE AGSI+ API v013
EU,2020-12-30,EU,eu,848.9146,1135.0849,74.79,4349,283.73,6271.8,5988.1,11996.29,20571.24,-0.52,E,74.79,,GIE AGSI+ API v013
EU,2020-12-31,EU,eu,830.2783,1119.9887,74.13,3619,395.97,5502.3,5106.3,11188.22,19597.29,-1.66,E,74.13,,GIE AGSI+ API v013
EU,2021-01-01,EU,eu,825.9856,1119.9887,73.75,3776,431.54,5711,5279.5,11189.49,19574.66,0,E,73.75,88.06,GIE AGSI+ API v013
EU,2021-01-02,EU,eu,820.0704,1120.011,73.22,3776,299.7,6298.4,5998.7,11190.67,19572.32,-0.53,E,73.22,87.59,GIE AGSI+ API v013
EU,2021-01-03,EU,eu,813.714,1120.011,72.65,3776,262.76,6551.3,6288.5,11191.23,19570.84,-0.57,E,72.65,87.19,GIE AGSI+ API v013
EU,2021-01-04,EU,eu,805.1843,1120.011,71.89,3776,167.23,8689.8,8522.5,11191.92,19569.02,-0.76,E,71.89,86.81,GIE AGSI+ API v013
EU,2021-01-05,EU,eu,795.9524,1120.011,71.07,3776,139.01,9296.5,9157.5,11192.79,19566.7,-0.82,E,71.07,86.42,GIE AGSI+ API v013
EU,2021-01-06,EU,eu,787.1214,1120.011,70.28,3776,162.83,9379.2,9216.4,11193.72,19554.64,-0.79,E,70.28,85.9,GIE AGSI+ API v013
EU,2021-01-07,EU,eu,777.2378,1120.011,69.4,3776,149.65,9936.1,9786.4,11194.65,19425.81,-0.88,E,69.4,85.33,GIE AGSI+ API v013
EU,2021-01-08,EU,eu,767.2417,1120.011,68.5,3776,120.83,10006.9,9886,11195.22,19560.29,-0.89,E,68.5,84.8,GIE AGSI+ API v013
EU,2021-01-09,EU,eu,758.4266,1120.011,67.72,3776,161.26,8956.6,8795.4,11196.12,19557.92,-0.79,E,67.72,84.3,GIE AGSI+ API v013
EU,2021-01-10,EU,eu,749.8406,1120.011,66.95,3776,200.38,8737.5,8537.1,11197.06,19555.44,-0.77,E,66.95,83.88,GIE AGSI+ API v013
EU,2021-01-11,EU,eu,739.7254,1120.011,66.05,3776,112.48,10236.6,10124.1,11197.93,19553.14,-0.9,E,66.05,83.45,GIE AGSI+ API v013
EU,2021-01-12,EU,eu,729.9468,1120.011,65.17,3776,117.38,9904.2,9786.9,11198.87,19550.65,-0.87,E,65.17,83.03,GIE AGSI+ API v013
EU,2021-01-13,EU,eu,720.5865,1120.011,64.34,3776,227.26,9860.9,9633.7,11199.83,19533.12,-0.84,E,64.34,82.53,GIE AGSI+ API v013
EU,2021-01-14,EU,eu,710.5084,1120.011,63.44,3776,133.07,10179.5,10046.4,11201.02,19529.98,-0.9,E,63.44,82,GIE AGSI+ API v013
EU,2021-01-15,EU,eu,699.7224,1120.011,62.47,3776,149.33,10871.1,10721.8,11249.06,19526.71,-0.96,E,62.47,81.47,GIE AGSI+ API v013
EU,2021-01-16,EU,eu,690.1831,1120.011,61.62,3776,180.83,9692.8,9512,11250.3,19523.44,-0.85,E,61.62,80.92,GIE AGSI+ API v013
EU,2021-01-17,EU,eu,681.0721,1120.011,60.81,3776,255.84,9283.4,9027.5,11251.51,19520.22,-0.81,E,60.81,80.36,GIE AGSI+ API v013
EU,2021-01-18,EU,eu,670.6721,1120.011,59.88,3776,134.22,10520.1,10385.9,11252.69,19516.94,-0.93,E,59.88,79.81,GIE AGSI+ API v013
EU,2021-01-19,EU,eu,661.575,1120.011,59.07,3776,196.42,9239.4,9043,11253.9,19513.93,-0.81,E,59.07,79.2,GIE AGSI+ API v013
EU,2021-01-20,EU,eu,654.1584,1120.011,58.41,3776,273.02,7638,7365,11255.04,19510.9,-0.66,E,58.41,78.52,GIE AGSI+ API v013
EU,2021-01-21,EU,eu,647.7463,1120.011,57.83,3776,628.26,7030.1,6401.8,11256.08,19488.17,-0.57,E,57.83,77.75,GIE AGSI+ API v013
EU,2021-01-22,EU,eu,641.0833,1120.011,57.24,3776,350.66,7201,6850.4,11257.21,19401.14,-0.59,E,57.24,76.99,GIE AGSI+ API v013
EU,2021-01-23,EU,eu,634.9859,1120.011,56.69,3776,410.97,6467.7,6056.7,11258.31,19257.35,-0.54,E,56.69,76.25,GIE AGSI+ API v013
EU,2021-01-24,EU,eu,628.6504,1120.011,56.13,3776,371.21,6858.3,6487.1,11259.03,19263.76,-0.57,E,56.13,75.51,GIE AGSI+ API v013
EU,2021-01-25,EU,eu,619.7549,1120.011,55.33,3776,164.31,9176.4,9012.1,11259.49,19280.54,-0.79,E,55.33,74.9,GIE AGSI+ API v013
EU,2021-01-26,EU,eu,611.0161,1120.011,54.55,3776,280.07,9016.3,8736.2,11260.12,19279.58,-0.78,E,54.55,74.38,GIE AGSI+ API v013
EU,2021-01-27,EU,eu,602.1993,1119.9029,53.77,3776,225.83,9011.6,8785.8,11261.31,19281.42,-0.79,E,53.77,73.77,GIE AGSI+ API v013
EU,2021-01-28,EU,eu,594.8405,1119.9029,53.12,3776,458.99,7888.8,7429.8,11261.97,19285.04,-0.66,E,53.12,73.04,GIE AGSI+ API v013
EU,2021-01-29,EU,eu,588.6843,1119.9029,52.57,3776,575.76,6728.2,6152.5,11262.62,19320.22,-0.55,E,52.57,72.4,GIE AGSI+ API v013
EU,2021-01-30,EU,eu,582.9579,1119.9029,52.05,3776,470.83,6356.2,5885.4,11263.16,19306.13,-0.51,E,52.05,71.97,GIE AGSI+ API v013
EU,2021-01-31,EU,eu,576.4815,1119.9029,51.48,3776,394.51,6770.9,6376.4,11263.84,19304.99,-0.58,E,51.48,71.47,GIE AGSI+ API v013
EU,2021-02-01,EU,eu,568.9971,1119.9029,50.81,3776,458.93,8414.9,7956,11264.56,19281.8,-0.67,E,50.81,71.29,GIE AGSI+ API v013
EU,2021-02-02,EU,eu,562.3215,1119.9029,50.21,3776,342.65,6979,6636.4,11265.23,19285.21,-0.6,E,50.21,71.09,GIE AGSI+ API v013
EU,2021-02-03,EU,eu,557.068,1119.9029,49.74,3776,482.54,5678.1,5195.6,11265.74,19284.36,-0.47,E,49.74,70.72,GIE AGSI+ API v013
EU,2021-02-04,EU,eu,551.3046,1119.9029,49.23,3776,396.66,6142.7,5746.1,11266.1,19296.45,-0.51,E,49.23,70.27,GIE AGSI+ API v013
EU,2021-02-05,EU,eu,545.9073,1119.9029,48.75,3776,438.78,5818.7,5379.9,11266.61,19310.96,-0.48,E,48.75,69.72,GIE AGSI+ API v013
EU,2021-02-06,EU,eu,541.4256,1119.9029,48.35,3776,588.33,5030.5,4442.2,11267.17,19354.85,-0.4,E,48.35,69.09,GIE AGSI+ API v013
EU,2021-02-07,EU,eu,535.4559,1119.9029,47.81,3776,337.22,6294.6,5957.4,11267.42,19354.38,-0.53,E,47.81,68.57,GIE AGSI+ API v013
EU,2021-02-08,EU,eu,526.163,1119.9029,46.98,3776,177.95,9440.3,9262.4,11267.78,19363.43,-0.83,E,46.98,68.17,GIE AGSI+ API v013
EU,2021-02-09,EU,eu,516.1888,1119.9029,46.09,3776,235.35,10160.3,9925,11268.45,19305.78,-0.89,E,46.09,67.89,GIE AGSI+ API v013
EU,2021-02-10,EU,eu,506.0321,1119.9028,45.19,3776,225.13,10336.4,10111.3,11248.77,19306.39,-0.91,E,45.19,67.55,GIE AGSI+ API v013
EU,2021-02-11,EU,eu,495.9929,1119.9028,44.29,3776,258.03,10287,10029,11249.59,19190.51,-0.9,E,44.29,67.17,GIE AGSI+ API v013
EU,2021-02-12,EU,eu,485.7231,1119.8263,43.37,3776,174.4,10394.3,10219.9,11249.42,19002.93,-0.92,E,43.37,66.59,GIE AGSI+ API v013
EU,2021-02-13,EU,eu,476.087,1119.8263,42.51,3776,172.07,9762.8,9590.8,11249.96,19023.8,-0.86,E,42.51,66.06,GIE AGSI+ API v013
EU,2021-02-14,EU,eu,467.4391,1119.8262,41.74,3776,204.71,8784.7,8580,11250.53,19022.88,-0.77,E,41.74,65.62,GIE AGSI+ API v013
EU,2021-02-15,EU,eu,458.5666,1119.8261,40.95,3776,212.73,9045,8832.3,11251.09,19024.36,-0.79,E,40.95,65.43,GIE AGSI+ API v013
EU,2021-02-16,EU,eu,451.8461,1119.8261,40.35,3776,241.52,6874,6632.5,11251.64,19039.07,-0.6,E,40.35,65.28,GIE AGSI+ API v013
EU,2021-02-17,EU,eu,446.5736,1119.7978,39.88,3776,342.99,5567.1,5224.1,11252.1,19078.01,-0.47,E,39.88,64.96,GIE AGSI+ API v013
EU,2021-02-18,EU,eu,441.5959,1119.7836,39.44,3776,252.15,5096.4,4844.2,11252.46,19081.61,-0.44,E,39.44,64.59,GIE AGSI+ API v013
EU,2021-02-19,EU,eu,436.827,1119.7835,39.01,3776,295.17,5017.6,4722.5,11252.81,19062.39,-0.43,E,39.01,64.17,GIE AGSI+ API v013
EU,2021-02-20,EU,eu,433.9129,1119.7834,38.75,3776,802.79,3663.5,2860.7,11253.3,19069.76,-0.26,E,38.75,63.82,GIE AGSI+ API v013
EU,2021-02-21,EU,eu,431.7064,1119.7834,38.55,3776,889.04,3077.3,2188.2,11253.71,19048.73,-0.2,E,38.55,63.45,GIE AGSI+ API v013
EU,2021-02-22,EU,eu,427.6689,1119.7834,38.19,3776,427.36,4443.9,4016.6,11254.23,19011.78,-0.36,E,38.19,63.24,GIE AGSI+ API v013
EU,2021-02-23,EU,eu,424.4579,1119.7833,37.91,3776,697.07,3880.3,3183.2,11254.77,18897.53,-0.29,E,37.91,63.07,GIE AGSI+ API v013
EU,2021-02-24,EU,eu,422.3406,1119.7831,37.72,3776,1208.12,3311.9,2103.8,11255.19,18933.9,-0.19,E,37.72,62.77,GIE AGSI+ API v013
EU,2021-02-25,EU,eu,419.5405,1119.7828,37.47,3776,706.46,3470.9,2764.4,11255.27,19302.76,-0.25,E,37.47,62.46,GIE AGSI+ API v013
EU,2021-02-26,EU,eu,416.8013,1119.7828,37.22,3776,627.35,3458.8,2831.4,11255.69,19306.37,-0.24,E,37.22,61.94,GIE AGSI+ API v013
EU,2021-02-27,EU,eu,414.5626,1119.7828,37.02,3776,493.99,2674,2180,11256.08,19287.91,-0.2,E,37.02,61.4,GIE AGSI+ API v013
EU,2021-02-28,EU,eu,411.8842,1119.7828,36.78,3776,382.49,2976.1,2593.6,11256.56,19275.25,-0.24,E,36.78,60.94,GIE AGSI+ API v013
EU,2021-03-01,EU,eu,407.9084,1119.7828,36.43,3776,278.61,4326.5,4047.9,11257.03,19254,-0.36,E,36.43,60.52,GIE AGSI+ API v013
EU,2021-03-02,EU,eu,404.2351,1119.7828,36.1,3776,321.7,4084.3,3762.6,11304.44,19257.34,-0.33,E,36.1,60.09,GIE AGSI+ API v013
EU,2021-03-03,EU,eu,400.5674,1119.7828,35.77,3776,252.62,4040.8,3788.2,11305.05,19198.56,-0.33,E,35.77,59.66,GIE AGSI+ API v013
EU,2021-03-04,EU,eu,396.3385,1119.7828,35.39,3776,248.29,4577.4,4329.1,11305.55,19208.36,-0.38,E,35.39,59.25,GIE AGSI+ API v013
EU,2021-03-05,EU,eu,391.7639,1119.7828,34.99,3776,310.6,4947.8,4637.2,11306.19,19202.01,-0.41,E,34.99,58.79,GIE AGSI+ API v013
EU,2021-03-06,EU,eu,388.2186,1119.7828,34.67,3776,319.35,3822.6,3503.2,11306.78,19235.47,-0.32,E,34.67,58.43,GIE AGSI+ API v013
EU,2021-03-07,EU,eu,384.5949,1119.7828,34.35,3776,342.92,3914,3571.1,11307.37,19225.39,-0.32,E,34.35,58.25,GIE AGSI+ API v013
EU,2021-03-08,EU,eu,379.5061,1119.7828,33.89,3776,308.26,5329.3,5021.1,11283.8,19242.72,-0.45,E,33.89,58.1,GIE AGSI+ API v013
EU,2021-03-09,EU,eu,374.4717,1119.769,33.44,3776,215.44,5181.4,4966,11284.31,19225.64,-0.45,E,33.44,57.78,GIE AGSI+ API v013
EU,2021-03-10,EU,eu,370.8154,1119.782,33.11,3776,372.24,3992.5,3620.3,11284.77,19153.32,-0.33,E,33.11,57.54,GIE AGSI+ API v013
EU,2021-03-11,EU,eu,368.575,1119.7812,32.91,3776,766.33,2986.2,2219.9,11309.15,19236.42,-0.2,E,32.91,57.4,GIE AGSI+ API v013
EU,2021-03-12,EU,eu,366.7949,1113.4084,32.94,3776,827.82,2592.9,1765,11309.66,19320.67,-0.16,E,32.94,57.27,GIE AGSI+ API v013
EU,2021-03-13,EU,eu,365.5924,1119.7808,32.65,3776,971.11,2168.2,1197.1,11310.17,19229.2,-0.11,E,32.65,57.04,GIE AGSI+ API v013
EU,2021-03-14,EU,eu,364.0853,1119.7808,32.51,3776,731.35,2235,1503.7,11310.66,19224.3,-0.13,E,32.51,56.89,GIE AGSI+ API v013
EU,2021-03-15,EU,eu,361.7185,1120.9271,32.27,3776,456.21,3218.3,2762,11311.11,19304.57,-0.21,E,32.27,56.84,GIE AGSI+ API v013
EU,2021-03-16,EU,eu,358.5754,1120.9271,31.99,3776,549.89,3644.3,3094.5,11311.61,19249.26,-0.28,E,31.99,56.67,GIE AGSI+ API v013
EU,2021-03-17,EU,eu,355.1749,1120.9271,31.69,3776,483.16,3838.3,3355.1,11312.21,19235.79,-0.3,E,31.69,56.5,GIE AGSI+ API v013
EU,2021-03-18,EU,eu,351.0523,1120.9271,31.32,3776,261.16,4249.3,3988.2,11312.89,19227.15,-0.37,E,31.32,56.4,GIE AGSI+ API v013
EU,2021-03-19,EU,eu,347.37,1120.9271,30.99,3776,364.32,4015.5,3651.2,11313.57,19304.86,-0.33,E,30.99,56.3,GIE AGSI+ API v013
EU,2021-03-20,EU,eu,344.8344,1120.9271,30.76,3776,630.17,3124,2493.8,11329.94,19282.6,-0.23,E,30.76,56.25,GIE AGSI+ API v013
EU,2021-03-21,EU,eu,343.022,1120.9271,30.6,3776,790.13,2579.6,1789.5,11314.51,19278.96,-0.16,E,30.6,56.14,GIE AGSI+ API v013
EU,2021-03-22,EU,eu,339.5541,1120.9271,30.29,3776,323.66,3759.3,3435.6,11314.98,19255.57,-0.31,E,30.29,56.06,GIE AGSI+ API v013
EU,2021-03-23,EU,eu,336.8219,1120.9252,30.05,3776,553.47,3243.3,2689.9,11315.64,19260.55,-0.24,E,30.05,55.82,GIE AGSI+ API v013
EU,2021-03-24,EU,eu,334.927,1120.9252,29.88,3776,798.34,2677.3,1879,11316.31,19303.6,-0.17,E,29.88,55.58,GIE AGSI+ API v013
EU,2021-03-25,EU,eu,333.7216,1120.9252,29.77,3776,906.02,2119.7,1213.7,11316.82,19279.95,-0.11,E,29.77,55.32,GIE AGSI+ API v013
EU,2021-03-26,EU,eu,333.9284,1120.9238,29.79,3776,1548.52,1351.5,-197,11317.4,19300.37,0.02,E,29.79,55.08,GIE AGSI+ API v013
EU,2021-03-27,EU,eu,334.3579,1119.9301,29.86,3776,1697.44,1215.4,-482.1,11153.75,19029.4,0.04,E,29.86,54.94,GIE AGSI+ API v013
EU,2021-03-28,EU,eu,334.9525,1120.9238,29.88,3776,1723.59,1141.3,-582.3,11323.23,19298.21,0.05,E,29.88,54.95,GIE AGSI+ API v013
EU,2021-03-29,EU,eu,335.1305,1120.9238,29.9,3776,1699.9,1255,-444.9,11323.53,19216.19,0.02,E,29.9,54.81,GIE AGSI+ API v013
EU,2021-03-30,EU,eu,337.028,1120.9238,30.07,3776,2149.54,1045.1,-1104.4,11323.94,19291.87,0.17,E,30.07,54.62,GIE AGSI+ API v013
EU,2021-03-31,EU,eu,337.9001,1126.5885,29.99,3776,2645.97,1599.9,-1046.1,11461.03,19549.52,0.08,E,29.99,54.32,GIE AGSI+ API v013
EU,2021-04-01,EU,eu,343.0023,1122.7377,30.55,3776,2861.91,365,-2496.9,11255.52,19536.82,0.45,E,30.55,54.49,GIE AGSI+ API v013
EU,2021-04-02,EU,eu,345.0231,1122.7377,30.73,3776,2678.48,513.6,-2164.9,11260.86,19536.19,0.18,E,30.73,54.46,GIE AGSI+ API v013
EU,2021-04-03,EU,eu,347.2507,1122.7377,30.93,3776,2764.63,541.5,-2223.2,11196.72,19536.4,0.2,E,30.93,54.46,GIE AGSI+ API v013
EU,2021-04-04,EU,eu,349.4529,1122.7377,31.13,3776,2763.81,536.6,-2227.2,11197.15,19537.02,0.2,E,31.13,54.62,GIE AGSI+ API v013
EU,2021-04-05,EU,eu,350.3698,1122.7377,31.21,3776,2023.23,1100.1,-923.1,11258.09,19537.79,0.08,E,31.21,54.84,GIE AGSI+ API v013
EU,2021-04-06,EU,eu,348.4116,1122.7377,31.03,3776,989.6,2886.5,1896.9,11307.88,19538.42,-0.17,E,31.03,55.11,GIE AGSI+ API v013
EU,2021-04-07,EU,eu,345.25,1122.7377,30.75,3776,416.72,3531.1,3114.4,11434.95,19471.22,-0.28,E,30.75,55.33,GIE AGSI+ API v013
EU,2021-04-08,EU,eu,342.483,1122.7377,30.5,3776,438.43,3178.2,2739.8,11435.2,19516.82,-0.25,E,30.5,55.6,GIE AGSI+ API v013
EU,2021-04-09,EU,eu,340.7722,1122.7377,30.35,3776,695.12,2361.9,1666.8,11435.61,19474.27,-0.15,E,30.35,55.92,GIE AGSI+ API v013
EU,2021-04-10,EU,eu,340.3205,1122.7377,30.31,3776,929.22,1440.8,511.6,11435.66,19493.88,-0.04,E,30.31,56.27,GIE AGSI+ API v013
EU,2021-04-11,EU,eu,340.4558,1122.7377,30.32,3776,1465.08,1500.5,35.4,11435.73,19481.05,0.01,E,30.32,56.67,GIE AGSI+ API v013
EU,2021-04-12,EU,eu,337.5356,1122.7309,30.06,3776,591.26,3476.9,2885.6,11435.62,19434.8,-0.26,E,30.06,57.13,GIE AGSI+ API v013
EU,2021-04-13,EU,eu,334.1632,1122.7309,29.76,3776,487.81,3798.5,3310.6,11435.98,19351.08,-0.3,E,29.76,57.4,GIE AGSI+ API v013
EU,2021-04-14,EU,eu,331.0085,1122.2744,29.49,3776,399.56,3439.2,3039.6,11436.3,19428.42,-0.28,E,29.49,57.67,GIE AGSI+ API v013
EU,2021-04-15,EU,eu,328.3099,1122.2744,29.25,3776,355.99,3030.8,2674.8,11436.6,19458.9,-0.24,E,29.25,57.88,GIE AGSI+ API v013
EU,2021-04-16,EU,eu,326.7471,1122.2744,29.11,3776,745.54,2268.3,1522.8,11436.84,19493.49,-0.14,E,29.11,58.16,GIE AGSI+ API v013
EU,2021-04-17,EU,eu,326.6411,1122.2744,29.11,3776,1125.59,1209.5,83.9,11437,19521.6,-0.01,E,29.11,58.47,GIE AGSI+ API v013
EU,2021-04-18,EU,eu,327.024,1122.2744,29.14,3776,1428.4,1013.4,-415,11437.09,19514.32,0.03,E,29.14,58.85,GIE AGSI+ API v013
EU,2021-04-19,EU,eu,326.4643,1122.27,29.09,3776,866.33,1434.3,568,11437.03,19506.71,-0.05,E,29.09,59.25,GIE AGSI+ API v013
EU,2021-04-20,EU,eu,326.4169,1122.27,29.09,3776,1173.44,1208.5,35.1,11437.08,19506.7,-0,E,29.09,59.52,GIE AGSI+ API v013
EU,2021-04-21,EU,eu,327.1148,1122.27,29.15,3776,1396.7,689.7,-707,11436.94,19498.44,0.06,E,29.15,59.86,GIE AGSI+ API v013
EU,2021-04-22,EU,eu,327.8492,1122.27,29.21,3776,1493.24,760.8,-732.4,11436.98,19498.34,0.07,E,29.21,59.61,GIE AGSI+ API v013
EU,2021-04-23,EU,eu,328.7841,1122.27,29.3,3776,1579.19,629.3,-949.9,11436.93,19498.46,0.08,E,29.3,60.51,GIE AGSI+ API v013
EU,2021-04-24,EU,eu,331.4765,1121.27,29.56,3776,2964.84,284.2,-2680.7,11436.92,19498.48,0.24,E,29.56,60.87,GIE AGSI+ API v013
EU,2021-04-25,EU,eu,334.1302,1122.27,29.77,3776,2946.69,292.8,-2653.9,11436.82,19498.76,0.24,E,29.77,61.25,GIE AGSI+ API v013
EU,2021-04-26,EU,eu,335.1666,1122.272,29.87,3776,1640.96,604.1,-1036.9,11436.76,19499.15,0.09,E,29.87,61.6,GIE AGSI+ API v013
EU,2021-04-27,EU,eu,336.0143,1122.272,29.94,3776,1535.58,666.9,-868.7,11409.89,19499.17,0.08,E,29.94,61.89,GIE AGSI+ API v013
EU,2021-04-28,EU,eu,337.1018,1122.272,30.04,3776,1696.73,607,-1089.7,11414.79,19499.36,0.1,E,30.04,62.15,GIE AGSI+ API v013
EU,2021-04-29,EU,eu,338.1295,1122.272,30.13,3776,1702.73,670.8,-1031.9,11436.76,19499.71,0.09,E,30.13,62.47,GIE AGSI+ API v013
EU,2021-04-30,EU,eu,336.0534,1122.272,29.94,3776,1504.06,907.7,-596.4,11474.89,19499.43,-0.18,E,29.94,62.78,GIE AGSI+ API v013
EU,2021-05-01,EU,eu,338.4377,1121.892,30.17,3776,2779.23,352.5,-2426.7,11520.31,19398,0.21,E,30.17,63.36,GIE AGSI+ API v013
EU,2021-05-02,EU,eu,340.8527,1121.892,30.38,3776,2804.53,371.7,-2432.9,11613.86,19402.56,0.22,E,30.38,63.72,GIE AGSI+ API v013
EU,2021-05-03,EU,eu,341.9475,1121.8905,30.48,3776,1978.33,915.9,-1062.5,11621.83,19402.45,0.1,E,30.48,64.07,GIE AGSI+ API v013
EU,2021-05-04,EU,eu,343.3034,1121.8905,30.6,3776,2182.85,807,-1375.9,11624.93,19336.26,0.12,E,30.6,64.38,GIE AGSI+ API v013
EU,2021-05-05,EU,eu,343.6199,1121.8905,30.63,3776,1772.64,1424.1,-348.5,11625.05,19204.22,0.03,E,30.63,64.67,GIE AGSI+ API v013
EU,2021-05-06,EU,eu,343.5909,1121.8906,30.63,3776,1766.37,1796,29.6,11625.35,19206.66,-0,E,30.63,64.96,GIE AGSI+ API v013
EU,2021-05-07,EU,eu,344.1167,1121.8906,30.67,3776,1966.63,1419.5,-547.1,11625.62,19271.45,0.05,E,30.67,65.29,GIE AGSI+ API v013
EU,2021-05-08,EU,eu,347.263,1121.8906,30.95,3776,3398.21,241.5,-3156.7,11625.79,19399.91,0.28,E,30.95,65.7,GIE AGSI+ API v013
EU,2021-05-09,EU,eu,351.8024,1121.8906,31.36,3776,4701.05,130.4,-4570.7,11625.76,19399.99,0.4,E,31.36,66.2,GIE AGSI+ API v013
EU,2021-05-10,EU,eu,355.9459,1121.8926,31.73,3776,4222.66,177.2,-4045.4,11625.8,19400.11,0.37,E,31.73,66.61,GIE AGSI+ API v013
EU,2021-05-11,EU,eu,359.4331,1121.8926,32.04,3776,3756.06,266.4,-3489.7,11625.66,19400.5,0.31,E,32.04,66.94,GIE AGSI+ API v013
EU,2021-05-12,EU,eu,362.6226,1121.8926,32.32,3776,3515.16,327.6,-3187.6,11625.63,19400.56,0.28,E,32.32,67.08,GIE AGSI+ API v013
EU,2021-05-13,EU,eu,366.3428,1122.4926,32.64,3776,3957.01,255.1,-3701.9,11625.63,19360.14,0.33,E,32.64,67.27,GIE AGSI+ API v013
EU,2021-05-14,EU,eu,369.782,1121.8926,32.96,3776,3692.69,270.5,-3422.2,11625.56,19400.75,0.31,E,32.96,67.49,GIE AGSI+ API v013
EU,2021-05-15,EU,eu,373.4829,1121.8926,33.29,3776,4112.39,411.4,-3701,11625.55,19400.78,0.33,E,33.29,67.73,GIE AGSI+ API v013
EU,2021-05-16,EU,eu,377.2896,1123.9676,33.57,3776,4208.6,396.3,-3812.3,11625.61,19125.69,0.34,E,33.57,68.09,GIE AGSI+ API v013
EU,2021-05-17,EU,eu,379.6248,1123.9681,33.78,3776,3144.86,781.4,-2363.4,11625.72,19118.88,0.21,E,33.78,68.5,GIE AGSI+ API v013
EU,2021-05-18,EU,eu,381.2107,1123.9681,33.92,3776,2614.29,994.4,-1619.9,11625.86,19108.65,0.14,E,33.92,68.83,GIE AGSI+ API v013
EU,2021-05-19,EU,eu,383.0195,1123.9681,34.08,3776,2662.57,846.1,-1816.4,11626,19108.6,0.16,E,34.08,69.13,GIE AGSI+ API v013
EU,2021-05-20,EU,eu,385.8929,1123.9681,34.33,3776,3461.45,570.3,-2891.2,11626.12,19154.08,0.26,E,34.33,69.39,GIE AGSI+ API v013
EU,2021-05-21,EU,eu,389.3853,1123.9681,34.64,3776,3830.15,337.2,-3492.9,11626.1,19305.81,0.31,E,34.64,69.76,GIE AGSI+ API v013
EU,2021-05-22,EU,eu,393.3714,1123.9681,35,3776,4323.07,326.8,-3996.2,11626.09,19399.4,0.35,E,35,70.2,GIE AGSI+ API v013
EU,2021-05-23,EU,eu,397.5584,1123.9681,35.37,3776,4544.48,293.6,-4250.9,11626.07,19399.47,0.37,E,35.37,70.62,GIE AGSI+ API v013
EU,2021-05-24,EU,eu,401.1457,1123.9627,35.69,3776,3901.63,364.5,-3537.2,11625.85,19399.42,0.32,E,35.69,71.01,GIE AGSI+ API v013
EU,2021-05-25,EU,eu,403.7628,1123.9627,35.92,3776,3283.08,639.4,-2643.7,11625.77,19399.64,0.23,E,35.92,71.34,GIE AGSI+ API v013
EU,2021-05-26,EU,eu,405.8979,1123.9627,36.11,3776,2810.43,664.5,-2146,11625.69,19399.83,0.19,E,36.11,71.62,GIE AGSI+ API v013
EU,2021-05-27,EU,eu,407.6938,1123.9627,36.27,3776,2704.94,858.6,-1846.4,11625.74,19302.61,0.16,E,36.27,71.82,GIE AGSI+ API v013
EU,2021-05-28,EU,eu,410.4953,1123.9627,36.52,3776,3318.36,472.3,-2846,11625.85,19212.14,0.25,E,36.52,72.23,GIE AGSI+ API v013
EU,2021-05-29,EU,eu,415.0799,1123.9627,36.93,3776,4770.84,153.7,-4617.1,11625.89,19399.32,0.41,E,36.93,72.48,GIE AGSI+ API v013
EU,2021-05-30,EU,eu,419.8913,1123.9627,37.36,3776,4977.55,195.8,-4781.7,11625.77,19399.63,0.43,E,37.36,72.8,GIE AGSI+ API v013
EU,2021-05-31,EU,eu,422.5138,1123.972,37.59,3776,4706.25,200,-4506.2,11625.89,19400.36,0.23,E,37.59,73.14,GIE AGSI+ API v013
EU,2021-06-01,EU,eu,426.6578,1124.222,37.95,3776,4428.63,224.4,-4204.2,11625.76,19400.71,0.37,E,37.95,73.38,GIE AGSI+ API v013
EU,2021-06-02,EU,eu,431.3447,1124.222,38.37,3776,4824.9,204,-4620.9,11625.71,19400.86,0.42,E,38.37,73.63,GIE AGSI+ API v013
EU,2021-06-03,EU,eu,435.8824,1124.222,38.77,3776,4639.75,128.8,-4511,11625.7,19400.88,0.4,E,38.77,73.88,GIE AGSI+ API v013
EU,2021-06-04,EU,eu,440.2905,1124.222,39.16,3776,4519.3,116.9,-4402.4,11625.5,19401.39,0.39,E,39.16,74.14,GIE AGSI+ API v013
EU,2021-06-05,EU,eu,445.0886,1124.222,39.59,3776,4898.22,112.6,-4785.6,11625.34,19401.82,0.43,E,39.59,74.39,GIE AGSI+ API v013
EU,2021-06-06,EU,eu,449.9995,1124.222,40.03,3776,5027.88,123.2,-4904.7,11625.17,19402.28,0.44,E,40.03,74.72,GIE AGSI+ API v013
EU,2021-06-07,EU,eu,453.5808,1124.2259,40.35,3776,3849.23,267.9,-3581.3,11625.11,19402.88,0.32,E,40.35,75.06,GIE AGSI+ API v013
EU,2021-06-08,EU,eu,457.0595,1124.2259,40.66,3776,3757.77,280.9,-3476.8,11625.6,19401.6,0.31,E,40.66,75.22,GIE AGSI+ API v013
EU,2021-06-09,EU,eu,459.5693,1124.2259,40.88,3776,3183.27,636.1,-2547.2,11625.45,19277.4,0.22,E,40.88,75.37,GIE AGSI+ API v013
EU,2021-06-10,EU,eu,462.8818,1124.2259,41.17,3776,3690.52,426.7,-3263.8,11625.52,19401.79,0.29,E,41.17,75.53,GIE AGSI+ API v013
EU,2021-06-11,EU,eu,466.4505,1124.2259,41.49,3776,3891.69,305.4,-3586.3,11625.38,19402.15,0.32,E,41.49,75.76,GIE AGSI+ API v013
EU,2021-06-12,EU,eu,471.3373,1124.2259,41.93,3776,5024.79,124.1,-4900.7,11625.38,19402.17,0.43,E,41.93,76.03,GIE AGSI+ API v013
EU,2021-06-13,EU,eu,476.4825,1124.2259,42.38,3776,5169.46,124.4,-5045.1,11625.36,19402.22,0.46,E,42.38,76.39,GIE AGSI+ API v013
EU,2021-06-14,EU,eu,480.4695,1124.2244,42.74,3776,4126.31,152.2,-3974.1,11625.26,19402.31,0.35,E,42.74,76.74,GIE AGSI+ API v013
EU,2021-06-15,EU,eu,483.7557,1124.2244,43.03,3776,3582.87,312.2,-3270.7,11625.19,19402.49,0.29,E,43.03,76.95,GIE AGSI+ API v013
EU,2021-06-16,EU,eu,486.9022,1124.2244,43.31,3776,3368.55,226.4,-3142.2,11625.24,19402.37,0.28,E,43.31,77.13,GIE AGSI+ API v013
EU,2021-06-17,EU,eu,490.0117,1124.2244,43.59,3776,3446.65,336.3,-3110.3,11625.17,19402.56,0.28,E,43.59,77.3,GIE AGSI+ API v013
EU,2021-06-18,EU,eu,493.8497,1124.2244,43.93,3776,4003.26,144.4,-3858.9,11625.1,19402.75,0.34,E,43.93,77.51,GIE AGSI+ API v013
EU,2021-06-19,EU,eu,498.2845,1124.2244,44.32,3776,4568.45,140.6,-4427.8,11625,19403,0.39,E,44.32,77.73,GIE AGSI+ API v013
EU,2021-06-20,EU,eu,502.7627,1124.2244,44.72,3776,4576.32,107.6,-4468.7,11624.85,19403.4,0.4,E,44.72,78.07,GIE AGSI+ API v013
EU,2021-06-21,EU,eu,506.1188,1124.2215,45.02,3776,3567.01,231,-3336,11624.71,19403.44,0.3,E,45.02,78.43,GIE AGSI+ API v013
EU,2021-06-22,EU,eu,508.3495,1124.2215,45.22,3776,2828.68,560.2,-2268.4,11624.79,19330.31,0.2,E,45.22,78.69,GIE AGSI+ API v013
EU,2021-06-23,EU,eu,510.5949,1124.2215,45.42,3776,2669.58,415.2,-2254.4,11624.83,19403.13,0.2,E,45.42,78.92,GIE AGSI+ API v013
EU,2021-06-24,EU,eu,513.0258,1124.2215,45.63,3776,2704.91,281.7,-2423.2,11624.84,19403.08,0.22,E,45.63,79.13,GIE AGSI+ API v013
EU,2021-06-25,EU,eu,515.9164,1124.2215,45.89,3776,3076.81,194.9,-2881.9,11624.84,19403.09,0.26,E,45.89,79.34,GIE AGSI+ API v013
EU,2021-06-26,EU,eu,520.0434,1124.2215,46.26,3776,4401.34,271.7,-4129.6,11624.79,19403.22,0.37,E,46.26,79.59,GIE AGSI+ API v013
EU,2021-06-27,EU,eu,524.4934,1124.2215,46.65,3776,4640.21,188.2,-4452,11624.52,19403.94,0.4,E,46.65,79.93,GIE AGSI+ API v013
EU,2021-06-28,EU,eu,527.8429,1124.2088,46.95,3776,3452.98,115.7,-3337.3,11624.02,19403.81,0.3,E,46.95,80.29,GIE AGSI+ API v013
EU,2021-06-29,EU,eu,531.0474,1124.2088,47.24,3776,3349.52,150.1,-3199.4,11623.92,19404.07,0.29,E,47.24,80.54,GIE AGSI+ API v013
EU,2021-06-30,EU,eu,534.1234,1124.2088,47.51,3776,3798.25,226.1,-3572.1,11623.87,19404.21,0.27,E,47.51,80.64,GIE AGSI+ API v013
EU,2021-07-01,EU,eu,537.4291,1124.358,47.8,3776,3219.47,339.4,-2880,11623.86,19404.24,0.29,E,47.8,80.82,GIE AGSI+ API v013
EU,2021-07-02,EU,eu,540.3217,1124.358,48.06,3776,3244.4,355.7,-2888.7,11623.92,19404.07,0.26,E,48.06,81.01,GIE AGSI+ API v013
EU,2021-07-03,EU,eu,545.019,1124.358,48.47,3776,4870.67,171.9,-4698.8,11623.97,19403.95,0.42,E,48.47,81.31,GIE AGSI+ API v013
EU,2021-07-04,EU,eu,549.9634,1124.358,48.91,3776,5051.82,117.2,-4934.7,11623.81,19404.36,0.44,E,48.91,81.68,GIE AGSI+ API v013
EU,2021-07-05,EU,eu,554.1224,1124.3619,49.28,3776,4255.08,194.2,-4060.9,11623.72,19405.05,0.37,E,49.28,82.07,GIE AGSI+ API v013
EU,2021-07-06,EU,eu,557.1571,1124.3619,49.55,3776,3718.03,691.9,-3026.2,11576.81,19405.32,0.27,E,49.55,82.28,GIE AGSI+ API v013
EU,2021-07-07,EU,eu,559.7112,1124.3619,49.78,3776,3357.8,763.7,-2594.1,11576.57,19255.89,0.23,E,49.78,82.41,GIE AGSI+ API v013
EU,2021-07-08,EU,eu,562.2263,1124.3619,50,3776,3310.79,803.1,-2507.7,11577.05,19323.99,0.22,E,50,82.51,GIE AGSI+ API v013
EU,2021-07-09,EU,eu,565.4922,1124.3619,50.29,3776,3825.29,539.1,-3286.2,11577.27,19380.58,0.29,E,50.29,82.61,GIE AGSI+ API v013
EU,2021-07-10,EU,eu,570.0635,1124.3619,50.7,3776,4687.78,128.3,-4559.5,11577.42,19403.72,0.41,E,50.7,82.8,GIE AGSI+ API v013
EU,2021-07-11,EU,eu,574.7358,1124.3619,51.12,3776,4797.38,140.5,-4656.9,11577.11,19404.54,0.42,E,51.12,83.12,GIE AGSI+ API v013
EU,2021-07-12,EU,eu,578.0113,1124.3546,51.41,3776,3562.39,303.5,-3258.9,11576.72,19346.51,0.29,E,51.41,83.49,GIE AGSI+ API v013
EU,2021-07-13,EU,eu,579.8196,1124.3546,51.57,3776,2805.54,963.5,-1842,11576.67,19397.78,0.16,E,51.57,83.75,GIE AGSI+ API v013
EU,2021-07-14,EU,eu,581.7566,1124.3546,51.74,3776,2808.73,874.3,-1934.4,11576.44,19388.23,0.17,E,51.74,83.84,GIE AGSI+ API v013
EU,2021-07-15,EU,eu,583.5267,1123.3778,51.94,3776,2724.99,948.2,-1776.8,11576.54,19395.12,0.16,E,51.94,83.81,GIE AGSI+ API v013
EU,2021-07-16,EU,eu,586.208,1122.3778,52.23,3776,3137.44,753.7,-2383.8,11576.75,19381.02,0.24,E,52.23,83.88,GIE AGSI+ API v013
EU,2021-07-17,EU,eu,589.5373,1122.3778,52.53,3776,3954.27,648.3,-3306,11576.85,19404.39,0.3,E,52.53,83.95,GIE AGSI+ API v013
EU,2021-07-18,EU,eu,592.9821,1122.3778,52.83,3776,4088.39,663.1,-3425.3,11576.74,19404.69,0.31,E,52.83,84.08,GIE AGSI+ API v013
EU,2021-07-19,EU,eu,595.4542,1122.3837,53.05,3776,3295.67,849.4,-2446.3,11576.85,19356.53,0.22,E,53.05,84.25,GIE AGSI+ API v013
EU,2021-07-20,EU,eu,597.521,1122.3837,53.24,3776,2755.28,944.1,-1811.1,11577.13,19372,0.18,E,53.24,84.33,GIE AGSI+ API v013
EU,2021-07-21,EU,eu,599.4707,1122.3837,53.41,3776,2836.08,926.4,-1909.7,11577.25,19392.23,0.17,E,53.41,84.36,GIE AGSI+ API v013
EU,2021-07-22,EU,eu,601.4287,1122.3837,53.58,3776,2759.19,801,-1958.2,11577.36,19389.07,0.17,E,53.58,84.38,GIE AGSI+ API v013
EU,2021-07-23,EU,eu,605.1799,1122.3837,53.92,3776,3927.1,164.6,-3762.5,11577.53,19398.42,0.33,E,53.92,84.43,GIE AGSI+ API v013
EU,2021-07-24,EU,eu,609.8726,1122.3837,54.34,3776,4861.07,191,-4670.1,11577.69,19402.83,0.42,E,54.34,84.5,GIE AGSI+ API v013
EU,2021-07-25,EU,eu,614.5048,1122.3837,54.75,3776,4795.83,154.7,-4641.1,11577.47,19403.42,0.41,E,54.75,84.55,GIE AGSI+ API v013
EU,2021-07-26,EU,eu,618.1718,1122.3905,55.08,3776,3925.11,273.8,-3651.3,11576.99,19405.46,0.33,E,55.08,84.85,GIE AGSI+ API v013
EU,2021-07-27,EU,eu,621.8518,1122.3905,55.4,3776,3855.98,193,-3662.9,11576.36,19407.12,0.33,E,55.4,85.06,GIE AGSI+ API v013
EU,2021-07-28,EU,eu,625.7547,1122.3905,55.75,3776,4070.52,170.6,-3899.9,11575.75,19408.75,0.35,E,55.75,85.25,GIE AGSI+ API v013
EU,2021-07-29,EU,eu,629.6982,1122.3905,56.1,3776,4189.28,241.8,-3947.5,11575.58,19409.18,0.35,E,56.1,85.43,GIE AGSI+ API v013
EU,2021-07-30,EU,eu,633.5637,1122.4272,56.45,3776,4075.95,237.2,-3838.7,11575.37,19409.75,0.34,E,56.45,85.58,GIE AGSI+ API v013
EU,2021-07-31,EU,eu,637.9227,1122.4272,56.83,3776,5785.18,202,-5583.2,11575.11,19410.43,0.39,E,56.83,85.43,GIE AGSI+ API v013
EU,2021-08-01,EU,eu,641.6465,1120.2784,57.28,3776,4509.3,203.6,-4305.7,11574.91,19410.96,0.33,E,57.28,85.94,GIE AGSI+ API v013
EU,2021-08-02,EU,eu,645.6469,1120.2833,57.63,3776,3749.84,359,-3390.9,11574.99,19411.31,0.36,E,57.63,86.22,GIE AGSI+ API v013
EU,2021-08-03,EU,eu,649.028,1120.2833,57.93,3776,3479.54,405.4,-3074.2,11574.92,19557.48,0.3,E,57.93,86.42,GIE AGSI+ API v013
EU,2021-08-04,EU,eu,652.2912,1120.2833,58.23,3776,3649.4,391.7,-3257.7,11575.01,19557.26,0.29,E,58.23,86.6,GIE AGSI+ API v013
EU,2021-08-05,EU,eu,655.7198,1120.2833,58.53,3776,3902.53,487,-3415.6,11575.12,19556.97,0.31,E,58.53,86.76,GIE AGSI+ API v013
EU,2021-08-06,EU,eu,659.925,1120.2833,58.91,3776,4554.17,380.5,-4173.7,11575.06,19411.13,0.38,E,58.91,86.94,GIE AGSI+ API v013
EU,2021-08-07,EU,eu,664.3121,1120.2833,59.3,3776,4773.08,401.3,-4371.8,11575.3,19410.49,0.39,E,59.3,87.16,GIE AGSI+ API v013
EU,2021-08-08,EU,eu,668.6785,1120.2833,59.69,3776,4758.67,411.8,-4346.8,11575.47,19410.05,0.39,E,59.69,87.45,GIE AGSI+ API v013
EU,2021-08-09,EU,eu,672.1011,1120.2711,59.99,3776,3916.31,543,-3373.3,11575.4,19393.34,0.31,E,59.99,87.77,GIE AGSI+ API v013
EU,2021-08-10,EU,eu,675.7553,1120.2711,60.32,3776,4118.82,472.9,-3645.9,11575.74,19407.92,0.33,E,60.32,87.88,GIE AGSI+ API v013
EU,2021-08-11,EU,eu,678.9042,1120.2711,60.6,3776,4189.12,744,-3445.2,11575.96,19407.35,0.28,E,60.6,88.12,GIE AGSI+ API v013
EU,2021-08-12,EU,eu,682.309,1120.2711,60.91,3776,4189.98,804.2,-3385.7,11576.06,19407.07,0.3,E,60.91,88.3,GIE AGSI+ API v013
EU,2021-08-13,EU,eu,686.0707,1120.2711,61.24,3776,4478.06,734.7,-3743.4,11575.76,19407.87,0.34,E,61.24,88.49,GIE AGSI+ API v013
EU,2021-08-14,EU,eu,690.5919,1120.2711,61.65,3776,5012.71,506,-4506.7,11575.35,19408.96,0.4,E,61.65,88.71,GIE AGSI+ API v013
EU,2021-08-15,EU,eu,695.0051,1120.2711,62.04,3776,4917.53,517.1,-4400.4,11574.93,19410.08,0.39,E,62.04,88.98,GIE AGSI+ API v013
EU,2021-08-16,EU,eu,698.822,1120.2642,62.38,3776,4597.54,606.8,-3990.7,11574.44,19410.59,0.34,E,62.38,89.28,GIE AGSI+ API v013
EU,2021-08-17,EU,eu,702.0817,1120.2642,62.67,3776,4003.67,549.7,-3454,11574.16,19411.31,0.29,E,62.67,89.49,GIE AGSI+ API v013
EU,2021-08-18,EU,eu,705.4953,1120.2642,62.98,3776,3916.2,513.3,-3402.9,11574.14,19411.37,0.3,E,62.98,89.68,GIE AGSI+ API v013
EU,2021-08-19,EU,eu,708.9664,1120.2642,63.29,3776,3929.3,475.8,-3453.5,11574.01,19411.71,0.31,E,63.29,89.86,GIE AGSI+ API v013
EU,2021-08-20,EU,eu,712.8232,1120.2642,63.63,3776,4263.02,433.8,-3829.2,11574,19411.75,0.34,E,63.63,90.03,GIE AGSI+ API v013
EU,2021-08-21,EU,eu,716.9448,1120.2642,64,3776,4486.01,380.1,-4105.9,11573.92,19411.95,0.37,E,64,90.27,GIE AGSI+ API v013
EU,2021-08-22,EU,eu,721.1405,1120.2642,64.37,3776,4548.66,373.8,-4174.9,11535.67,19412.42,0.37,E,64.37,90.57,GIE AGSI+ API v013
EU,2021-08-23,EU,eu,724.8595,1120.2759,64.7,3776,3963.72,262.7,-3701,11567.47,19413.56,0.33,E,64.7,90.85,GIE AGSI+ API v013
EU,2021-08-24,EU,eu,728.5991,1120.2759,65.04,3776,3915.1,197.6,-3717.5,11567.33,19413.95,0.33,E,65.04,90.97,GIE AGSI+ API v013
EU,2021-08-25,EU,eu,732.1555,1120.2759,65.35,3776,3769.66,186.4,-3583.2,11535.2,19415,0.32,E,65.35,91.1,GIE AGSI+ API v013
EU,2021-08-26,EU,eu,735.6869,1120.2759,65.67,3776,3732.07,245.5,-3486.5,11534.71,19416.29,0.32,E,65.67,91.22,GIE AGSI+ API v013
EU,2021-08-27,EU,eu,739.5998,1120.2759,66.02,3776,4195.51,257,-3938.5,11534.32,19417.32,0.35,E,66.02,91.28,GIE AGSI+ API v013
EU,2021-08-28,EU,eu,743.8505,1120.2759,66.4,3776,4467.63,185.2,-4282.5,11533.78,19418.75,0.38,E,66.4,91.21,GIE AGSI+ API v013
EU,2021-08-29,EU,eu,748.2359,1120.2759,66.79,3776,4589.87,171.7,-4418.2,11533.39,19419.78,0.39,E,66.79,91.34,GIE AGSI+ API v013
EU,2021-08-30,EU,eu,751.7746,1120.2803,67.11,3776,3685.29,190.8,-3494.5,11533.07,19421.12,0.32,E,67.11,91.49,GIE AGSI+ API v013
EU,2021-08-31,EU,eu,753.8002,1120.2803,67.29,3776,3550.5,438.1,-3112.4,11532.78,19421.89,0.18,E,67.29,91.24,GIE AGSI+ API v013
EU,2021-09-01,EU,eu,758.9021,1120.5803,67.72,3776,3674.98,292.1,-3382.9,11532.42,19422.86,0.46,E,67.72,91.23,GIE AGSI+ API v013
EU,2021-09-02,EU,eu,761.2179,1120.5803,67.93,3776,2810.22,504,-2306.2,11532.25,19423.29,0.21,E,67.93,91.5,GIE AGSI+ API v013
EU,2021-09-03,EU,eu,763.7573,1120.5803,68.16,3776,2794.83,273.2,-2521.6,11532.12,19423.65,0.23,E,68.16,91.65,GIE AGSI+ API v013
EU,2021-09-04,EU,eu,767.0997,1120.5803,68.46,3776,3582.02,252.1,-3329.9,11531.93,19424.14,0.3,E,68.46,91.8,GIE AGSI+ API v013
EU,2021-09-05,EU,eu,770.8914,1120.5803,68.79,3776,3969.44,190.7,-3778.7,11531.57,19425.08,0.34,E,68.79,92.04,GIE AGSI+ API v013
EU,2021-09-06,EU,eu,773.3166,1118.7535,69.12,3776,2341.75,243.7,-2098.1,11530.49,19424.88,0.22,E,69.12,92.27,GIE AGSI+ API v013
EU,2021-09-07,EU,eu,775.2655,1118.7535,69.3,3776,2298.76,358.8,-1939.9,11530.16,19425.75,0.17,E,69.3,92.39,GIE AGSI+ API v013
EU,2021-09-08,EU,eu,777.6213,1118.7535,69.51,3776,2631.67,285.9,-2345.8,11529.77,19426.77,0.21,E,69.51,92.5,GIE AGSI+ API v013
EU,2021-09-09,EU,eu,780.0382,1118.7535,69.72,3776,2655.95,288.2,-2367.8,11529.58,19427.28,0.22,E,69.72,92.63,GIE AGSI+ API v013
EU,2021-09-10,EU,eu,782.3392,1118.7535,69.93,3776,2556.38,268.2,-2288.2,11529.26,19428.12,0.21,E,69.93,92.72,GIE AGSI+ API v013
EU,2021-09-11,EU,eu,785.5548,1118.7535,70.22,3776,3427.01,226.8,-3200.2,11529.03,19428.74,0.29,E,70.22,92.87,GIE AGSI+ API v013
EU,2021-09-12,EU,eu,788.8784,1118.7535,70.51,3776,3480.32,178,-3302.3,11528.75,19429.48,0.3,E,70.51,93.13,GIE AGSI+ API v013
EU,2021-09-13,EU,eu,790.7787,1118.751,70.68,3776,2384.42,486.9,-1897.5,11528.38,19430.19,0.17,E,70.68,93.4,GIE AGSI+ API v013
EU,2021-09-14,EU,eu,792.3193,1118.751,70.82,3776,1965.04,434.3,-1530.7,11528.49,19429.89,0.14,E,70.82,93.52,GIE AGSI+ API v013
EU,2021-09-15,EU,eu,793.5583,1118.751,70.93,3776,1622.77,377.4,-1245.4,11528.57,19429.66,0.11,E,70.93,93.63,GIE AGSI+ API v013
EU,2021-09-16,EU,eu,794.9216,1118.751,71.05,3776,1700.24,347.2,-1353.1,11529.63,19426.87,0.12,E,71.05,93.73,GIE AGSI+ API v013
EU,2021-09-17,EU,eu,797.2105,1118.751,71.26,3776,2500.23,327.3,-2172.9,11529.49,19427.25,0.2,E,71.26,93.69,GIE AGSI+ API v013
EU,2021-09-18,EU,eu,800.4983,1118.751,71.55,3776,3495.99,225,-3271,11529.25,19427.88,0.29,E,71.55,93.84,GIE AGSI+ API v013
EU,2021-09-19,EU,eu,803.882,1118.751,71.86,3776,3600.74,223.8,-3377,11528.83,19429,0.3,E,71.86,94.03,GIE AGSI+ API v013
EU,2021-09-20,EU,eu,805.9291,1118.751,72.04,3776,2459.35,421.1,-2038.2,11504.43,19576.05,0.18,E,72.04,94.22,GIE AGSI+ API v013
EU,2021-09-21,EU,eu,807.7443,1118.751,72.2,3776,2096.91,288.6,-1808.4,11504.35,19576.25,0.16,E,72.2,94.31,GIE AGSI+ API v013
EU,2021-09-22,EU,eu,809.4897,1118.751,72.36,3776,2195.01,457.5,-1737.6,11504.34,19576.27,0.16,E,72.36,94.39,GIE AGSI+ API v013
EU,2021-09-23,EU,eu,812.0252,1118.9921,72.57,3776,2840.6,316.3,-2524.3,11504.08,19576.97,0.23,E,72.57,94.48,GIE AGSI+ API v013
EU,2021-09-24,EU,eu,814.7736,1118.9921,72.81,3776,3166.06,425.7,-2740.4,11503.56,19578.33,0.25,E,72.81,94.6,GIE AGSI+ API v013
EU,2021-09-25,EU,eu,818.7743,1115.1921,73.42,3776,3890.29,228.7,-3661.6,11527.06,19579.66,0.36,E,73.42,94.72,GIE AGSI+ API v013
EU,2021-09-26,EU,eu,823.1071,1115.1921,73.81,3776,4572.96,248.8,-4324.2,11526.56,19580.98,0.39,E,73.81,94.86,GIE AGSI+ API v013
EU,2021-09-27,EU,eu,826.1825,1115.2774,74.08,3776,3391.25,321.2,-3070,11526.19,19582.57,0.28,E,74.08,94.98,GIE AGSI+ API v013
EU,2021-09-28,EU,eu,828.7753,1115.6052,74.29,3776,3036.2,449.7,-2586.5,11525.7,19583.86,0.23,E,74.29,94.92,GIE AGSI+ API v013
EU,2021-09-29,EU,eu,831.5619,1115.6052,74.54,3776,3156.83,323.5,-2833.3,11525.24,19585.09,0.25,E,74.54,94.88,GIE AGSI+ API v013
EU,2021-09-30,EU,eu,834.1568,1116.582,74.71,3776,3287.58,342.8,-2944.7,11524.78,19586.3,0.23,E,74.71,94.78,GIE AGSI+ API v013
EU,2021-10-01,EU,eu,836.6555,1116.544,74.93,3776,2811.52,524.7,-2286.8,11500.29,19611.58,0.22,E,74.93,94.81,GIE AGSI+ API v013
EU,2021-10-02,EU,eu,839.3384,1116.544,75.17,3776,3314.43,261.7,-3052.8,11109.82,19230.15,0.24,E,75.17,94.96,GIE AGSI+ API v013
EU,2021-10-03,EU,eu,842.7648,1116.544,75.48,3776,3458.2,249.2,-3209,11109.82,19230.15,0.31,E,75.48,95.16,GIE AGSI+ API v013
EU,2021-10-04,EU,eu,844.7065,1116.5523,75.65,3776,2284.19,386.9,-1897.3,11110.03,19230.55,0.17,E,75.65,95.38,GIE AGSI+ API v013
EU,2021-10-05,EU,eu,847.1772,1116.5523,75.87,3776,2478.81,482.2,-1996.6,11110.03,19230.55,0.22,E,75.87,95.43,GIE AGSI+ API v013
EU,2021-10-06,EU,eu,848.4123,1116.5523,75.99,3776,1870.96,613.4,-1257.6,11110.03,19230.55,0.11,E,75.99,95.5,GIE AGSI+ API v013
EU,2021-10-07,EU,eu,849.0516,1116.5523,76.04,3776,1615.73,915.7,-700,11110.03,19230.55,0.06,E,76.04,95.54,GIE AGSI+ API v013
EU,2021-10-08,EU,eu,850.2872,1116.5523,76.15,3776,1663.02,428.2,-1234.8,11110.03,19230.55,0.11,E,76.15,95.58,GIE AGSI+ API v013
EU,2021-10-09,EU,eu,852.6626,1116.5523,76.37,3776,2432.67,344.7,-2087.9,11110.03,19230.55,0.21,E,76.37,95.64,GIE AGSI+ API v013
EU,2021-10-10,EU,eu,859.5715,1116.5523,76.98,3776,2364.28,423,-1941.2,11110.03,19240.82,0.62,E,76.98,95.87,GIE AGSI+ API v013
EU,2021-10-11,EU,eu,859.5586,1116.5567,76.98,3776,1363.42,859.5,-503.9,11110.14,19241.04,-0,E,76.98,95.92,GIE AGSI+ API v013
EU,2021-10-12,EU,eu,860.0922,1116.5567,77.03,3776,1049.55,888.1,-161.5,11110.14,19241.04,0.05,E,77.03,95.86,GIE AGSI+ API v013
EU,2021-10-13,EU,eu,859.3858,1116.5567,76.97,3776,803.28,1350.7,547.5,11110.14,19241.04,-0.06,E,76.97,95.54,GIE AGSI+ API v013
EU,2021-10-14,EU,eu,859.2567,1116.5567,76.96,3776,1060.71,1117.3,56.6,11110.14,19241.04,-0.01,E,76.96,95.43,GIE AGSI+ API v013
EU,2021-10-15,EU,eu,859.2377,1116.5567,76.95,3776,959.01,949.8,-9.2,10984.14,19368.04,-0,E,76.95,95.26,GIE AGSI+ API v013
EU,2021-10-16,EU,eu,860.0944,1116.5567,77.03,3776,1557.69,698.7,-859,10984.14,19368.04,0.08,E,77.03,95.09,GIE AGSI+ API v013
EU,2021-10-17,EU,eu,861.1373,1116.5567,77.12,3776,1758.32,671.1,-1087.2,10984.14,19368.04,0.09,E,77.12,94.87,GIE AGSI+ API v013
EU,2021-10-18,EU,eu,861.1145,1116.5611,77.12,3776,1050.64,1133.8,83.1,10984.24,19368.25,-0,E,77.12,94.97,GIE AGSI+ API v013
EU,2021-10-19,EU,eu,861.756,1116.5611,77.18,3776,1468.37,789,-679.4,10984.24,19368.25,0.06,E,77.18,94.85,GIE AGSI+ API v013
EU,2021-10-20,EU,eu,863.1588,1116.5611,77.31,3776,1984.62,566,-1418.6,10984.24,19368.25,0.13,E,77.31,94.76,GIE AGSI+ API v013
EU,2021-10-21,EU,eu,863.3303,1116.5611,77.32,3776,1346.92,1475.6,128.7,10984.24,19368.25,0.02,E,77.32,94.72,GIE AGSI+ API v013
EU,2021-10-22,EU,eu,862.6392,1116.5611,77.26,3776,680.62,1370.2,689.6,10984.24,19368.25,-0.06,E,77.26,94.67,GIE AGSI+ API v013
EU,2021-10-23,EU,eu,862.3943,1116.5611,77.24,3776,936.42,1145.1,208.7,11374.21,19751,-0.02,E,77.24,94.63,GIE AGSI+ API v013
EU,2021-10-24,EU,eu,862.579,1116.5611,77.25,3776,1191.51,999.2,-192.3,11373.92,19751.77,0.02,E,77.25,94.67,GIE AGSI+ API v013
EU,2021-10-25,EU,eu,861.2098,1116.5679,77.13,3776,553.23,1929.6,1376.4,11373.76,19752.97,-0.12,E,77.13,94.86,GIE AGSI+ API v013
EU,2021-10-26,EU,eu,860.2264,1116.5679,77.04,3776,642.06,1605.7,963.7,11373.6,19753.41,-0.09,E,77.04,94.85,GIE AGSI+ API v013
EU,2021-10-27,EU,eu,860.4956,1116.5679,77.07,3776,1556.47,1288,-268.5,11373.46,19753.78,0.02,E,77.07,94.7,GIE AGSI+ API v013
EU,2021-10-28,EU,eu,860.0409,1116.5679,77.03,3776,889.07,1350.6,461.5,11373.17,19754.54,-0.04,E,77.03,94.62,GIE AGSI+ API v013
EU,2021-10-29,EU,eu,859.8745,1116.5679,77.01,3776,1053.73,1169.5,115.8,11372.77,19755.59,-0.01,E,77.01,94.57,GIE AGSI+ API v013
EU,2021-10-30,EU,eu,860.4678,1117.4692,77,3776,1517.63,1083,-434.6,11559.93,20050.04,0.05,E,77,94.61,GIE AGSI+ API v013
EU,2021-10-31,EU,eu,861.0656,1116.5679,77.12,3776,1668.95,920.3,-748.6,11370.65,19761.2,0.05,E,77.12,94.72,GIE AGSI+ API v013
EU,2021-11-01,EU,eu,861.0767,1116.5713,77.12,3776,1408.61,1693.8,285.2,11370.28,19766.74,0,E,77.12,95.08,GIE AGSI+ API v013
EU,2021-11-02,EU,eu,858.2454,1116.5713,76.86,3776,424.42,3261.4,2837,11369.82,19767.94,-0.25,E,76.86,95.13,GIE AGSI+ API v013
EU,2021-11-03,EU,eu,854.6944,1116.5713,76.55,3776,295.7,3866.1,3570.4,11369.62,19768.47,-0.32,E,76.55,95.03,GIE AGSI+ API v013
EU,2021-11-04,EU,eu,851.8254,1116.5713,76.29,3776,409.04,3287.2,2878.1,11369.64,19768.42,-0.26,E,76.29,94.85,GIE AGSI+ API v013
EU,2021-11-05,EU,eu,849.1455,1116.5713,76.05,3776,463.85,3145.9,2682.1,11370.9,19765.1,-0.24,E,76.05,94.64,GIE AGSI+ API v013
EU,2021-11-06,EU,eu,848.1256,1116.5713,75.96,3776,1180.07,2167.2,987.1,11370.79,19765.38,-0.09,E,75.96,94.49,GIE AGSI+ API v013
EU,2021-11-07,EU,eu,847.5038,1116.5713,75.9,3776,1288.33,1901.5,613.1,11370.6,19765.89,-0.06,E,75.9,94.44,GIE AGSI+ API v013
EU,2021-11-08,EU,eu,844.3955,1116.5552,75.63,3776,431.3,3584.8,3153.5,11369.91,19765.87,-0.28,E,75.63,94.42,GIE AGSI+ API v013
EU,2021-11-09,EU,eu,841.0618,1116.5552,75.33,3776,294.38,3600.2,3305.8,11369.87,19765.98,-0.3,E,75.33,94.23,GIE AGSI+ API v013
EU,2021-11-10,EU,eu,837.8039,1116.5552,75.03,3776,342.13,3593.9,3251.7,11370.01,19765.6,-0.29,E,75.03,93.97,GIE AGSI+ API v013
EU,2021-11-11,EU,eu,834.4279,1116.5552,74.73,3776,390.38,3759,3368.6,11370.18,19765.15,-0.3,E,74.73,93.77,GIE AGSI+ API v013
EU,2021-11-12,EU,eu,830.7749,1116.5552,74.41,3776,467.24,4078.8,3611.6,11370.25,19764.97,-0.33,E,74.41,93.58,GIE AGSI+ API v013
EU,2021-11-13,EU,eu,828.8526,1116.5552,74.23,3776,814.48,2719.4,1905,11370.18,19765.16,-0.17,E,74.23,93.4,GIE AGSI+ API v013
EU,2021-11-14,EU,eu,827.5905,1116.5552,74.12,3776,1142.84,2396.5,1253.7,11369.91,19765.87,-0.11,E,74.12,93.38,GIE AGSI+ API v013
EU,2021-11-15,EU,eu,824.0177,1116.5567,73.8,3776,277.53,4057.5,3780,11369.61,19766.84,-0.32,E,73.8,93.41,GIE AGSI+ API v013
EU,2021-11-16,EU,eu,819.8102,1116.5567,73.42,3776,338.82,4513.5,4174.7,11369.52,19767.08,-0.38,E,73.42,93.27,GIE AGSI+ API v013
EU,2021-11-17,EU,eu,816.1366,1116.5567,73.09,3776,372.12,4045.6,3673.5,11369.79,19640.37,-0.33,E,73.09,93.12,GIE AGSI+ API v013
EU,2021-11-18,EU,eu,812.9124,1116.5567,72.81,3776,413.69,3635,3221.3,11369.85,19640.2,-0.29,E,72.81,93.01,GIE AGSI+ API v013
EU,2021-11-19,EU,eu,810.7081,1116.5567,72.61,3776,926.92,3098.6,2171.7,11369.91,19766.05,-0.2,E,72.61,92.81,GIE AGSI+ API v013
EU,2021-11-20,EU,eu,809.0409,1116.5567,72.46,3776,980.89,2628.2,1647.4,11370,19765.81,-0.15,E,72.46,92.5,GIE AGSI+ API v013
EU,2021-11-21,EU,eu,806.9434,1116.5567,72.27,3776,691.32,2774.3,2083,11370.01,19765.79,-0.19,E,72.27,92.3,GIE AGSI+ API v013
EU,2021-11-22,EU,eu,802.3186,1116.5674,71.86,3776,217.92,4890.6,4672.7,11370.35,19766.1,-0.41,E,71.86,92.07,GIE AGSI+ API v013
EU,2021-11-23,EU,eu,796.9836,1116.5674,71.38,3776,181.24,5482,5300.8,11370.71,19765.15,-0.48,E,71.38,91.71,GIE AGSI+ API v013
EU,2021-11-24,EU,eu,790.7634,1116.5674,70.82,3776,180.23,6126.1,5945.9,11371.07,19764.22,-0.56,E,70.82,91.32,GIE AGSI+ API v013
EU,2021-11-25,EU,eu,784.851,1116.5674,70.29,3776,219.54,6135.6,5916.1,11371.49,19744.78,-0.53,E,70.29,90.84,GIE AGSI+ API v013
EU,2021-11-26,EU,eu,779.1364,1116.5674,69.78,3776,221.51,5884.7,5663.2,11371.6,19744.48,-0.51,E,69.78,90.33,GIE AGSI+ API v013
EU,2021-11-27,EU,eu,774.3973,1116.5674,69.36,3776,513.56,5191.6,4678,11371.99,19743.47,-0.42,E,69.36,89.8,GIE AGSI+ API v013
EU,2021-11-28,EU,eu,769.6518,1116.5674,68.93,3776,465.57,5157.8,4692.3,11372.35,19742.51,-0.43,E,68.93,89.37,GIE AGSI+ API v013
EU,2021-11-29,EU,eu,763.0644,1116.5582,68.34,3776,181.44,6788.2,6606.8,11372.49,19741.09,-0.59,E,68.34,88.93,GIE AGSI+ API v013
EU,2021-11-30,EU,eu,756.8966,1116.5582,67.79,3776,177.99,6289.9,6111.9,11372.86,19740.11,-0.55,E,67.79,88.38,GIE AGSI+ API v013
EU,2021-12-01,EU,eu,750.5951,1116.5582,67.22,3776,382.73,6125.5,5742.8,11373.23,19739.13,-0.56,E,67.22,87.78,GIE AGSI+ API v013
EU,2021-12-02,EU,eu,744.0328,1116.5582,66.64,3776,330.02,7046.5,6716.4,11373.59,19738.17,-0.59,E,66.64,87.11,GIE AGSI+ API v013
EU,2021-12-03,EU,eu,737.5599,1116.5582,66.06,3776,291.75,6700.9,6409.1,11374.04,19736.98,-0.58,E,66.06,86.46,GIE AGSI+ API v013
EU,2021-12-04,EU,eu,732.4917,1116.5582,65.6,3776,572.48,5606.8,5034.4,11374.49,19735.81,-0.45,E,65.6,85.87,GIE AGSI+ API v013
EU,2021-12-05,EU,eu,727.3717,1116.5582,65.14,3776,466.11,5589.7,5123.6,11374.83,19734.89,-0.46,E,65.14,85.44,GIE AGSI+ API v013
EU,2021-12-06,EU,eu,720.339,1116.5562,64.51,3776,299.08,7370.4,7071.3,11375.13,19733.88,-0.63,E,64.51,85,GIE AGSI+ API v013
EU,2021-12-07,EU,eu,713.5079,1116.5562,63.9,3776,274.1,7063.5,6789.4,11375.61,19732.63,-0.61,E,63.9,84.4,GIE AGSI+ API v013
EU,2021-12-08,EU,eu,706.717,1116.5562,63.29,3776,221.9,6981.2,6759.3,11375.96,19731.7,-0.61,E,63.29,83.84,GIE AGSI+ API v013
EU,2021-12-09,EU,eu,699.4488,1116.5562,62.64,3776,194.89,7469,7274.1,11376.3,19730.79,-0.65,E,62.64,83.13,GIE AGSI+ API v013
EU,2021-12-10,EU,eu,692.7384,1116.5562,62.04,3776,247.88,6950.3,6702.4,11376.66,19729.84,-0.6,E,62.04,82.49,GIE AGSI+ API v013
EU,2021-12-11,EU,eu,687.2308,1116.5562,61.55,3776,581.72,6069.1,5487.4,11376.94,19729.01,-0.49,E,61.55,81.89,GIE AGSI+ API v013
EU,2021-12-12,EU,eu,682.8352,1116.5562,61.16,3776,724.18,5034.8,4310.6,11377.08,19728.64,-0.39,E,61.16,81.43,GIE AGSI+ API v013
EU,2021-12-13,EU,eu,676.8318,1116.5611,60.62,3776,476.08,6491.3,6015.2,11356.54,19653.02,-0.54,E,60.62,81.07,GIE AGSI+ API v013
EU,2021-12-14,EU,eu,671.2797,1116.5611,60.12,3776,366.37,5871.1,5504.7,11353.88,19641.4,-0.5,E,60.12,80.62,GIE AGSI+ API v013
EU,2021-12-15,EU,eu,666.0129,1116.5611,59.65,3776,403.23,5625.1,5221.9,11354.22,19640.52,-0.47,E,59.65,80.2,GIE AGSI+ API v013
EU,2021-12-16,EU,eu,660.6626,1116.5611,59.17,3776,429.1,5765.9,5336.8,11354.48,19639.81,-0.48,E,59.17,79.75,GIE AGSI+ API v013
EU,2021-12-17,EU,eu,655.2781,1116.5611,58.69,3776,351.55,5735.2,5383.7,11365.81,19713.94,-0.48,E,58.69,79.33,GIE AGSI+ API v013
EU,2021-12-18,EU,eu,650.7677,1116.5611,58.28,3776,328.7,4777.2,4448.5,11379.23,19723.53,-0.4,E,58.28,78.97,GIE AGSI+ API v013
EU,2021-12-19,EU,eu,645.9481,1116.5611,57.85,3776,301.18,5089.2,4788,11379.37,19723.14,-0.43,E,57.85,78.72,GIE AGSI+ API v013
EU,2021-12-20,EU,eu,638.3338,1116.5587,57.17,3776,98.28,7701.7,7603.4,11379.63,19722.18,-0.68,E,57.17,78.44,GIE AGSI+ API v013
EU,2021-12-21,EU,eu,629.751,1116.5587,56.4,3776,152.05,8694.2,8542.1,11380.07,19717.13,-0.77,E,56.4,78.05,GIE AGSI+ API v013
EU,2021-12-22,EU,eu,620.9815,1116.5587,55.62,3776,131.33,8777.8,8646.5,11380.55,19715.86,-0.79,E,55.62,77.73,GIE AGSI+ API v013
EU,2021-12-23,EU,eu,614.1794,1116.5587,55.01,3776,240.27,7024.4,6784.2,11380.03,19717.24,-0.61,E,55.01,77.51,GIE AGSI+ API v013
EU,2021-12-24,EU,eu,610.3632,1116.5587,54.66,3776,815.45,4581.8,3766.3,11380.46,19716.09,-0.34,E,54.66,77.3,GIE AGSI+ API v013
EU,2021-12-25,EU,eu,607.3713,1116.5587,54.4,3776,1081.6,4020.1,2938.5,11380.81,19715.19,-0.27,E,54.4,77.01,GIE AGSI+ API v013
EU,2021-12-26,EU,eu,603.5878,1116.5587,54.06,3776,827.02,4574.8,3747.8,11380.63,19715.65,-0.34,E,54.06,76.72,GIE AGSI+ API v013
EU,2021-12-27,EU,eu,600.2427,1116.5591,53.76,3776,1134.95,4455.7,3320.8,11380.72,19715.48,-0.3,E,53.76,76.34,GIE AGSI+ API v013
EU,2021-12-28,EU,eu,597.6261,1116.5591,53.52,3776,1480.01,4064.1,2584.1,11380.51,19716.02,-0.23,E,53.52,75.83,GIE AGSI+ API v013
EU,2021-12-29,EU,eu,596.5261,1116.5591,53.43,3776,2001.14,3209,1207.9,11380.28,19716.64,-0.1,E,53.43,75.31,GIE AGSI+ API v013
EU,2021-12-30,EU,eu,596.2895,1116.5591,53.4,3776,2667.42,2882,214.6,11384.43,19717.48,-0.02,E,53.4,74.79,GIE AGSI+ API v013
EU,2021-12-31,EU,eu,597.9398,1116.5591,53.55,3776,2921.16,1966.9,-954.3,11380.41,19716.3,0.15,E,53.55,74.13,GIE AGSI+ API v013
EU,2022-01-01,EU,eu,600.4245,1116.5841,53.77,3766.25,3996.83,1906.8,-2090,11379.92,19707.38,0,E,53.77,80.905,GIE AGSI+ API v013
EU,2022-01-02,EU,eu,600.4137,1116.6065,53.77,3766.25,2378.92,2384.3,5.3,11379.69,19708.74,-0,E,53.77,80.405,GIE AGSI+ API v013
EU,2022-01-03,EU,eu,598.9044,1116.6231,53.64,3766.25,1628.62,3190.2,1561.5,11379.74,19710.52,-0.14,E,53.64,79.92,GIE AGSI+ API v013
EU,2022-01-04,EU,eu,596.1655,1116.6231,53.39,3766.25,1209.06,3961.6,2752.5,11379.57,19710.96,-0.25,E,53.39,79.35,GIE AGSI+ API v013
EU,2022-01-05,EU,eu,591.8799,1116.6231,53.01,3766.25,592.25,4867.8,4275.5,11379.76,19710.47,-0.38,E,53.01,78.745,GIE AGSI+ API v013
EU,2022-01-06,EU,eu,587.5168,1116.6231,52.62,3766.25,421.43,5743.9,5322.5,11380.16,19709.41,-0.39,E,52.62,78.09,GIE AGSI+ API v013
EU,2022-01-07,EU,eu,581.7404,1116.6231,52.1,3766.25,373.63,6130.8,5757.2,11380.49,19708.53,-0.52,E,52.1,77.365,GIE AGSI+ API v013
EU,2022-01-08,EU,eu,576.9609,1116.6231,51.67,3766.25,413.62,5149.5,4735.9,11380.88,19707.5,-0.43,E,51.67,76.65,GIE AGSI+ API v013
EU,2022-01-09,EU,eu,572.1768,1116.6231,51.24,3766.25,401.09,5153.9,4752.8,11381.3,19706.4,-0.43,E,51.24,76.01,GIE AGSI+ API v013
EU,2022-01-10,EU,eu,564.0221,1116.7573,50.51,3766.25,201.02,7915.3,7714.2,11384.97,19712,-0.73,E,50.51,75.415,GIE AGSI+ API v013
EU,2022-01-11,EU,eu,555.9013,1116.8081,49.78,3766.25,253.26,8360.7,8107.4,11385.46,19714.93,-0.73,E,49.78,74.75,GIE AGSI+ API v013
EU,2022-01-12,EU,eu,547.6744,1116.8081,49.04,3766.25,217.57,8423.5,8205.9,11385.89,19713.78,-0.74,E,49.04,74.1,GIE AGSI+ API v013
EU,2022-01-13,EU,eu,539.756,1116.8081,48.33,3766.25,272.84,8187.7,7914.9,11386.31,19712.67,-0.71,E,48.33,73.435,GIE AGSI+ API v013
EU,2022-01-14,EU,eu,531.8066,1116.8081,47.62,3766.25,211.71,8092.4,7880.7,11386.12,19713.18,-0.71,E,47.62,72.72,GIE AGSI+ API v013
EU,2022-01-15,EU,eu,525.5723,1116.8081,47.06,3766.25,369.98,6602.2,6232.3,11386.61,19711.89,-0.56,E,47.06,71.97,GIE AGSI+ API v013
EU,2022-01-16,EU,eu,520.0626,1116.8081,46.57,3766.25,487.32,5969.1,5481.7,11387.11,19710.57,-0.49,E,46.57,71.27,GIE AGSI+ API v013
EU,2022-01-17,EU,eu,512.875,1116.7081,45.93,3766.25,222.61,7420.6,7198,11385.03,19661.08,-0.64,E,45.93,70.585,GIE AGSI+ API v013
EU,2022-01-18,EU,eu,505.119,1116.7081,45.23,3766.25,205.93,7907.8,7701.9,11385.39,19703.68,-0.69,E,45.23,69.845,GIE AGSI+ API v013
EU,2022-01-19,EU,eu,498.1384,1116.7081,44.61,3766.25,224.53,7396.8,7172.3,11385.94,19659.18,-0.63,E,44.61,69.135,GIE AGSI+ API v013
EU,2022-01-20,EU,eu,490.8656,1116.7081,43.96,3766.25,166.89,7445.9,7279,11386.34,19644.04,-0.65,E,43.96,68.465,GIE AGSI+ API v013
EU,2022-01-21,EU,eu,483.1578,1116.7081,43.27,3766.25,170.22,7865,7694.7,11386.74,19680.33,-0.69,E,43.27,67.79,GIE AGSI+ API v013
EU,2022-01-22,EU,eu,476.6819,1116.7081,42.69,3766.25,239.24,6704.5,6465.3,11386.22,19681.71,-0.58,E,42.69,67.115,GIE AGSI+ API v013
EU,2022-01-23,EU,eu,470.5199,1116.7081,42.13,3766.25,266.37,6297.3,6030.9,11386.64,19680.6,-0.55,E,42.13,66.47,GIE AGSI+ API v013
EU,2022-01-24,EU,eu,462.7379,1116.6861,41.44,3766.25,182.19,7965.7,7783.5,11386.51,19645.21,-0.7,E,41.44,65.82,GIE AGSI+ API v013
EU,2022-01-25,EU,eu,454.6487,1116.6861,40.71,3766.25,172.42,8247.6,8075.2,11386.91,19677.36,-0.72,E,40.71,65.115,GIE AGSI+ API v013
EU,2022-01-26,EU,eu,447.0515,1116.6861,40.03,3766.25,243.8,7878.5,7634.7,11387.34,19676.23,-0.68,E,40.03,64.465,GIE AGSI+ API v013
EU,2022-01-27,EU,eu,440.4757,1116.6861,39.44,3766.25,289.51,6829.8,6540.3,11387.8,19675.03,-0.59,E,39.44,63.77,GIE AGSI+ API v013
EU,2022-01-28,EU,eu,434.2103,1116.6861,38.88,3766.25,214.93,6475,6260.1,11388.11,19674.22,-0.56,E,38.88,63.08,GIE AGSI+ API v013
EU,2022-01-29,EU,eu,430.2332,1116.6861,38.53,3766.25,621.11,4594,3972.9,11388.5,19654.69,-0.36,E,38.53,62.485,GIE AGSI+ API v013
EU,2022-01-30,EU,eu,426.3531,1116.6861,38.18,3766.25,536.72,4408.8,3872.1,11388.75,19654.01,-0.35,E,38.18,62.01,GIE AGSI+ API v013
EU,2022-01-31,EU,eu,420.2242,1116.6739,37.63,3766.25,271.94,6401.2,6129.3,11388.75,19652.62,-0.55,E,37.63,61.475,GIE AGSI+ API v013
EU,2022-02-01,EU,eu,415.2835,1116.6739,37.19,3766.25,325.48,5305.4,4979.9,11389.06,19631.72,-0.44,E,37.19,61.05,GIE AGSI+ API v013
EU,2022-02-02,EU,eu,410.4205,1116.6739,36.75,3766.25,289.96,5131.8,4841.9,11389.36,19597.95,-0.44,E,36.75,60.65,GIE AGSI+ API v013
EU,2022-02-03,EU,eu,405.8298,1116.6739,36.34,3766.25,427.9,5002.7,4574.8,11389.63,19630.21,-0.41,E,36.34,60.23,GIE AGSI+ API v013
EU,2022-02-04,EU,eu,402.0459,1116.6739,36,3766.25,600.15,4357.8,3757.7,11389.84,19629.65,-0.34,E,36,59.75,GIE AGSI+ API v013
EU,2022-02-05,EU,eu,399.3311,1116.6739,35.76,3766.25,606.65,3310.3,2703.7,11389.84,19629.65,-0.24,E,35.76,59.235,GIE AGSI+ API v013
EU,2022-02-06,EU,eu,396.8214,1116.6739,35.54,3766.25,652.8,3082,2429.2,11389.92,19629.45,-0.22,E,35.54,58.72,GIE AGSI+ API v013
EU,2022-02-07,EU,eu,392.4174,1116.6749,35.14,3766.25,335.64,4715.1,4379.5,11389.99,19629.38,-0.39,E,35.14,58.19,GIE AGSI+ API v013
EU,2022-02-08,EU,eu,388.3226,1116.6749,34.77,3766.25,354.28,4435.8,4081.5,11390.35,19628.41,-0.37,E,34.77,57.575,GIE AGSI+ API v013
EU,2022-02-09,EU,eu,384.4337,1116.6749,34.43,3766.25,522.27,4508.1,3985.8,11390.56,19627.87,-0.35,E,34.43,56.99,GIE AGSI+ API v013
EU,2022-02-10,EU,eu,379.8319,1116.6749,34.01,3766.25,466.19,5062.6,4596.4,11390.94,19626.86,-0.41,E,34.01,56.37,GIE AGSI+ API v013
EU,2022-02-11,EU,eu,375.1295,1116.6749,33.59,3766.25,446.27,5162.5,4716.2,11391.23,19594.88,-0.42,E,33.59,55.73,GIE AGSI+ API v013
EU,2022-02-12,EU,eu,371.3088,1116.6749,33.25,3766.25,496.53,4274.3,3777.8,11391.52,19594.11,-0.34,E,33.25,54.98,GIE AGSI+ API v013
EU,2022-02-13,EU,eu,368.3807,1116.6749,32.99,3766.25,801.32,3723,2921.7,11391.73,19593.58,-0.26,E,32.99,54.285,GIE AGSI+ API v013
EU,2022-02-14,EU,eu,364.4237,1116.6725,32.63,3766.25,629.81,4619.8,3990,11391.79,19593.14,-0.35,E,32.63,53.68,GIE AGSI+ API v013
EU,2022-02-15,EU,eu,360.3072,1116.6725,32.27,3766.25,391.03,4349.6,3958.6,11391.88,19592.9,-0.37,E,32.27,53.19,GIE AGSI+ API v013
EU,2022-02-16,EU,eu,356.9757,1116.6725,31.97,3766.25,634.6,3968.9,3334.3,11392.04,19592.47,-0.3,E,31.97,52.815,GIE AGSI+ API v013
EU,2022-02-17,EU,eu,354.4056,1116.6725,31.74,3766.25,733.93,3351.4,2617.5,11392.21,19592.01,-0.23,E,31.74,52.42,GIE AGSI+ API v013
EU,2022-02-18,EU,eu,351.7258,1116.6725,31.5,3766.25,581.23,3260.8,2679.6,11392.11,19592.29,-0.24,E,31.5,52.015,GIE AGSI+ API v013
EU,2022-02-19,EU,eu,349.2588,1116.6725,31.28,3766.25,735.58,3207.9,2472.3,11392.15,19592.18,-0.22,E,31.28,51.59,GIE AGSI+ API v013
EU,2022-02-20,EU,eu,347.3623,1116.6725,31.11,3766.25,888.2,2784.5,1896.3,11392.46,19591.36,-0.17,E,31.11,51.285,GIE AGSI+ API v013
EU,2022-02-21,EU,eu,343.7363,1116.6725,30.78,3766.25,373.84,4021.9,3648,11392.73,19550.34,-0.32,E,30.78,51,GIE AGSI+ API v013
EU,2022-02-22,EU,eu,340.0494,1116.6725,30.45,3766.25,415.67,4094,3678.4,11393.08,19549.42,-0.33,E,30.45,50.715,GIE AGSI+ API v013
EU,2022-02-23,EU,eu,336.967,1116.6725,30.18,3766.25,496,3577.9,3081.9,11393.4,19548.59,-0.28,E,30.18,50.49,GIE AGSI+ API v013
EU,2022-02-24,EU,eu,334.1767,1116.6725,29.93,3766.25,506.01,3280,2774,11393.77,19547.62,-0.25,E,29.93,50.245,GIE AGSI+ API v013
EU,2022-02-25,EU,eu,331.4167,1116.6725,29.68,3766.25,375.17,3286.4,2911.2,11425.77,19546.88,-0.25,E,29.68,49.965,GIE AGSI+ API v013
EU,2022-02-26,EU,eu,329.5142,1116.6725,29.51,3766.25,742.71,2653.5,1910.8,11505.34,19545.89,-0.17,E,29.51,49.58,GIE AGSI+ API v013
EU,2022-02-27,EU,eu,327.7781,1116.6725,29.35,3766.25,987.44,2712.4,1724.9,11495.55,19545.35,-0.16,E,29.35,49.21,GIE AGSI+ API v013
EU,2022-02-28,EU,eu,323.9264,1116.671,29.01,3766.25,621.12,4451,3829.9,11469.01,19544.71,-0.34,E,29.01,48.86,GIE AGSI+ API v013
EU,2022-03-01,EU,eu,320.018,1116.671,28.66,3766.25,684.53,4537.3,3852.8,11472.82,19520.05,-0.35,E,28.66,48.475,GIE AGSI+ API v013
EU,2022-03-02,EU,eu,316.3522,1116.671,28.33,3766.25,644.17,4315.4,3671.2,11478.23,19518.97,-0.33,E,28.33,48.095,GIE AGSI+ API v013
EU,2022-03-03,EU,eu,312.9677,1116.671,28.03,3766.25,639.55,3982.2,3342.7,11478.63,19517.9,-0.3,E,28.03,47.715,GIE AGSI+ API v013
EU,2022-03-04,EU,eu,309.9788,1116.671,27.76,3766.25,790.67,3770.3,2979.7,11500.71,19516.97,-0.27,E,27.76,47.32,GIE AGSI+ API v013
EU,2022-03-05,EU,eu,307.9094,1116.671,27.57,3766.25,949.53,3011,2061.4,11501.06,19516.03,-0.19,E,27.57,46.89,GIE AGSI+ API v013
EU,2022-03-06,EU,eu,305.5945,1116.671,27.37,3766.25,909.86,3219.2,2309.4,11501.28,19491.86,-0.21,E,27.37,46.55,GIE AGSI+ API v013
EU,2022-03-07,EU,eu,301.3755,1116.671,26.99,3766.25,647.77,4848.9,4201.1,11501.53,19491.21,-0.38,E,26.99,46.3,GIE AGSI+ API v013
EU,2022-03-08,EU,eu,297.842,1116.671,26.67,3766.25,598.92,4114.9,3516,11496.83,19490.4,-0.32,E,26.67,45.995,GIE AGSI+ API v013
EU,2022-03-09,EU,eu,295.1212,1116.671,26.43,3766.25,803.75,3391,2587.3,11506.76,19490.58,-0.24,E,26.43,45.61,GIE AGSI+ API v013
EU,2022-03-10,EU,eu,294.1433,1116.671,26.34,3766.25,1857.9,2822.9,965,11506.68,19490.81,-0.09,E,26.34,45.325,GIE AGSI+ API v013
EU,2022-03-11,EU,eu,292.9763,1116.671,26.24,3766.25,1458.27,2617.1,1158.8,11506.43,19491.45,-0.1,E,26.24,45.155,GIE AGSI+ API v013
EU,2022-03-12,EU,eu,292.9924,1116.671,26.24,3766.25,1888,1966,78,11506.07,19492.41,0,E,26.24,45.105,GIE AGSI+ API v013
EU,2022-03-13,EU,eu,292.9607,1116.671,26.24,3766.25,1814.02,1820.9,6.9,11510.81,19493.09,-0,E,26.24,44.845,GIE AGSI+ API v013
EU,2022-03-14,EU,eu,290.9945,1116.67,26.06,3766.25,817.17,2646.9,1829.8,11510.57,19493.61,-0.18,E,26.06,44.7,GIE AGSI+ API v013
EU,2022-03-15,EU,eu,289.226,1116.6785,25.9,3766.25,849.63,2596.2,1746.6,11518.72,19510.65,-0.16,E,25.9,44.555,GIE AGSI+ API v013
EU,2022-03-16,EU,eu,288.0839,1116.6785,25.8,3766.25,1448.9,2585.1,1136.2,11530.02,19510.65,-0.1,E,25.8,44.33,GIE AGSI+ API v013
EU,2022-03-17,EU,eu,287.1092,1116.6785,25.71,3766.25,1656.58,2625.9,969.3,11539.94,19510.86,-0.09,E,25.71,44.095,GIE AGSI+ API v013
EU,2022-03-18,EU,eu,286.4804,1116.6785,25.65,3766.25,2013.98,2632.6,618.6,11524.96,19510.8,-0.06,E,25.65,43.86,GIE AGSI+ API v013
EU,2022-03-19,EU,eu,285.4293,1116.6785,25.56,3766.25,2547.49,1679.6,-867.9,11525.01,19510.67,-0.09,E,25.56,43.645,GIE AGSI+ API v013
EU,2022-03-20,EU,eu,287.6582,1116.6785,25.76,3766.25,2256.92,1928.3,-328.6,11527.99,19510.71,0.2,E,25.76,43.505,GIE AGSI+ API v013
EU,2022-03-21,EU,eu,287.0232,1116.6766,25.7,3766.25,1789.98,2423.9,633.9,11533.07,19510.3,-0.06,E,25.7,43.37,GIE AGSI+ API v013
EU,2022-03-22,EU,eu,287.0366,1116.6766,25.7,3766.25,1909.88,1848.1,-61.8,11531.22,19509.88,0,E,25.7,43.175,GIE AGSI+ API v013
EU,2022-03-23,EU,eu,287.473,1116.6766,25.74,3766.25,2065.46,1684.9,-380.5,11531.3,19509.67,0.04,E,25.74,42.935,GIE AGSI+ API v013
EU,2022-03-24,EU,eu,288.8328,1116.6766,25.87,3766.25,2437.68,1498.1,-939.6,11531.38,19509.46,0.12,E,25.87,42.73,GIE AGSI+ API v013
EU,2022-03-25,EU,eu,290.2077,1116.6766,25.99,3766.25,3175.67,1408.6,-1767,11531.49,19509.18,0.12,E,25.99,42.545,GIE AGSI+ API v013
EU,2022-03-26,EU,eu,292.6377,1115.6069,26.23,3766.25,3437.18,1014.5,-2422.6,11337.04,19214.43,0.22,E,26.23,42.435,GIE AGSI+ API v013
EU,2022-03-27,EU,eu,295.2473,1116.6766,26.44,3766.25,3258.77,857.1,-2401.7,11530.53,19511.7,0.23,E,26.44,42.4,GIE AGSI+ API v013
EU,2022-03-28,EU,eu,296.4385,1116.6859,26.55,3766.25,2621.69,1411.9,-1209.8,11519.43,19513.02,0.11,E,26.55,42.415,GIE AGSI+ API v013
EU,2022-03-29,EU,eu,297.5422,1116.6859,26.65,3766.25,2544.94,1425.4,-1119.6,11519.23,19513.56,0.1,E,26.65,42.355,GIE AGSI+ API v013
EU,2022-03-30,EU,eu,297.8521,1116.6859,26.67,3766.25,2024.52,1716.7,-307.8,11518.99,19514.19,0.03,E,26.67,42.345,GIE AGSI+ API v013
EU,2022-03-31,EU,eu,293.761,1113.9859,26.37,3766.25,1749.59,1984.4,234.8,11518.88,19514.47,-0.37,E,26.37,42.155,GIE AGSI+ API v013
EU,2022-04-01,EU,eu,293.897,1107.3653,26.54,3766.25,985.3,2161.1,1175.8,11514.85,19527.68,0.01,E,26.54,42.52,GIE AGSI+ API v013
EU,2022-04-02,EU,eu,293.4023,1107.1829,26.5,3766.25,1167.21,1649.2,482,11523.37,19540.31,-0.04,E,26.5,42.595,GIE AGSI+ API v013
EU,2022-04-03,EU,eu,292.7519,1106.8083,26.45,3766.25,1208.96,1702.3,493.3,11503.85,19546.14,-0.06,E,26.45,42.695,GIE AGSI+ API v013
EU,2022-04-04,EU,eu,291.7666,1106.8083,26.36,3766.25,987.44,1979.6,992.1,11503.93,19545.92,-0.09,E,26.36,42.875,GIE AGSI+ API v013
EU,2022-04-05,EU,eu,291.2176,1106.8083,26.31,3766.25,1115.02,1346,230.9,11504.13,19545.42,-0.05,E,26.31,43.025,GIE AGSI+ API v013
EU,2022-04-06,EU,eu,292.5942,1106.8083,26.44,3766.25,2030.97,671.8,-1359.2,11504.35,19544.84,0.12,E,26.44,43.07,GIE AGSI+ API v013
EU,2022-04-07,EU,eu,294.2388,1106.9859,26.58,3766.25,2465.87,378.6,-2087.3,11512.31,19639.71,0.15,E,26.58,43.04,GIE AGSI+ API v013
EU,2022-04-08,EU,eu,295.9217,1105.7691,26.76,3766.25,2325.26,636.6,-1688.6,11504.24,19638.92,0.15,E,26.76,43.05,GIE AGSI+ API v013
EU,2022-04-09,EU,eu,297.9926,1105.7691,26.95,3766.25,2633.38,514.1,-2119.3,11504.14,19639.18,0.19,E,26.95,43.135,GIE AGSI+ API v013
EU,2022-04-10,EU,eu,300.3703,1105.7691,27.16,3766.25,2558.11,525.1,-2033,11504.03,19633.86,0.22,E,27.16,43.29,GIE AGSI+ API v013
EU,2022-04-11,EU,eu,301.6242,1105.7681,27.28,3766.25,2211.37,635.7,-1575.7,11503.91,19634.08,0.11,E,27.28,43.495,GIE AGSI+ API v013
EU,2022-04-12,EU,eu,304.1278,1105.7681,27.5,3766.25,3069.38,548.9,-2520.5,11503.99,19633.87,0.23,E,27.5,43.595,GIE AGSI+ API v013
EU,2022-04-13,EU,eu,307.0514,1105.7681,27.77,3766.25,3293.38,373.8,-2919.6,11503.92,19609.05,0.26,E,27.77,43.58,GIE AGSI+ API v013
EU,2022-04-14,EU,eu,310.4633,1105.7681,28.08,3766.25,3807.73,389.8,-3418,11503.8,19609.35,0.31,E,28.08,43.58,GIE AGSI+ API v013
EU,2022-04-15,EU,eu,315.2153,1106.3905,28.49,3766.25,4352.68,265.3,-4087.3,11503.42,19610.36,0.43,E,28.49,43.565,GIE AGSI+ API v013
EU,2022-04-16,EU,eu,319.9148,1106.3905,28.92,3766.25,4883.81,182.2,-4701.6,11502.98,19605.32,0.42,E,28.92,43.635,GIE AGSI+ API v013
EU,2022-04-17,EU,eu,324.7294,1106.3905,29.35,3766.25,5003.81,174.3,-4829.5,11502.47,19606.67,0.44,E,29.35,43.79,GIE AGSI+ API v013
EU,2022-04-18,EU,eu,329.2962,1106.39,29.76,3766.25,4903.91,183.2,-4720.8,11501.93,19608.05,0.41,E,29.76,43.995,GIE AGSI+ API v013
EU,2022-04-19,EU,eu,332.4172,1106.39,30.05,3766.25,3494.78,569.9,-2924.9,11501.4,19609.45,0.28,E,30.05,44.17,GIE AGSI+ API v013
EU,2022-04-20,EU,eu,335.1868,1106.39,30.3,3766.25,3424.06,647.1,-2776.9,11501.07,19610.31,0.25,E,30.3,44.305,GIE AGSI+ API v013
EU,2022-04-21,EU,eu,338.2845,1107.537,30.54,3766.25,3567.6,473.7,-3093.9,11523.5,19631.08,0.28,E,30.54,44.505,GIE AGSI+ API v013
EU,2022-04-22,EU,eu,341.8817,1107.537,30.87,3766.25,3978.11,365,-3613.1,11523.13,19632.07,0.32,E,30.87,44.41,GIE AGSI+ API v013
EU,2022-04-23,EU,eu,346.3989,1107.537,31.28,3766.25,4735.43,177.7,-4557.7,11522.83,19632.86,0.41,E,31.28,44.905,GIE AGSI+ API v013
EU,2022-04-24,EU,eu,351.0869,1107.537,31.7,3766.25,4880.37,206.3,-4674.1,11522.43,19633.9,0.42,E,31.7,45.215,GIE AGSI+ API v013
EU,2022-04-25,EU,eu,354.0308,1107.5477,31.97,3766.25,3576.23,658.9,-2917.3,11522.3,19635.48,0.27,E,31.97,45.51,GIE AGSI+ API v013
EU,2022-04-26,EU,eu,356.3135,1107.5477,32.17,3766.25,2920.96,699.3,-2221.6,11523.39,19624.31,0.21,E,32.17,45.735,GIE AGSI+ API v013
EU,2022-04-27,EU,eu,358.4407,1103.0415,32.5,3766.25,2733.05,617.6,-2115.5,11523.6,19623.75,0.19,E,32.5,45.915,GIE AGSI+ API v013
EU,2022-04-28,EU,eu,361.4656,1103.0415,32.77,3766.25,3433.38,394.4,-3039,11527.59,19623.78,0.27,E,32.77,46.095,GIE AGSI+ API v013
EU,2022-04-29,EU,eu,364.7967,1103.0415,33.07,3766.25,3693.31,369,-3324.3,11527.4,19624.28,0.3,E,33.07,46.3,GIE AGSI+ API v013
EU,2022-04-30,EU,eu,368.7328,1101.606,33.47,3766.25,4388.8,160,-4228.8,11527.26,19624.63,0.36,E,33.47,46.36,GIE AGSI+ API v013
EU,2022-05-01,EU,eu,373.7964,1103.838,33.86,3766.25,5178.25,116.8,-5061.4,11531.12,19463.04,0.46,E,33.86,46.765,GIE AGSI+ API v013
EU,2022-05-02,EU,eu,378.1233,1103.8585,34.25,3766.25,4525.83,227.3,-4298.5,11531.84,19464.8,0.39,E,34.25,47.05,GIE AGSI+ API v013
EU,2022-05-03,EU,eu,382.5679,1103.8585,34.66,3766.25,4614.84,166.3,-4448.5,11531.48,19465.76,0.4,E,34.66,47.275,GIE AGSI+ API v013
EU,2022-05-04,EU,eu,386.9052,1103.8585,35.05,3766.25,4766.47,401.2,-4365.3,11531.19,19466.51,0.39,E,35.05,47.49,GIE AGSI+ API v013
EU,2022-05-05,EU,eu,391.4184,1103.8585,35.46,3766.25,4786.78,280.3,-4506.5,11530.82,19467.5,0.41,E,35.46,47.65,GIE AGSI+ API v013
EU,2022-05-06,EU,eu,396.1074,1103.8585,35.88,3766.25,5531.21,842.5,-4688.8,11531.32,19468.81,0.42,E,35.88,47.795,GIE AGSI+ API v013
EU,2022-05-07,EU,eu,401.8442,1103.8585,36.4,3766.25,5904.69,218.2,-5686.5,11531.79,19470.22,0.52,E,36.4,47.98,GIE AGSI+ API v013
EU,2022-05-08,EU,eu,407.5155,1103.8585,36.92,3766.25,5923.71,243.4,-5680.4,11531.26,19471.62,0.51,E,36.92,48.325,GIE AGSI+ API v013
EU,2022-05-09,EU,eu,412.3347,1103.8595,37.35,3766.25,5330.21,520.2,-4810,11514.26,19473.05,0.44,E,37.35,48.78,GIE AGSI+ API v013
EU,2022-05-10,EU,eu,416.9331,1103.8595,37.77,3766.25,5406.01,803.8,-4602.2,11513.72,19474.46,0.42,E,37.77,49.17,GIE AGSI+ API v013
EU,2022-05-11,EU,eu,421.8772,1103.8595,38.22,3766.25,5439.03,498.8,-4940.3,11514.18,19482.33,0.45,E,38.22,49.49,GIE AGSI+ API v013
EU,2022-05-12,EU,eu,426.6538,1103.8595,38.65,3766.25,5397.44,705.3,-4692.2,11513.65,19483.72,0.43,E,38.65,49.7,GIE AGSI+ API v013
EU,2022-05-13,EU,eu,432.2637,1102.7513,39.2,3766.25,5766.7,180.3,-5586.4,11523.13,19485.11,0.51,E,39.2,49.955,GIE AGSI+ API v013
EU,2022-05-14,EU,eu,438.4219,1102.7513,39.76,3766.25,6223.65,82.8,-6140.8,11530.73,19486.45,0.56,E,39.76,50.225,GIE AGSI+ API v013
EU,2022-05-15,EU,eu,444.8755,1102.7513,40.34,3766.25,6517.6,63.9,-6453.7,11530.29,19487.63,0.59,E,40.34,50.51,GIE AGSI+ API v013
EU,2022-05-16,EU,eu,449.6483,1102.7713,40.77,3766.25,5066.53,308.3,-4758.3,11530.33,19489.79,0.43,E,40.77,50.83,GIE AGSI+ API v013
EU,2022-05-17,EU,eu,454.0455,1102.7713,41.17,3766.25,4615.53,238.1,-4377.5,11529.85,19491.05,0.4,E,41.17,51.14,GIE AGSI+ API v013
EU,2022-05-18,EU,eu,458.4326,1102.7503,41.57,3766.25,4719.2,287.1,-4432.1,11529.46,19492.1,0.4,E,41.57,51.375,GIE AGSI+ API v013
EU,2022-05-19,EU,eu,463.2931,1102.7503,42.01,3766.25,5020.51,226.4,-4794.2,11528.94,19493.46,0.44,E,42.01,51.605,GIE AGSI+ API v013
EU,2022-05-20,EU,eu,468.4334,1102.7503,42.48,3766.25,5226.38,235.4,-4991,11528.43,19494.81,0.47,E,42.48,51.86,GIE AGSI+ API v013
EU,2022-05-21,EU,eu,474.3776,1102.7503,43.02,3766.25,6039.64,94.6,-5945,11527.94,19496.09,0.54,E,43.02,52.2,GIE AGSI+ API v013
EU,2022-05-22,EU,eu,480.2333,1102.7503,43.55,3766.25,5957.11,112.4,-5844.7,11527.45,19497.4,0.53,E,43.55,52.6,GIE AGSI+ API v013
EU,2022-05-23,EU,eu,485.0387,1102.7664,43.98,3766.25,5041.55,246.2,-4795.4,11527.33,19499.55,0.44,E,43.98,52.995,GIE AGSI+ API v013
EU,2022-05-24,EU,eu,489.708,1102.7664,44.41,3766.25,4954.15,262.9,-4691.2,11526.83,19500.88,0.42,E,44.41,53.35,GIE AGSI+ API v013
EU,2022-05-25,EU,eu,494.729,1102.7664,44.86,3766.25,5184.87,278.4,-4906.5,11526.84,19500.85,0.46,E,44.86,53.63,GIE AGSI+ API v013
EU,2022-05-26,EU,eu,500.0618,1102.7664,45.35,3766.25,5509.26,167.6,-5341.7,11526.33,19502.2,0.48,E,45.35,53.865,GIE AGSI+ API v013
EU,2022-05-27,EU,eu,505.3683,1102.7664,45.83,3766.25,5395.09,93.2,-5301.9,11525.82,19503.53,0.48,E,45.83,54.045,GIE AGSI+ API v013
EU,2022-05-28,EU,eu,510.7558,1102.7664,46.32,3766.25,5514.97,132.2,-5382.7,11525.32,19504.86,0.49,E,46.32,54.375,GIE AGSI+ API v013
EU,2022-05-29,EU,eu,515.9441,1102.7664,46.79,3766.25,5373.56,204.1,-5169.5,11524.8,19506.22,0.47,E,46.79,54.705,GIE AGSI+ API v013
EU,2022-05-30,EU,eu,519.5383,1102.784,47.11,3766.25,4073.87,672.2,-3401.7,11524.64,19508.43,0.33,E,47.11,55.08,GIE AGSI+ API v013
EU,2022-05-31,EU,eu,522.7593,1102.784,47.4,3766.25,3920.87,528.6,-3392.2,11524.22,19509.77,0.29,E,47.4,55.365,GIE AGSI+ API v013
EU,2022-06-01,EU,eu,526.5777,1102.7839,47.75,3766.25,4111.98,281.4,-3830.6,11580.24,19585.02,0.35,E,47.75,55.665,GIE AGSI+ API v013
EU,2022-06-02,EU,eu,531.0707,1102.7839,48.16,3766.25,4796.68,287,-4509.7,11579.73,19586.35,0.41,E,48.16,56,GIE AGSI+ API v013
EU,2022-06-03,EU,eu,535.7671,1102.7839,48.58,3766.25,4851.11,192.7,-4658.4,11579.23,19587.69,0.43,E,48.58,56.325,GIE AGSI+ API v013
EU,2022-06-04,EU,eu,541.3408,1102.7839,49.09,3766.25,5706.35,142.1,-5564.3,11547,19589.02,0.51,E,49.09,56.65,GIE AGSI+ API v013
EU,2022-06-05,EU,eu,546.9115,1102.7839,49.59,3766.25,5721.37,162.5,-5558.9,11546.5,19590.34,0.51,E,49.59,56.99,GIE AGSI+ API v013
EU,2022-06-06,EU,eu,551.9051,1102.8015,50.05,3766.25,5154.91,179.6,-4975.3,11546.43,19592.54,0.45,E,50.05,57.375,GIE AGSI+ API v013
EU,2022-06-07,EU,eu,555.7274,1102.8015,50.39,3766.25,4270.9,457.3,-3813.6,11545.93,19593.86,0.35,E,50.39,57.705,GIE AGSI+ API v013
EU,2022-06-08,EU,eu,558.6392,1102.8015,50.66,3766.25,3750.41,848,-2902.4,11539.09,19595.17,0.26,E,50.66,57.94,GIE AGSI+ API v013
EU,2022-06-09,EU,eu,561.2394,1102.8016,50.89,3766.25,3760.14,894.5,-2865.6,11538.72,19596.14,0.24,E,50.89,58.125,GIE AGSI+ API v013
EU,2022-06-10,EU,eu,563.8665,1102.8015,51.13,3766.25,4018.14,627.5,-3390.6,11539.06,19595.23,0.24,E,51.13,58.35,GIE AGSI+ API v013
EU,2022-06-11,EU,eu,569.6185,1102.8015,51.65,3766.25,5814.42,72.8,-5741.6,11538.57,19596.52,0.52,E,51.65,58.625,GIE AGSI+ API v013
EU,2022-06-12,EU,eu,575.3248,1102.8015,52.17,3766.25,6020.98,71.6,-5949.4,11538.07,19597.85,0.52,E,52.17,58.98,GIE AGSI+ API v013
EU,2022-06-13,EU,eu,580.0739,1102.8069,52.6,3766.25,4280.77,229.3,-4051.4,11537.74,19599.55,0.43,E,52.6,59.385,GIE AGSI+ API v013
EU,2022-06-14,EU,eu,583.7135,1102.8082,52.93,3766.25,3984.44,396.8,-3587.6,11585.51,19631.25,0.33,E,52.93,59.74,GIE AGSI+ API v013
EU,2022-06-15,EU,eu,587.3955,1102.8085,53.26,3766.25,3957.89,286.1,-3671.8,11584.98,19632.7,0.33,E,53.26,59.99,GIE AGSI+ API v013
EU,2022-06-16,EU,eu,591.0715,1102.8086,53.6,3766.25,3979.53,303.2,-3676.3,11584.45,19634.14,0.33,E,53.6,60.22,GIE AGSI+ API v013
EU,2022-06-17,EU,eu,594.8578,1103.1503,53.92,3766.25,4019.29,207.3,-3812,11583.32,19637.23,0.34,E,53.92,60.445,GIE AGSI+ API v013
EU,2022-06-18,EU,eu,599.6499,1103.1512,54.36,3766.25,5058.28,233.5,-4824.8,11600.49,19638.83,0.43,E,54.36,60.72,GIE AGSI+ API v013
EU,2022-06-19,EU,eu,604.4824,1103.1522,54.8,3766.25,5046.94,213.6,-4833.3,11599.44,19640.47,0.44,E,54.8,61.025,GIE AGSI+ API v013
EU,2022-06-20,EU,eu,608.0218,1103.1244,55.12,3766.25,3944.35,403.8,-3540.6,11598.66,19640.66,0.32,E,55.12,61.395,GIE AGSI+ API v013
EU,2022-06-21,EU,eu,614.054,1111.0844,55.27,3766.25,3846.89,380.8,-3466.1,11682.07,19754.44,0.54,E,55.27,61.725,GIE AGSI+ API v013
EU,2022-06-22,EU,eu,617.0949,1110.9744,55.55,3766.25,3337.58,355.1,-2982.5,11689.53,19784.42,0.27,E,55.55,61.955,GIE AGSI+ API v013
EU,2022-06-23,EU,eu,620.1468,1110.9744,55.82,3766.25,3450.73,249.9,-3200.8,11702.02,19832.19,0.27,E,55.82,62.17,GIE AGSI+ API v013
EU,2022-06-24,EU,eu,623.7243,1110.9744,56.14,3766.25,3898.55,227.7,-3670.9,11701.69,19833.06,0.32,E,56.14,62.38,GIE AGSI+ API v013
EU,2022-06-25,EU,eu,628.502,1110.9745,56.57,3766.25,4935.9,138.1,-4797.8,11703.14,19834.6,0.43,E,56.57,62.615,GIE AGSI+ API v013
EU,2022-06-26,EU,eu,633.3563,1110.9749,57.01,3766.25,4983.31,130.6,-4852.7,11702.61,19836.04,0.44,E,57.01,62.925,GIE AGSI+ API v013
EU,2022-06-27,EU,eu,636.6311,1110.9566,57.3,3766.25,3791.6,516.1,-3275.4,11701.21,19835.02,0.29,E,57.3,63.29,GIE AGSI+ API v013
EU,2022-06-28,EU,eu,640.1583,1111.1066,57.61,3766.25,3895.25,466.2,-3429,11700.77,19836.18,0.32,E,57.61,63.62,GIE AGSI+ API v013
EU,2022-06-29,EU,eu,643.4265,1111.1066,57.91,3766.25,3847.53,565.6,-3281.9,11700.4,19837.15,0.29,E,57.91,63.89,GIE AGSI+ API v013
EU,2022-06-30,EU,eu,646.506,1111.1066,58.19,3766.25,3912.29,764.2,-3148.1,11716.27,19838.44,0.28,E,58.19,64.075,GIE AGSI+ API v013
EU,2022-07-01,EU,eu,650.7038,1111.2959,58.55,3766.25,4446.75,368.7,-4078.1,11716.22,19838.59,0.38,E,58.55,64.31,GIE AGSI+ API v013
EU,2022-07-02,EU,eu,655.4738,1111.296,58.98,3766.25,5084.23,302.9,-4781.3,11715.93,19839.4,0.43,E,58.98,64.535,GIE AGSI+ API v013
EU,2022-07-03,EU,eu,660.5334,1111.2961,59.44,3766.25,5303.47,237.2,-5066.3,11715.57,19840.36,0.46,E,59.44,64.89,GIE AGSI+ API v013
EU,2022-07-04,EU,eu,664.6153,1111.3203,59.8,3766.25,4360.39,275.3,-4085,11708.9,19842.61,0.37,E,59.8,65.295,GIE AGSI+ API v013
EU,2022-07-05,EU,eu,668.5845,1111.3203,60.16,3766.25,4261.78,278.6,-3983.2,11708.57,19843.49,0.36,E,60.16,65.675,GIE AGSI+ API v013
EU,2022-07-06,EU,eu,672.5842,1111.3203,60.52,3766.25,4377.48,372.4,-4005.1,11708.31,19844.19,0.36,E,60.52,65.915,GIE AGSI+ API v013
EU,2022-07-07,EU,eu,676.4676,1111.3211,60.87,3766.25,4417.28,522.8,-3894.5,11708.03,19845.1,0.35,E,60.87,66.095,GIE AGSI+ API v013
EU,2022-07-08,EU,eu,680.3679,1111.3211,61.22,3766.25,4340.88,424.9,-3915.9,11707.88,19845.51,0.35,E,61.22,66.255,GIE AGSI+ API v013
EU,2022-07-09,EU,eu,685.6538,1111.3211,61.7,3766.25,5484.89,179.5,-5305.4,11707.61,19846.22,0.48,E,61.7,66.45,GIE AGSI+ API v013
EU,2022-07-10,EU,eu,690.8969,1111.3211,62.17,3766.25,5439.25,183.4,-5255.8,11707.14,19847.47,0.47,E,62.17,66.75,GIE AGSI+ API v013
EU,2022-07-11,EU,eu,693.5519,1111.3313,62.41,3766.25,3607.69,792.7,-2815,11706.91,19849.23,0.24,E,62.41,67.12,GIE AGSI+ API v013
EU,2022-07-12,EU,eu,696.433,1111.3313,62.67,3766.25,4130.7,1233.3,-2897.4,11713.65,19849.66,0.26,E,62.67,67.45,GIE AGSI+ API v013
EU,2022-07-13,EU,eu,699.5628,1111.3313,62.95,3766.25,4054.13,910.5,-3143.6,11713.38,19850.38,0.28,E,62.95,67.66,GIE AGSI+ API v013
EU,2022-07-14,EU,eu,703.0542,1111.4413,63.26,3766.25,4291.37,796,-3495.4,11713.02,19851.3,0.31,E,63.26,67.79,GIE AGSI+ API v013
EU,2022-07-15,EU,eu,706.7668,1111.4413,63.59,3766.25,4654.34,933.4,-3721,11712.66,19852.24,0.33,E,63.59,67.875,GIE AGSI+ API v013
EU,2022-07-16,EU,eu,711.5183,1111.4413,64.02,3766.25,5355.42,608.7,-4746.8,11712.28,19853.25,0.43,E,64.02,68.055,GIE AGSI+ API v013
EU,2022-07-17,EU,eu,716.0245,1111.4413,64.42,3766.25,5033.62,523.2,-4510.4,11711.89,19854.28,0.41,E,64.42,68.24,GIE AGSI+ API v013
EU,2022-07-18,EU,eu,719.3617,1111.4462,64.72,3766.25,4194.54,864.6,-3330,11711.63,19855.53,0.3,E,64.72,68.455,GIE AGSI+ API v013
EU,2022-07-19,EU,eu,722.1142,1111.4462,64.97,3766.25,3865.44,976.4,-2889,11711.42,19856.08,0.25,E,64.97,68.65,GIE AGSI+ API v013
EU,2022-07-20,EU,eu,724.8959,1111.4462,65.22,3766.25,3770.53,990.6,-2780,11711.12,19856.87,0.25,E,65.22,68.785,GIE AGSI+ API v013
EU,2022-07-21,EU,eu,727.9941,1111.4462,65.5,3766.25,3986.79,894.4,-3092.4,11710.75,19857.85,0.28,E,65.5,68.885,GIE AGSI+ API v013
EU,2022-07-22,EU,eu,731.8093,1111.4462,65.84,3766.25,4317.82,507.7,-3810.2,11693.33,19858.54,0.34,E,65.84,68.98,GIE AGSI+ API v013
EU,2022-07-23,EU,eu,736.5857,1111.4461,66.27,3766.25,4889.46,166.5,-4723,11692.97,19859.47,0.43,E,66.27,69.175,GIE AGSI+ API v013
EU,2022-07-24,EU,eu,741.7096,1111.4461,66.73,3766.25,5197.84,87.3,-5110.5,11692.57,19860.53,0.46,E,66.73,69.42,GIE AGSI+ API v013
EU,2022-07-25,EU,eu,746.0328,1111.4598,67.12,3766.25,4533.37,222.9,-4310.5,11684,19862.23,0.39,E,67.12,69.65,GIE AGSI+ API v013
EU,2022-07-26,EU,eu,750.0578,1111.4598,67.48,3766.25,4295.24,281.2,-4014.1,11683.39,19863.14,0.36,E,67.48,69.965,GIE AGSI+ API v013
EU,2022-07-27,EU,eu,753.9249,1111.4598,67.83,3766.25,4294.84,435.9,-3858.9,11683.25,19863.49,0.35,E,67.83,70.23,GIE AGSI+ API v013
EU,2022-07-28,EU,eu,757.7655,1111.4598,68.18,3766.25,4214.27,376.6,-3837.7,11683.25,19863.5,0.35,E,68.18,70.5,GIE AGSI+ API v013
EU,2022-07-29,EU,eu,761.4913,1111.4598,68.51,3766.25,4075.33,357.4,-3717.9,11683.16,19863.74,0.34,E,68.51,70.765,GIE AGSI+ API v013
EU,2022-07-30,EU,eu,766.1234,1111.4598,68.93,3766.25,4774.53,154.8,-4619.7,11700.23,19863.97,0.42,E,68.93,71.015,GIE AGSI+ API v013
EU,2022-07-31,EU,eu,770.3283,1111.4598,69.31,3766.25,4970.88,159.6,-4811.3,11699.94,19864.74,0.38,E,69.31,71.13,GIE AGSI+ API v013
EU,2022-08-01,EU,eu,774.7829,1104.2352,70.16,3766.25,4194.62,224.9,-3969.7,11637.48,19796.1,0.4,E,70.16,71.61,GIE AGSI+ API v013
EU,2022-08-02,EU,eu,779.0509,1104.2342,70.55,3766.25,4419.14,162.9,-4256.3,11637.31,19796.55,0.39,E,70.55,71.925,GIE AGSI+ API v013
EU,2022-08-03,EU,eu,783.0479,1104.2342,70.91,3766.25,4158.32,159.1,-3999.3,11636.98,19797.42,0.36,E,70.91,72.175,GIE AGSI+ API v013
EU,2022-08-04,EU,eu,786.1631,1104.1442,71.2,3766.25,3939.88,310,-3629.9,11636.65,19798.3,0.28,E,71.2,72.415,GIE AGSI+ API v013
EU,2022-08-05,EU,eu,790.2438,1111.4071,71.1,3766.25,4374.4,280.6,-4093.8,11699.47,19868.79,0.37,E,71.1,72.645,GIE AGSI+ API v013
EU,2022-08-06,EU,eu,795.267,1111.4071,71.55,3766.25,5142.04,111.5,-5030.5,11699.34,19869.12,0.45,E,71.55,72.925,GIE AGSI+ API v013
EU,2022-08-07,EU,eu,800.4608,1111.4071,72.02,3766.25,5288.93,83.1,-5205.8,11699,19870.02,0.47,E,72.02,73.23,GIE AGSI+ API v013
EU,2022-08-08,EU,eu,804.6915,1111.4076,72.4,3766.25,4504.22,269.5,-4234.7,11677.76,19795.76,0.38,E,72.4,73.57,GIE AGSI+ API v013
EU,2022-08-09,EU,eu,809.0264,1111.4076,72.79,3766.25,4504.59,154.4,-4350.2,11685.41,19825.24,0.39,E,72.79,73.88,GIE AGSI+ API v013
EU,2022-08-10,EU,eu,813.52,1111.3788,73.2,3766.25,4655.01,210.4,-4444.6,11698.22,19872.15,0.4,E,73.2,74.1,GIE AGSI+ API v013
EU,2022-08-11,EU,eu,817.6375,1111.3788,73.57,3766.25,4450.68,371.4,-4079.2,11697.96,19872.84,0.37,E,73.57,74.36,GIE AGSI+ API v013
EU,2022-08-12,EU,eu,821.9575,1111.6165,73.94,3766.25,4522.75,186.4,-4336.4,11697.76,19873.37,0.39,E,73.94,74.605,GIE AGSI+ API v013
EU,2022-08-13,EU,eu,826.8823,1111.6165,74.39,3766.25,5061.27,124.8,-4936.5,11697.51,19874.01,0.44,E,74.39,74.865,GIE AGSI+ API v013
EU,2022-08-14,EU,eu,831.7792,1111.6165,74.83,3766.25,5054.78,132.6,-4922.2,11697.12,19875.06,0.44,E,74.83,75.18,GIE AGSI+ API v013
EU,2022-08-15,EU,eu,836.2396,1111.8592,75.21,3766.25,4694.64,222.6,-4472,11698.36,19879.41,0.4,E,75.21,75.51,GIE AGSI+ API v013
EU,2022-08-16,EU,eu,840.2262,1111.8592,75.57,3766.25,4359.98,221.7,-4138.3,11697.94,19880.52,0.36,E,75.57,75.83,GIE AGSI+ API v013
EU,2022-08-17,EU,eu,843.8238,1111.8592,75.89,3766.25,3994.98,384.7,-3610.3,11697.52,19881.62,0.32,E,75.89,76.08,GIE AGSI+ API v013
EU,2022-08-18,EU,eu,847.6932,1112.5571,76.19,3766.25,4294.83,413.2,-3881.6,11697.53,19881.58,0.35,E,76.19,76.33,GIE AGSI+ API v013
EU,2022-08-19,EU,eu,851.8611,1112.5571,76.57,3766.25,4380.57,201.1,-4179.5,11697.72,19881.09,0.37,E,76.57,76.575,GIE AGSI+ API v013
EU,2022-08-20,EU,eu,856.726,1112.5571,77.01,3766.25,4983.22,109.4,-4873.8,11697.63,19881.33,0.44,E,77.01,76.83,GIE AGSI+ API v013
EU,2022-08-21,EU,eu,861.512,1112.5571,77.44,3766.25,4948.13,152.4,-4795.7,11697.14,19882.61,0.43,E,77.44,77.135,GIE AGSI+ API v013
EU,2022-08-22,EU,eu,865.1155,1112.5576,77.76,3766.25,3888.53,283.4,-3605.1,11696.77,19883.66,0.32,E,77.76,77.47,GIE AGSI+ API v013
EU,2022-08-23,EU,eu,868.6321,1112.6087,78.07,3766.25,3777.78,269.5,-3508.3,11697.24,19883.92,0.32,E,78.07,77.775,GIE AGSI+ API v013
EU,2022-08-24,EU,eu,872.3581,1113.2163,78.36,3766.25,4016.83,325.3,-3691.5,11697.07,19884.36,0.33,E,78.36,78.005,GIE AGSI+ API v013
EU,2022-08-25,EU,eu,876.1216,1113.2163,78.7,3766.25,4040.4,316.6,-3723.8,11696.96,19884.65,0.34,E,78.7,78.225,GIE AGSI+ API v013
EU,2022-08-26,EU,eu,879.6624,1113.2163,79.02,3766.25,3908.89,378.4,-3530.4,11696.57,19885.68,0.32,E,79.02,78.445,GIE AGSI+ API v013
EU,2022-08-27,EU,eu,883.9365,1113.2163,79.4,3766.25,4360.83,86.7,-4274.1,11679.21,19886.22,0.38,E,79.4,78.65,GIE AGSI+ API v013
EU,2022-08-28,EU,eu,888.3667,1113.2163,79.8,3766.25,4599.82,91.9,-4507.9,11678.91,19887,0.4,E,79.8,78.805,GIE AGSI+ API v013
EU,2022-08-29,EU,eu,891.4736,1113.1868,80.08,3766.25,3534.19,428.6,-3105.5,11679.5,19888.83,0.28,E,80.08,79.065,GIE AGSI+ API v013
EU,2022-08-30,EU,eu,894.4697,1113.1868,80.35,3766.25,3652.98,516.7,-3136.3,11679.28,19889.43,0.27,E,80.35,79.3,GIE AGSI+ API v013
EU,2022-08-31,EU,eu,895.7715,1113.1868,80.47,3766.25,3685.91,650.1,-3035.8,11679.06,19890.01,0.12,E,80.47,79.265,GIE AGSI+ API v013
EU,2022-09-01,EU,eu,899.7772,1114.2842,80.75,3766.25,3433.61,677.9,-2755.7,11728.85,19890.21,0.36,E,80.75,79.475,GIE AGSI+ API v013
EU,2022-09-02,EU,eu,903.0806,1114.2842,81.05,3766.25,3792.25,321.4,-3470.8,11728.91,19890.06,0.3,E,81.05,79.715,GIE AGSI+ API v013
EU,2022-09-03,EU,eu,907.5318,1114.2842,81.45,3766.25,4626.62,209.2,-4417.4,11728.7,19890.6,0.4,E,81.45,79.905,GIE AGSI+ API v013
EU,2022-09-04,EU,eu,912.133,1114.2842,81.86,3766.25,4745.63,196.9,-4548.7,11728.49,19891.17,0.41,E,81.86,80.13,GIE AGSI+ API v013
EU,2022-09-05,EU,eu,915.5598,1114.2907,82.17,3766.25,3776.29,386.3,-3390,11749.64,19887.04,0.31,E,82.17,80.415,GIE AGSI+ API v013
EU,2022-09-06,EU,eu,918.8292,1114.2907,82.46,3766.25,3716.84,483.7,-3233.1,11753.27,19892.42,0.29,E,82.46,80.695,GIE AGSI+ API v013
EU,2022-09-07,EU,eu,921.365,1114.2907,82.69,3766.25,3229.67,738.9,-2490.8,11753.05,19892.98,0.23,E,82.69,80.845,GIE AGSI+ API v013
EU,2022-09-08,EU,eu,924.7981,1114.2907,82.99,3766.25,3791.61,397,-3394.6,11753.09,19892.89,0.31,E,82.99,81.005,GIE AGSI+ API v013
EU,2022-09-09,EU,eu,928.0413,1114.2907,83.29,3766.25,3733.97,555.8,-3178.2,11752.91,19893.36,0.29,E,83.29,81.175,GIE AGSI+ API v013
EU,2022-09-10,EU,eu,931.9245,1114.2907,83.63,3766.25,4216.48,403.9,-3812.6,11752.67,19893.99,0.35,E,83.63,81.325,GIE AGSI+ API v013
EU,2022-09-11,EU,eu,935.8973,1114.2907,83.99,3766.25,4190.01,267.3,-3922.7,11752.45,19894.57,0.36,E,83.99,81.545,GIE AGSI+ API v013
EU,2022-09-12,EU,eu,938.707,1114.2907,84.24,3766.25,3152.86,377.4,-2775.5,11752.23,19895.14,0.25,E,84.24,81.82,GIE AGSI+ API v013
EU,2022-09-13,EU,eu,941.3366,1114.088,84.49,3766.25,3011.52,407.4,-2604.1,11747.5,19886.77,0.24,E,84.49,82.04,GIE AGSI+ API v013
EU,2022-09-14,EU,eu,943.8733,1114.088,84.72,3766.25,2971.93,475.6,-2496.3,11747.33,19887.22,0.23,E,84.72,82.17,GIE AGSI+ API v013
EU,2022-09-15,EU,eu,946.6639,1114.088,84.97,3766.25,3132.28,380.3,-2752,11747.18,19887.61,0.25,E,84.97,82.28,GIE AGSI+ API v013
EU,2022-09-16,EU,eu,950.3228,1114.088,85.3,3766.25,3908.59,142.9,-3765.6,11746.98,19888.13,0.33,E,85.3,82.39,GIE AGSI+ API v013
EU,2022-09-17,EU,eu,954.4169,1114.088,85.67,3766.25,4239.18,184.2,-4055,11746.77,19888.7,0.37,E,85.67,82.475,GIE AGSI+ API v013
EU,2022-09-18,EU,eu,958.4001,1114.088,86.03,3766.25,4130.36,180.4,-3949.9,11746.62,19889.08,0.36,E,86.03,82.695,GIE AGSI+ API v013
EU,2022-09-19,EU,eu,960.9462,1114.088,86.25,3766.25,2863.68,355.1,-2508.6,11746.53,19889.32,0.23,E,86.25,82.945,GIE AGSI+ API v013
EU,2022-09-20,EU,eu,963.3722,1114.088,86.47,3766.25,2640.48,246.4,-2394.1,11722.47,19889.47,0.22,E,86.47,83.13,GIE AGSI+ API v013
EU,2022-09-21,EU,eu,965.738,1114.0911,86.68,3766.25,2667.5,336.7,-2330.8,11722.44,19889.55,0.21,E,86.68,83.255,GIE AGSI+ API v013
EU,2022-09-22,EU,eu,968.2078,1114.2075,86.9,3766.25,2766.23,267.3,-2498.9,11746.41,19889.64,0.22,E,86.9,83.375,GIE AGSI+ API v013
EU,2022-09-23,EU,eu,970.8637,1114.2173,87.13,3766.25,2244.35,188.6,-2055.8,11746.36,19889.76,0.24,E,87.13,83.525,GIE AGSI+ API v013
EU,2022-09-24,EU,eu,974.28,1114.219,87.44,3766.25,3543.28,149.3,-3394,11746.32,19889.89,0.31,E,87.44,83.705,GIE AGSI+ API v013
EU,2022-09-25,EU,eu,977.8193,1114.219,87.76,3766.25,3741.03,184.2,-3556.8,11746.28,19889.98,0.32,E,87.76,84.07,GIE AGSI+ API v013
EU,2022-09-26,EU,eu,980.3369,1114.219,87.98,3766.25,2843.77,330.6,-2513.2,11746.26,19890.06,0.23,E,87.98,84.335,GIE AGSI+ API v013
EU,2022-09-27,EU,eu,982.523,1114.227,88.18,3766.25,2641,416.5,-2224.5,11763.47,19889.93,0.2,E,88.18,84.53,GIE AGSI+ API v013
EU,2022-09-28,EU,eu,984.1002,1114.9572,88.26,3766.25,2648.36,627,-2021.4,11763.54,19889.72,0.14,E,88.26,84.605,GIE AGSI+ API v013
EU,2022-09-29,EU,eu,986.1431,1113.8662,88.53,3766.25,2357.24,627.9,-1729.3,11763.77,19889.11,0.18,E,88.53,84.71,GIE AGSI+ API v013
EU,2022-09-30,EU,eu,987.4342,1112.8662,88.73,3766.25,2750.36,354.9,-2395.4,11763.75,19889.17,0.12,E,88.73,84.745,GIE AGSI+ API v013
EU,2022-10-01,EU,eu,991.0759,1112.8678,89.06,3766.25,3444.67,156.7,-3287.9,11713.87,19888.3,0.33,E,89.06,84.87,GIE AGSI+ API v013
EU,2022-10-02,EU,eu,994.9371,1112.8678,89.4,3766.25,3959.76,114.3,-3845.4,11716.92,19893.16,0.35,E,89.4,85.065,GIE AGSI+ API v013
EU,2022-10-03,EU,eu,997.7611,1112.8678,89.66,3766.25,3392.23,593,-2799.2,11716.81,19893.47,0.25,E,89.66,85.32,GIE AGSI+ API v013
EU,2022-10-04,EU,eu,1000.1963,1112.8678,89.88,3766.25,3127.8,774.8,-2353,11716.67,19893.84,0.22,E,89.88,85.515,GIE AGSI+ API v013
EU,2022-10-05,EU,eu,1002.9346,1112.8678,90.12,3766.25,3450.24,701.6,-2748.6,11716.55,19966.14,0.25,E,90.12,85.65,GIE AGSI+ API v013
EU,2022-10-06,EU,eu,1005.7536,1112.8669,90.38,3766.25,3560.98,757.7,-2803.3,11956.47,19966.34,0.25,E,90.38,85.745,GIE AGSI+ API v013
EU,2022-10-07,EU,eu,1008.5687,1113.8729,90.55,3766.25,3799.03,716.9,-3082.1,11956.41,19966.52,0.25,E,90.55,85.79,GIE AGSI+ API v013
EU,2022-10-08,EU,eu,1012.1288,1113.8731,90.87,3766.25,4121.91,585.6,-3536.3,11956.33,19966.71,0.32,E,90.87,85.865,GIE AGSI+ API v013
EU,2022-10-09,EU,eu,1015.4058,1113.8731,91.16,3766.25,3827.43,587,-3240.5,11956.18,19967.12,0.29,E,91.16,86.005,GIE AGSI+ API v013
EU,2022-10-10,EU,eu,1017.8079,1113.8731,91.38,3766.25,3110.75,807.5,-2303.3,11956.03,19967.52,0.22,E,91.38,86.425,GIE AGSI+ API v013
EU,2022-10-11,EU,eu,1019.4402,1113.8731,91.52,3766.25,2695.65,753.7,-1941.9,11955.9,19967.85,0.15,E,91.52,86.45,GIE AGSI+ API v013
EU,2022-10-12,EU,eu,1020.8383,1113.8731,91.65,3766.25,2340.9,904.4,-1436.5,11955.91,19967.84,0.13,E,91.65,86.445,GIE AGSI+ API v013
EU,2022-10-13,EU,eu,1022.187,1113.9731,91.76,3766.25,2436.83,1046.7,-1390.1,11956.01,19967.56,0.12,E,91.76,86.255,GIE AGSI+ API v013
EU,2022-10-14,EU,eu,1024.3546,1114.9731,91.87,3766.25,2883.49,741,-2142.5,11956.06,19967.42,0.19,E,91.87,86.195,GIE AGSI+ API v013
EU,2022-10-15,EU,eu,1027.5279,1114.9731,92.16,3766.25,3655.51,531.7,-3123.8,11925.05,20093.46,0.28,E,92.16,86.105,GIE AGSI+ API v013
EU,2022-10-16,EU,eu,1030.6657,1114.9731,92.44,3766.25,3766.58,538,-3228.6,11924.89,20093.87,0.28,E,92.44,86.06,GIE AGSI+ API v013
EU,2022-10-17,EU,eu,1033.0195,1114.9731,92.65,3766.25,2983.52,709,-2274.5,11924.87,20094.28,0.21,E,92.65,85.995,GIE AGSI+ API v013
EU,2022-10-18,EU,eu,1034.8382,1114.9731,92.81,3766.25,2434.87,676.1,-1758.8,11924.87,20094.29,0.16,E,92.81,86.045,GIE AGSI+ API v013
EU,2022-10-19,EU,eu,1036.3637,1115.0401,92.94,3766.25,2303.35,825.3,-1478,11924.9,20094.21,0.14,E,92.94,86.015,GIE AGSI+ API v013
EU,2022-10-20,EU,eu,1037.579,1114.6241,93.09,3766.25,2212.54,997.4,-1215.1,11924.95,20094.07,0.11,E,93.09,86.035,GIE AGSI+ API v013
EU,2022-10-21,EU,eu,1038.9309,1114.6241,93.21,3766.25,2241.51,899.2,-1342.4,11924.93,20094.13,0.12,E,93.21,86.02,GIE AGSI+ API v013
EU,2022-10-22,EU,eu,1041.3192,1114.6241,93.42,3766.25,2913.1,508.1,-2405,11924.94,20094.1,0.21,E,93.42,85.965,GIE AGSI+ API v013
EU,2022-10-23,EU,eu,1043.7044,1114.6253,93.64,3766.25,3164.86,471.6,-2693.2,11519.24,19586.68,0.21,E,93.64,85.935,GIE AGSI+ API v013
EU,2022-10-24,EU,eu,1045.8332,1114.6253,93.83,3766.25,2252.46,441.8,-1810.7,11522.2,19590.6,0.19,E,93.83,85.96,GIE AGSI+ API v013
EU,2022-10-25,EU,eu,1047.0659,1115.4253,93.87,3766.25,2018.61,783.8,-1234.8,11522.2,19590.6,0.11,E,93.87,85.995,GIE AGSI+ API v013
EU,2022-10-26,EU,eu,1048.1046,1115.4553,93.96,3766.25,1831.14,821.3,-1009.9,11514.28,19590.6,0.09,E,93.96,85.945,GIE AGSI+ API v013
EU,2022-10-27,EU,eu,1049.6886,1115.4553,94.1,3766.25,2073.71,508.8,-1565,11514.28,19590.6,0.14,E,94.1,85.885,GIE AGSI+ API v013
EU,2022-10-28,EU,eu,1051.498,1115.4553,94.27,3766.25,2312.86,444.7,-1868.2,11515.74,19592.71,0.16,E,94.27,85.825,GIE AGSI+ API v013
EU,2022-10-29,EU,eu,1054.058,1116.8795,94.38,3766.25,2773.31,324.4,-2449,11633.78,19789.16,0.23,E,94.38,85.79,GIE AGSI+ API v013
EU,2022-10-30,EU,eu,1056.6069,1115.4553,94.72,3766.25,2667.7,264.4,-2403.3,11912.95,20088.81,0.23,E,94.72,85.805,GIE AGSI+ API v013
EU,2022-10-31,EU,eu,1058.2953,1116.4553,94.79,3766.25,2094.19,495.2,-1599,11917.03,20094.06,0.15,E,94.79,85.92,GIE AGSI+ API v013
EU,2022-11-01,EU,eu,1060.2462,1116.4633,94.96,3766.25,2235.86,285.8,-1950.1,11851.54,20094.08,0.17,E,94.96,86.1,GIE AGSI+ API v013
EU,2022-11-02,EU,eu,1061.2311,1116.5263,95.05,3766.25,1624.94,526.5,-1098.4,11851.46,20094.3,0.09,E,95.05,85.995,GIE AGSI+ API v013
EU,2022-11-03,EU,eu,1061.4308,1116.5893,95.06,3766.25,1288.9,1067,-221.9,11851.44,20094.34,0.02,E,95.06,85.79,GIE AGSI+ API v013
EU,2022-11-04,EU,eu,1062.0635,1116.8413,95.1,3766.25,1399.91,780.6,-619.3,11859.43,20094.15,0.06,E,95.1,85.57,GIE AGSI+ API v013
EU,2022-11-05,EU,eu,1063.3031,1117.8737,95.12,3766.25,1678.33,474.8,-1203.6,11897.98,20102.45,0.11,E,95.12,85.345,GIE AGSI+ API v013
EU,2022-11-06,EU,eu,1064.696,1117.8737,95.24,3766.25,1757.72,398.3,-1359.5,11899.28,20104.38,0.12,E,95.24,85.225,GIE AGSI+ API v013
EU,2022-11-07,EU,eu,1065.2325,1117.8997,95.29,3766.25,1183.36,680.6,-502.7,11874.22,20104.53,0.05,E,95.29,85.17,GIE AGSI+ API v013
EU,2022-11-08,EU,eu,1065.8808,1117.9657,95.34,3766.25,1393.65,748.5,-645.1,11874.22,20104.53,0.06,E,95.34,85.025,GIE AGSI+ API v013
EU,2022-11-09,EU,eu,1066.5893,1117.9657,95.4,3766.25,1284.78,614.1,-670.7,11874.24,20104.49,0.06,E,95.4,84.78,GIE AGSI+ API v013
EU,2022-11-10,EU,eu,1067.2482,1118.0267,95.46,3766.25,1332.88,690,-642.9,11879.24,20104.47,0.06,E,95.46,84.5,GIE AGSI+ API v013
EU,2022-11-11,EU,eu,1067.8995,1118.0867,95.51,3766.25,1213.49,583.2,-630.2,11884.28,20104.37,0.06,E,95.51,84.25,GIE AGSI+ API v013
EU,2022-11-12,EU,eu,1068.8525,1118.1428,95.59,3766.25,1449.28,480.1,-969.2,11879.27,20104.4,0.09,E,95.59,83.995,GIE AGSI+ API v013
EU,2022-11-13,EU,eu,1069.9086,1118.1428,95.69,3766.25,1432.78,452.4,-980.4,11879.25,20104.45,0.09,E,95.69,83.815,GIE AGSI+ API v013
EU,2022-11-14,EU,eu,1069.1771,1118.1758,95.62,3766.25,718.74,1464.1,745.3,11879.23,20104.5,-0.07,E,95.62,83.75,GIE AGSI+ API v013
EU,2022-11-15,EU,eu,1067.9428,1118.2355,95.5,3766.25,517.68,1762.8,1245.1,11879.3,20104.33,-0.11,E,95.5,83.605,GIE AGSI+ API v013
EU,2022-11-16,EU,eu,1067.2688,1118.3055,95.44,3766.25,725.86,1258.6,532.7,11879.26,20104.44,-0.06,E,95.44,83.345,GIE AGSI+ API v013
EU,2022-11-17,EU,eu,1066.8778,1118.5193,95.38,3766.25,692.35,1055.6,363.3,11874.26,20104.43,-0.03,E,95.38,83.105,GIE AGSI+ API v013
EU,2022-11-18,EU,eu,1065.6542,1118.5193,95.27,3766.25,407.28,1596.7,1189.4,11874.24,20104.47,-0.11,E,95.27,82.91,GIE AGSI+ API v013
EU,2022-11-19,EU,eu,1064.6139,1118.5193,95.18,3766.25,401.74,1406.7,1005,11874.25,20104.44,-0.09,E,95.18,82.71,GIE AGSI+ API v013
EU,2022-11-20,EU,eu,1063.3403,1118.5393,95.07,3766.25,398.76,1614.8,1216,11874.27,20104.4,-0.11,E,95.07,82.48,GIE AGSI+ API v013
EU,2022-11-21,EU,eu,1061.0532,1118.5393,94.86,3766.25,351.87,2690.8,2338.9,11634.29,20104.34,-0.2,E,94.86,82.285,GIE AGSI+ API v013
EU,2022-11-22,EU,eu,1058.4577,1118.5393,94.63,3766.25,345.33,2869.5,2524.2,11634.42,20104.01,-0.23,E,94.63,81.965,GIE AGSI+ API v013
EU,2022-11-23,EU,eu,1056.5257,1118.9365,94.42,3766.25,532.56,2419.1,1886.5,11632.92,20101.56,-0.17,E,94.42,81.545,GIE AGSI+ API v013
EU,2022-11-24,EU,eu,1054.5788,1119.0297,94.24,3766.25,282.29,2220.1,1937.8,11634.53,20103.7,-0.17,E,94.24,81.07,GIE AGSI+ API v013
EU,2022-11-25,EU,eu,1052.6613,1119.0297,94.07,3766.25,346.28,2177.7,1831.5,11634.53,20108.71,-0.17,E,94.07,80.565,GIE AGSI+ API v013
EU,2022-11-26,EU,eu,1051.9008,1119.0297,94,3766.25,708.51,1385.5,677,11634.52,20108.75,-0.07,E,94,80.055,GIE AGSI+ API v013
EU,2022-11-27,EU,eu,1051.2784,1119.0297,93.95,3766.25,703.59,1322.1,618.5,11634.41,20109.02,-0.06,E,93.95,79.58,GIE AGSI+ API v013
EU,2022-11-28,EU,eu,1047.93,1119.0297,93.65,3766.25,189.38,3439,3249.6,11634.34,20109.22,-0.3,E,93.65,79.15,GIE AGSI+ API v013
EU,2022-11-29,EU,eu,1043.4119,1119.0297,93.24,3766.25,193.53,4501.7,4308.2,11634.35,20109.19,-0.4,E,93.24,78.635,GIE AGSI+ API v013
EU,2022-11-30,EU,eu,1038.8324,1119.0297,92.83,3766.25,281.1,4559.2,4278.1,11634.51,20108.76,-0.41,E,92.83,78.085,GIE AGSI+ API v013
EU,2022-12-01,EU,eu,1033.5197,1119.0297,92.36,3766.25,776.87,5042.4,4265.6,11570.74,20112.33,-0.47,E,92.36,77.5,GIE AGSI+ API v013
EU,2022-12-02,EU,eu,1028.3802,1119.0297,91.9,3766.25,155.66,5145.1,4989.5,11810.86,20112.04,-0.46,E,91.9,76.875,GIE AGSI+ API v013
EU,2022-12-03,EU,eu,1025.075,1119.0297,91.6,3766.25,176.3,3394.3,3218,11811.08,20111.45,-0.3,E,91.6,76.26,GIE AGSI+ API v013
EU,2022-12-04,EU,eu,1021.829,1119.0297,91.31,3766.25,267.15,3369.4,3102.3,11811.22,20111.09,-0.29,E,91.31,75.735,GIE AGSI+ API v013
EU,2022-12-05,EU,eu,1017.1151,1119.0297,90.89,3766.25,173.96,4759.8,4585.9,11571.31,20112.85,-0.42,E,90.89,75.29,GIE AGSI+ API v013
EU,2022-12-06,EU,eu,1012.0558,1119.0297,90.44,3766.25,157.24,5128.6,4971.4,11571.5,20112.33,-0.45,E,90.44,74.755,GIE AGSI+ API v013
EU,2022-12-07,EU,eu,1006.6241,1119.0297,89.96,3766.25,201.11,5487.3,5286.2,11571.7,20111.81,-0.49,E,89.96,74.15,GIE AGSI+ API v013
EU,2022-12-08,EU,eu,1000.9526,1119.0297,89.45,3766.25,126.64,5666,5539.4,11571.91,20111.26,-0.51,E,89.45,73.565,GIE AGSI+ API v013
EU,2022-12-09,EU,eu,995.5367,1119.0297,88.96,3766.25,183.05,5581.7,5398.7,11572.15,20110.62,-0.48,E,88.96,72.885,GIE AGSI+ API v013
EU,2022-12-10,EU,eu,990.7029,1119.0297,88.53,3766.25,308.68,4974.1,4665.5,11572.37,20110.04,-0.43,E,88.53,72.265,GIE AGSI+ API v013
EU,2022-12-11,EU,eu,985.4662,1119.0297,88.06,3766.25,234.54,5313.1,5078.5,11572.54,20068.79,-0.47,E,88.06,71.72,GIE AGSI+ API v013
EU,2022-12-12,EU,eu,977.6165,1119.0297,87.36,3766.25,84.2,7911.3,7827.1,11572.73,20068.3,-0.7,E,87.36,71.295,GIE AGSI+ API v013
EU,2022-12-13,EU,eu,968.9158,1119.0297,86.59,3766.25,109.5,8581.2,8471.7,11571.36,20137.49,-0.78,E,86.59,70.845,GIE AGSI+ API v013
EU,2022-12-14,EU,eu,961.0664,1119.0297,85.88,3766.25,127.27,8006.3,7879,11573.21,20067.01,-0.7,E,85.88,70.37,GIE AGSI+ API v013
EU,2022-12-15,EU,eu,953.5757,1119.0297,85.21,3766.25,106.93,7579.5,7472.6,11573.57,20066.09,-0.67,E,85.21,69.925,GIE AGSI+ API v013
EU,2022-12-16,EU,eu,947.0468,1119.0297,84.63,3766.25,149.31,6511.4,6362.1,11574.16,20064.53,-0.58,E,84.63,69.46,GIE AGSI+ API v013
EU,2022-12-17,EU,eu,942.356,1119.0297,84.21,3766.25,290.52,4940.9,4650.3,11574.68,20063.15,-0.42,E,84.21,69.01,GIE AGSI+ API v013
EU,2022-12-18,EU,eu,938.3461,1119.0297,83.85,3766.25,482.7,4449.7,3967,11575.23,20061.71,-0.36,E,83.85,68.625,GIE AGSI+ API v013
EU,2022-12-19,EU,eu,934.2137,1119.0297,83.48,3766.25,481.04,4600.9,4119.9,11570.05,20052.91,-0.37,E,83.48,68.285,GIE AGSI+ API v013
EU,2022-12-20,EU,eu,931.1683,1119.0297,83.21,3766.25,669.42,3680.9,3011.5,11576.16,20059.25,-0.27,E,83.21,67.805,GIE AGSI+ API v013
EU,2022-12-21,EU,eu,929.7734,1119.4095,83.06,3766.25,1488.47,2863.5,1375.1,11567.54,20026.1,-0.12,E,83.06,67.225,GIE AGSI+ API v013
EU,2022-12-22,EU,eu,928.7365,1119.4095,82.97,3766.25,1316.88,2347.9,1031,11576.76,20059.65,-0.09,E,82.97,66.675,GIE AGSI+ API v013
EU,2022-12-23,EU,eu,928.3609,1119.4095,82.93,3766.25,1631.65,1963.5,331.9,11815.08,20064.09,-0.03,E,82.93,66.26,GIE AGSI+ API v013
EU,2022-12-24,EU,eu,929.2471,1119.4095,83.01,3766.25,2220.73,1088.1,-1132.6,11815.05,20064.17,0.08,E,83.01,65.98,GIE AGSI+ API v013
EU,2022-12-25,EU,eu,930.615,1119.4095,83.13,3766.25,2288.74,904.9,-1383.8,11814.97,20064.38,0.12,E,83.13,65.705,GIE AGSI+ API v013
EU,2022-12-26,EU,eu,931.7377,1119.4095,83.23,3766.25,2283.5,1141.6,-1141.9,11814.88,20064.63,0.1,E,83.23,65.39,GIE AGSI+ API v013
EU,2022-12-27,EU,eu,931.4395,1119.4095,83.21,3766.25,1618.22,1895.8,277.5,11814.81,20064.82,-0.03,E,83.21,65.05,GIE AGSI+ API v013
EU,2022-12-28,EU,eu,931.4201,1119.4095,83.21,3766.25,1684.62,1665.6,-19,11805.77,20032.78,-0,E,83.21,64.675,GIE AGSI+ API v013
EU,2022-12-29,EU,eu,931.789,1119.4095,83.24,3766.25,2180.83,1685.5,-495.4,11814.86,20065.69,0.03,E,83.24,64.37,GIE AGSI+ API v013
EU,2022-12-30,EU,eu,932.4036,1119.4095,83.29,3766.25,2027.9,1380.6,-647.3,11781.94,20065.7,0.05,E,83.29,64.095,GIE AGSI+ API v013
EU,2022-12-31,EU,eu,933.4146,1119.4095,83.38,3766.25,2559.79,933.1,-1626.7,11781.92,20065.75,0.09,E,83.38,63.84,GIE AGSI+ API v013
EU,2023-01-01,EU,eu,934.9277,1119.3095,83.53,3496.7,2341.85,767.4,-1574.4,11781.76,20066.18,0,E,83.53,71.86,GIE AGSI+ API v013
EU,2023-01-02,EU,eu,934.9074,1119.4212,83.52,3496.7,1521.14,1436.8,-84.3,11782.6,20067.76,-0,E,83.52,71.5267,GIE AGSI+ API v013
EU,2023-01-03,EU,eu,933.9947,1119.4212,83.44,3496.7,1264.17,2198.3,934.2,11782.56,20067.86,-0.08,E,83.44,71.16,GIE AGSI+ API v013
EU,2023-01-04,EU,eu,933.2785,1119.4212,83.37,3496.7,997.29,1675.3,678,11773.57,20035.7,-0.06,E,83.37,70.6967,GIE AGSI+ API v013
EU,2023-01-05,EU,eu,931.8386,1119.4312,83.24,3496.7,818.52,2141.7,1323.1,11782.6,20067.76,-0.13,E,83.24,70.1667,GIE AGSI+ API v013
EU,2023-01-06,EU,eu,931.2802,1119.4312,83.19,3496.7,1122.45,1643.8,521.4,11782.63,20067.68,-0.05,E,83.19,69.6,GIE AGSI+ API v013
EU,2023-01-07,EU,eu,930.8104,1119.4312,83.15,3496.7,1128.11,1486.5,358.4,11782.62,20067.7,-0.04,E,83.15,68.9433,GIE AGSI+ API v013
EU,2023-01-08,EU,eu,930.03,1119.4312,83.08,3496.7,941.39,1687.7,746.3,11782.63,20067.69,-0.07,E,83.08,68.3233,GIE AGSI+ API v013
EU,2023-01-09,EU,eu,927.5206,1119.4312,82.86,3496.7,383.85,2888.5,2504.6,11782.63,20067.68,-0.22,E,82.86,67.7533,GIE AGSI+ API v013
EU,2023-01-10,EU,eu,924.8934,1119.4312,82.62,3496.7,371.04,3065.1,2694.1,11782.68,20067.55,-0.23,E,82.62,67.1133,GIE AGSI+ API v013
EU,2023-01-11,EU,eu,922.3836,1119.956,82.36,3496.7,445.62,2953.2,2507.5,11773.74,20024.76,-0.22,E,82.36,66.4267,GIE AGSI+ API v013
EU,2023-01-12,EU,eu,920.0537,1119.956,82.15,3496.7,448.46,2775.3,2326.8,11782.76,20056.84,-0.21,E,82.15,65.7467,GIE AGSI+ API v013
EU,2023-01-13,EU,eu,917.3944,1119.956,81.91,3496.7,401.87,2992.1,2590.3,11782.79,20056.75,-0.24,E,81.91,65.0667,GIE AGSI+ API v013
EU,2023-01-14,EU,eu,915.3039,1119.956,81.73,3496.7,623.42,2701.5,2078.1,11782.86,20056.58,-0.19,E,81.73,64.3533,GIE AGSI+ API v013
EU,2023-01-15,EU,eu,912.9805,1119.956,81.52,3496.7,494.9,2734.2,2239.3,11782.89,20056.5,-0.21,E,81.52,63.6667,GIE AGSI+ API v013
EU,2023-01-16,EU,eu,908.2574,1119.956,81.1,3496.7,186.04,4763.2,4577.1,11761.92,19981.46,-0.42,E,81.1,63.0367,GIE AGSI+ API v013
EU,2023-01-17,EU,eu,902.9051,1119.956,80.62,3496.7,172.81,5510.8,5338,11759.11,19970.23,-0.48,E,80.62,62.3667,GIE AGSI+ API v013
EU,2023-01-18,EU,eu,897.2544,1120.746,80.06,3496.7,161.52,5758.1,5596.6,11759.39,19969.5,-0.5,E,80.06,61.64,GIE AGSI+ API v013
EU,2023-01-19,EU,eu,890.6133,1120.746,79.47,3496.7,123.36,6734.2,6610.8,11759.7,19968.69,-0.59,E,79.47,60.96,GIE AGSI+ API v013
EU,2023-01-20,EU,eu,883.7173,1120.746,78.85,3496.7,180.59,7052.1,6871.5,11760.03,19967.81,-0.62,E,78.85,60.2967,GIE AGSI+ API v013
EU,2023-01-21,EU,eu,877.8163,1120.746,78.32,3496.7,264.41,6088.5,5824.1,11760.07,19937.69,-0.53,E,78.32,59.6167,GIE AGSI+ API v013
EU,2023-01-22,EU,eu,871.6349,1120.746,77.77,3496.7,257.53,6340.3,6082.8,11760.37,19936.92,-0.55,E,77.77,58.9733,GIE AGSI+ API v013
EU,2023-01-23,EU,eu,863.5858,1121.45,77.01,3496.7,133.56,8212,8078.4,11765.83,19941.37,-0.72,E,77.01,58.3567,GIE AGSI+ API v013
EU,2023-01-24,EU,eu,855.5187,1121.45,76.29,3496.7,157.13,8251.2,8094.1,11766.17,19940.48,-0.72,E,76.29,57.6933,GIE AGSI+ API v013
EU,2023-01-25,EU,eu,847.8995,1121.4501,75.61,3496.7,168.21,7859.2,7691,11766.51,19939.59,-0.68,E,75.61,56.98,GIE AGSI+ API v013
EU,2023-01-26,EU,eu,840.6904,1121.4501,74.96,3496.7,178.64,7951,7772.4,11766.86,19938.66,-0.64,E,74.96,56.32,GIE AGSI+ API v013
EU,2023-01-27,EU,eu,832.8191,1121.4501,74.26,3496.7,159.86,7976.9,7817.1,11778.2,19977.02,-0.7,E,74.26,55.66,GIE AGSI+ API v013
EU,2023-01-28,EU,eu,826.3144,1121.4501,73.68,3496.7,199.59,6648.4,6448.8,11791.57,20022.45,-0.58,E,73.68,55.0133,GIE AGSI+ API v013
EU,2023-01-29,EU,eu,820.4159,1121.4501,73.16,3496.7,255.43,5938.6,5683.2,11791.98,20021.38,-0.53,E,73.16,54.5,GIE AGSI+ API v013
EU,2023-01-30,EU,eu,813.9445,1121.4501,72.58,3496.7,118.89,6576.3,6457.5,11792.29,20020.57,-0.58,E,72.58,54.0667,GIE AGSI+ API v013
EU,2023-01-31,EU,eu,810.1729,1123.7501,72.1,3496.7,193.58,6162.4,5968.8,11812.3,20093.65,-0.34,E,72.1,53.5267,GIE AGSI+ API v013
EU,2023-02-01,EU,eu,804.8742,1123.7501,71.62,3496.7,215.59,5393,5177.5,11803.4,20023.59,-0.47,E,71.62,53.0967,GIE AGSI+ API v013
EU,2023-02-02,EU,eu,799.7861,1123.7501,71.17,3496.7,238.62,5328.9,5090.3,11813.04,20055.09,-0.45,E,71.17,52.6833,GIE AGSI+ API v013
EU,2023-02-03,EU,eu,795.4742,1123.7501,70.79,3496.7,233.03,4431.5,4198.4,11813.44,20057.06,-0.38,E,70.79,52.2667,GIE AGSI+ API v013
EU,2023-02-04,EU,eu,791.9872,1123.7501,70.48,3496.7,357.98,3802.1,3444.2,11813.74,20132.36,-0.31,E,70.48,51.8333,GIE AGSI+ API v013
EU,2023-02-05,EU,eu,787.1428,1121.7507,70.17,3496.7,322.18,4158.2,3836,11759.96,20039.28,-0.43,C,70.17,51.41,GIE AGSI+ API v013
EU,2023-02-06,EU,eu,781.1436,1123.7501,69.51,3496.7,121.58,7202,7080.4,11814.14,20133.3,-0.53,C,69.51,50.9933,GIE AGSI+ API v013
EU,2023-02-07,EU,eu,773.8454,1123.7501,68.86,3496.7,172.99,7586.4,7413.4,11814.5,20132.36,-0.65,C,68.86,50.5067,GIE AGSI+ API v013
EU,2023-02-08,EU,eu,766.4737,1123.7501,68.21,3496.7,144.63,7497.2,7352.6,11805.88,20099.22,-0.66,C,68.21,49.9733,GIE AGSI+ API v013
EU,2023-02-09,EU,eu,758.8946,1123.7501,67.53,3496.7,163.9,7704.7,7540.9,11815.26,20130.34,-0.67,C,67.53,49.47,GIE AGSI+ API v013
EU,2023-02-10,EU,eu,752.3464,1123.7501,66.95,3496.7,205.2,6750,6544.8,11815.61,20129.42,-0.58,C,66.95,48.9167,GIE AGSI+ API v013
EU,2023-02-11,EU,eu,747.5334,1123.7501,66.52,3496.7,189.46,4970.4,4780.9,11815.96,20120.51,-0.43,C,66.52,48.35,GIE AGSI+ API v013
EU,2023-02-12,EU,eu,743.4935,1123.7501,66.16,3496.7,292.52,4162.3,3869.7,11816.33,20119.54,-0.36,C,66.16,47.7367,GIE AGSI+ API v013
EU,2023-02-13,EU,eu,738.3865,1123.7501,65.71,3496.7,204.2,5300.5,5096.3,11816.64,20118.7,-0.45,C,65.71,47.1867,GIE AGSI+ API v013
EU,2023-02-14,EU,eu,733.4188,1123.7501,65.27,3496.7,118.01,5072.6,4954.6,11817.13,20117.43,-0.44,C,65.27,46.6633,GIE AGSI+ API v013
EU,2023-02-15,EU,eu,728.7353,1123.7501,64.85,3496.7,147.48,4785.5,4638,11808.66,20083.88,-0.42,C,64.85,46.2167,GIE AGSI+ API v013
EU,2023-02-16,EU,eu,724.8763,1123.7501,64.51,3496.7,229.08,3995.4,3766.3,11817.72,20115.85,-0.34,C,64.51,45.8667,GIE AGSI+ API v013
EU,2023-02-17,EU,eu,722.0692,1123.7501,64.26,3496.7,609.96,3346.7,2736.7,11817.84,20115.55,-0.25,C,64.26,45.5267,GIE AGSI+ API v013
EU,2023-02-18,EU,eu,720.8646,1123.7501,64.15,3496.7,1160.67,2267.3,1106.7,11817.75,20115.78,-0.11,C,64.15,45.1767,GIE AGSI+ API v013
EU,2023-02-19,EU,eu,719.4409,1123.7501,64.02,3496.7,888.15,2241.1,1353,11817.64,20116.08,-0.13,C,64.02,44.82,GIE AGSI+ API v013
EU,2023-02-20,EU,eu,716.7556,1123.7501,63.78,3496.7,541.25,3244.5,2703.3,11817.6,20116.19,-0.24,C,63.78,44.56,GIE AGSI+ API v013
EU,2023-02-21,EU,eu,713.3503,1123.7501,63.48,3496.7,415.09,3796,3380.9,11817.56,20092.08,-0.3,C,63.48,44.26,GIE AGSI+ API v013
EU,2023-02-22,EU,eu,710.0861,1123.7501,63.19,3496.7,364.24,3619.3,3255.1,11808.6,20059.85,-0.29,C,63.19,43.96,GIE AGSI+ API v013
EU,2023-02-23,EU,eu,707.0077,1123.7502,62.92,3496.7,443.54,3504.7,3061.2,11817.88,20091.24,-0.27,E,62.92,43.72,GIE AGSI+ API v013
EU,2023-02-24,EU,eu,703.9285,1123.7502,62.64,3496.7,451.46,3529.1,3077.7,11818.13,20090.61,-0.27,C,62.64,43.4733,GIE AGSI+ API v013
EU,2023-02-25,EU,eu,701.2036,1123.7502,62.4,3496.7,471.56,2965.2,2493.6,11816.77,20087.77,-0.24,C,62.4,43.2033,GIE AGSI+ API v013
EU,2023-02-26,EU,eu,698.504,1123.7502,62.16,3496.7,352.45,3569.2,3216.8,11818.79,20088.86,-0.24,C,62.16,42.89,GIE AGSI+ API v013
EU,2023-02-27,EU,eu,692.215,1124.7179,61.55,3496.7,165.34,6209.2,6043.9,11825.14,20103.1,-0.56,C,61.55,42.59,GIE AGSI+ API v013
EU,2023-02-28,EU,eu,686.3222,1124.6164,61.03,3496.7,214.28,6098.5,5884.2,11819.85,20093.52,-0.52,E,61.03,42.2433,GIE AGSI+ API v013
EU,2023-03-01,EU,eu,681.5597,1124.7179,60.6,3496.7,160.64,5897.6,5737,11813.38,20039.2,-0.42,C,60.6,41.87,GIE AGSI+ API v013
EU,2023-03-02,EU,eu,676.2093,1124.7171,60.12,3496.7,161.12,5408.9,5247.8,11827.55,20075.71,-0.48,C,60.12,41.5067,GIE AGSI+ API v013
EU,2023-03-03,EU,eu,671.2202,1124.7179,59.68,3496.7,241.29,5302.9,5061.6,11828.11,20074.41,-0.44,E,59.68,41.1533,GIE AGSI+ API v013
EU,2023-03-04,EU,eu,668.9794,1124.7179,59.48,3496.7,243.54,3620.8,3377.2,11828.5,20073.38,-0.2,C,59.48,40.8,GIE AGSI+ API v013
EU,2023-03-05,EU,eu,662.7734,1124.7179,58.93,3496.7,166.86,3999.2,3832.3,11828.69,20072.88,-0.55,C,58.93,40.45,GIE AGSI+ API v013
EU,2023-03-06,EU,eu,658.1859,1124.7179,58.52,3496.7,92.93,5936.4,5843.4,11828.94,20072.22,-0.41,C,58.52,40.1567,GIE AGSI+ API v013
EU,2023-03-07,EU,eu,652.4524,1124.7179,58.01,3496.7,102.66,5821.1,5718.4,11829.4,20071.01,-0.51,C,58.01,39.8633,GIE AGSI+ API v013
EU,2023-03-08,EU,eu,646.8191,1124.7179,57.51,3496.7,138.31,5798.7,5660.4,11820.91,20037.52,-0.5,C,57.51,39.5533,GIE AGSI+ API v013
EU,2023-03-09,EU,eu,642.6249,1124.7179,57.14,3496.7,268.13,4358.3,4090.2,11830.49,20068.13,-0.37,C,57.14,39.2167,GIE AGSI+ API v013
EU,2023-03-10,EU,eu,639.3208,1124.7179,56.84,3496.7,230.87,3454.3,3223.5,11830.91,20105.21,-0.29,C,56.84,38.9967,GIE AGSI+ API v013
EU,2023-03-11,EU,eu,636.7109,1124.7179,56.61,3496.7,238.21,2779.2,2541,11830.99,20086.81,-0.23,C,56.61,38.85,GIE AGSI+ API v013
EU,2023-03-12,EU,eu,635.0198,1124.7179,56.46,3496.7,521.2,2132.1,1610.9,11831.07,20086.59,-0.15,C,56.46,38.8167,GIE AGSI+ API v013
EU,2023-03-13,EU,eu,633.9407,1124.7179,56.36,3496.7,850.52,1903,1052.5,11831.06,20086.62,-0.1,C,56.36,38.6433,GIE AGSI+ API v013
EU,2023-03-14,EU,eu,632.0824,1124.7179,56.2,3496.7,364.8,2177.1,1812.3,11830.79,20087.33,-0.17,C,56.2,38.4867,GIE AGSI+ API v013
EU,2023-03-15,EU,eu,629.1877,1124.7179,55.94,3496.7,322.26,3217.6,2895.3,11809.79,20012.36,-0.26,C,55.94,38.3367,GIE AGSI+ API v013
EU,2023-03-16,EU,eu,626.956,1124.7179,55.74,3496.7,398.83,2615.8,2217,11817.81,20040.88,-0.2,C,55.74,38.1533,GIE AGSI+ API v013
EU,2023-03-17,EU,eu,625.9414,1124.7179,55.65,3496.7,794.56,1803.3,1008.8,11830.82,20087.25,-0.09,C,55.65,37.9667,GIE AGSI+ API v013
EU,2023-03-18,EU,eu,626.5062,1124.7179,55.7,3496.7,1492.64,1030.8,-461.9,11830.73,20087.5,0.05,C,55.7,37.79,GIE AGSI+ API v013
EU,2023-03-19,EU,eu,626.8036,1124.7179,55.73,3496.7,1315.48,1020.6,-294.9,11830.52,20088.05,0.03,C,55.73,37.6167,GIE AGSI+ API v013
EU,2023-03-20,EU,eu,625.445,1124.7179,55.61,3496.7,481.17,1760.5,1279.3,11830.37,20088.45,-0.12,C,55.61,37.59,GIE AGSI+ API v013
EU,2023-03-21,EU,eu,624.9643,1124.7179,55.57,3496.7,796.41,1277,480.6,11830.28,20069.19,-0.04,C,55.57,37.48,GIE AGSI+ API v013
EU,2023-03-22,EU,eu,625.2916,1124.7179,55.6,3496.7,1438.86,1169.8,-269.1,11809.22,19994.38,0.03,C,55.6,37.35,GIE AGSI+ API v013
EU,2023-03-23,EU,eu,626.0067,1124.7179,55.66,3496.7,1650.36,1059.6,-590.8,11817.11,20023.23,0.06,C,55.66,37.2033,GIE AGSI+ API v013
EU,2023-03-24,EU,eu,627.5113,1124.7179,55.79,3496.7,2092.05,764.7,-1327.4,11828.52,20067.88,0.13,C,55.79,37.11,GIE AGSI+ API v013
EU,2023-03-25,EU,eu,628.9689,1123.2643,55.99,3496.7,2094.14,646.8,-1447.4,11706.43,19868.26,0.13,E,55.99,37.0267,GIE AGSI+ API v013
EU,2023-03-26,EU,eu,629.8029,1124.7179,56,3496.7,1615.73,813,-802.8,11825.78,20066.06,0.07,E,56,37.0333,GIE AGSI+ API v013
EU,2023-03-27,EU,eu,628.2532,1124.7179,55.86,3496.7,603.86,2095.1,1491.3,11828.89,20070.7,-0.14,E,55.86,37.08,GIE AGSI+ API v013
EU,2023-03-28,EU,eu,625.8618,1124.6164,55.65,3496.7,456.6,2772,2315.4,11823.2,20062.18,-0.21,C,55.65,37.1267,GIE AGSI+ API v013
EU,2023-03-29,EU,eu,625.012,1124.7179,55.57,3496.7,668.99,1603.6,934.6,11831.05,20037.65,-0.08,C,55.57,37.12,GIE AGSI+ API v013
EU,2023-03-30,EU,eu,625.4537,1124.7179,55.61,3496.7,1422.59,963.4,-459.2,11840.03,20069.86,0.04,C,55.61,37.12,GIE AGSI+ API v013
EU,2023-03-31,EU,eu,627.8241,1125.2066,55.8,3496.7,1502.49,1134.3,-368.2,11840.73,20071.9,0.21,C,55.8,36.8933,GIE AGSI+ API v013
EU,2023-04-01,EU,eu,627.9931,1124.9783,55.82,3496.7,2108.76,436.8,-1671.9,11890.1,20077.58,0.02,E,55.82,37.1933,GIE AGSI+ API v013
EU,2023-04-02,EU,eu,628.5865,1124.8219,55.88,3496.7,1323.88,784.1,-539.8,11888.75,20075.84,0.05,E,55.88,37.23,GIE AGSI+ API v013
EU,2023-04-03,EU,eu,627.7306,1124.7109,55.81,3496.7,777.96,1565.1,787.1,11906.66,20051.07,-0.08,E,55.81,37.28,GIE AGSI+ API v013
EU,2023-04-04,EU,eu,626.3315,1124.7109,55.69,3496.7,728.14,2179.9,1451.7,11906.66,20051.07,-0.12,C,55.69,37.37,GIE AGSI+ API v013
EU,2023-04-05,EU,eu,624.9899,1124.8579,55.56,3496.7,784.89,2083.7,1298.8,11899.35,20051.82,-0.12,C,55.56,37.4533,GIE AGSI+ API v013
EU,2023-04-06,EU,eu,624.1149,1124.8579,55.48,3496.7,691.75,1548.5,856.8,11908.37,20083.9,-0.08,C,55.48,37.5267,GIE AGSI+ API v013
EU,2023-04-07,EU,eu,624.3902,1126.8579,55.41,3496.7,1326.89,1036.1,-290.8,11908.37,20083.89,0.02,C,55.41,37.5533,GIE AGSI+ API v013
EU,2023-04-08,EU,eu,625.6381,1126.8579,55.52,3496.7,1947.51,667.4,-1280.1,11908.31,20084.04,0.11,C,55.52,37.62,GIE AGSI+ API v013
EU,2023-04-09,EU,eu,627.7175,1126.8579,55.71,3496.7,2504.71,397.6,-2107.1,11908.26,20084.19,0.18,C,55.71,37.74,GIE AGSI+ API v013
EU,2023-04-10,EU,eu,630.0833,1126.8579,55.92,3496.7,2686.1,311.2,-2374.9,11908.18,20084.38,0.21,C,55.92,37.9133,GIE AGSI+ API v013
EU,2023-04-11,EU,eu,631.6249,1126.8579,56.05,3496.7,1946.16,419,-1527.1,11908.11,19992.08,0.14,C,56.05,38.09,GIE AGSI+ API v013
EU,2023-04-12,EU,eu,632.5212,1126.8579,56.13,3496.7,1713.4,798.3,-915.1,11901.49,19964.36,0.08,C,56.13,38.23,GIE AGSI+ API v013
EU,2023-04-13,EU,eu,633.3855,1126.8579,56.21,3496.7,1321.6,1375.7,54.1,11910.4,19996.72,0.08,C,56.21,38.31,GIE AGSI+ API v013
EU,2023-04-14,EU,eu,633.39,1126.8579,56.21,3496.7,1625.79,695.9,-929.9,11910.49,19996.5,0,C,56.21,38.4133,GIE AGSI+ API v013
EU,2023-04-15,EU,eu,635.2792,1127.9585,56.32,3496.7,2268.97,369.8,-1899.2,11910.44,19996.61,0.17,E,56.32,38.54,GIE AGSI+ API v013
EU,2023-04-16,EU,eu,637.6789,1127.9585,56.53,3496.7,2561.91,376.8,-2185.1,11910.33,19996.9,0.21,C,56.53,38.73,GIE AGSI+ API v013
EU,2023-04-17,EU,eu,638.9929,1127.9585,56.65,3496.7,1906.99,593.3,-1313.7,11910.26,19997.1,0.12,C,56.65,38.9767,GIE AGSI+ API v013
EU,2023-04-18,EU,eu,640.523,1127.9585,56.79,3496.7,2017.56,484.3,-1533.2,11910.22,19997.21,0.14,C,56.79,39.25,GIE AGSI+ API v013
EU,2023-04-19,EU,eu,642.4117,1127.9585,56.95,3496.7,2713.66,587.2,-2126.4,11901.17,19965.21,0.17,C,56.95,39.4633,GIE AGSI+ API v013
EU,2023-04-20,EU,eu,644.093,1127.9585,57.1,3496.7,2309.2,624.8,-1684.4,11910.07,19997.58,0.15,C,57.1,39.6367,GIE AGSI+ API v013
EU,2023-04-21,EU,eu,646.4475,1129.0285,57.26,3496.7,2639.3,286,-2353.3,11910.04,20022.18,0.21,C,57.26,39.85,GIE AGSI+ API v013
EU,2023-04-22,EU,eu,650.1344,1129.0285,57.58,3496.7,3870.72,171.5,-3699.2,11909.96,20022.38,0.33,C,57.58,39.8967,GIE AGSI+ API v013
EU,2023-04-23,EU,eu,654.1633,1129.0285,57.94,3496.7,4182.11,154.3,-4027.8,11909.86,20022.66,0.36,C,57.94,40.3633,GIE AGSI+ API v013
EU,2023-04-24,EU,eu,657.3483,1129.0285,58.22,3496.7,3456.62,271.4,-3185.2,11909.74,20022.97,0.28,C,58.22,40.71,GIE AGSI+ API v013
EU,2023-04-25,EU,eu,659.8699,1129.0285,58.45,3496.7,3005.08,632.2,-2372.9,11909.66,20023.19,0.22,C,58.45,40.9967,GIE AGSI+ API v013
EU,2023-04-26,EU,eu,660.9714,1129.0285,58.54,3496.7,2044.93,948.9,-1096,11900.49,19991.5,0.1,C,58.54,41.2133,GIE AGSI+ API v013
EU,2023-04-27,EU,eu,662.9205,1129.0285,58.72,3496.7,2413.21,479.8,-1933.5,11909.46,20023.7,0.17,C,58.72,41.4433,GIE AGSI+ API v013
EU,2023-04-28,EU,eu,665.5249,1129.0285,58.95,3496.7,3041.57,388.5,-2653,11910.38,20021.29,0.23,C,58.95,41.6533,GIE AGSI+ API v013
EU,2023-04-29,EU,eu,669.4202,1129.0285,59.29,3496.7,4090.07,189.2,-3900.9,11910.27,20021.57,0.35,C,59.29,41.89,GIE AGSI+ API v013
EU,2023-04-30,EU,eu,673.7924,1128.0458,59.73,3496.7,4439.94,107.6,-4332.3,11913.08,20022.8,0.39,E,59.73,42.0633,GIE AGSI+ API v013
EU,2023-05-01,EU,eu,677.85,1128.7318,60.05,3496.7,4221.14,185.5,-4035.6,11997.46,19955.89,0.36,C,60.05,42.4633,GIE AGSI+ API v013
EU,2023-05-02,EU,eu,680.3856,1128.8818,60.27,3496.7,3011,482.4,-2528.6,12002.48,19956.61,0.22,E,60.27,42.7833,GIE AGSI+ API v013
EU,2023-05-03,EU,eu,682.9928,1128.8818,60.5,3496.7,2959.29,340.1,-2619.2,11992.36,19924.23,0.23,E,60.5,43.07,GIE AGSI+ API v013
EU,2023-05-04,EU,eu,685.3646,1129.1618,60.7,3496.7,3474.88,1101.5,-2373.4,12001.97,19957.69,0.21,C,60.7,43.3433,GIE AGSI+ API v013
EU,2023-05-05,EU,eu,688.766,1129.1618,61,3496.7,3653.92,254.3,-3399.7,12001.97,19957.68,0.3,C,61,43.5867,GIE AGSI+ API v013
EU,2023-05-06,EU,eu,692.7355,1129.1618,61.35,3496.7,4149.65,155.7,-3993.9,12001.7,19958.41,0.35,C,61.35,43.8233,GIE AGSI+ API v013
EU,2023-05-07,EU,eu,696.8523,1129.1618,61.71,3496.7,4286.34,171.4,-4115,12001.4,19959.19,0.36,C,61.71,44.12,GIE AGSI+ API v013
EU,2023-05-08,EU,eu,700.0501,1129.1618,62,3496.7,3478,309.4,-3168.6,12001.07,19960.08,0.28,E,62,44.5233,GIE AGSI+ API v013
EU,2023-05-09,EU,eu,702.4646,1129.1151,62.21,3496.7,2678.52,335.7,-2342.8,12000.78,19960.84,0.21,C,62.21,44.97,GIE AGSI+ API v013
EU,2023-05-10,EU,eu,704.8702,1129.1151,62.43,3496.7,2632.26,313.3,-2318.9,11991.59,19569.22,0.21,C,62.43,45.37,GIE AGSI+ API v013
EU,2023-05-11,EU,eu,707.3034,1129.1151,62.64,3496.7,2720.93,365.6,-2355.3,12000.41,19601.81,0.22,C,62.64,45.7333,GIE AGSI+ API v013
EU,2023-05-12,EU,eu,710.2775,1129.1151,62.91,3496.7,3371.44,306.1,-3065.4,12000.93,19600.44,0.26,C,62.91,46.0167,GIE AGSI+ API v013
EU,2023-05-13,EU,eu,714.7887,1129.1151,63.31,3496.7,4531.27,113.4,-4417.9,11960.57,19601.38,0.4,C,63.31,46.37,GIE AGSI+ API v013
EU,2023-05-14,EU,eu,719.2941,1129.0942,63.71,3496.7,4482.98,73,-4410,11960.12,19602.58,0.4,C,63.71,46.7367,GIE AGSI+ API v013
EU,2023-05-15,EU,eu,722.504,1130.6387,63.9,3496.7,3305.36,150.3,-3155,11977.24,19947.83,0.28,C,63.9,47.12,GIE AGSI+ API v013
EU,2023-05-16,EU,eu,725.5067,1129.1157,64.25,3496.7,2955.08,287.1,-2668,11959.19,19964.6,0.27,C,64.25,47.4767,GIE AGSI+ API v013
EU,2023-05-17,EU,eu,728.5457,1129.0713,64.53,3496.7,3370.01,431.8,-2938.2,11949.92,19934.99,0.27,C,64.53,47.8167,GIE AGSI+ API v013
EU,2023-05-18,EU,eu,731.8914,1129.0713,64.82,3496.7,3449.63,115.7,-3333.9,11958.73,19967.61,0.3,C,64.82,48.1067,GIE AGSI+ API v013
EU,2023-05-19,EU,eu,735.52,1130.8316,65.04,3496.7,3676.82,131.5,-3545.4,11998.51,19968.18,0.32,C,65.04,48.4067,GIE AGSI+ API v013
EU,2023-05-20,EU,eu,740.2532,1130.8316,65.46,3496.7,4676.39,72.9,-4603.5,11998.08,19969.33,0.42,C,65.46,48.7333,GIE AGSI+ API v013
EU,2023-05-21,EU,eu,745.1257,1130.8316,65.89,3496.7,4808.08,56.3,-4751.8,11997.6,19970.59,0.43,C,65.89,49.14,GIE AGSI+ API v013
EU,2023-05-22,EU,eu,748.1494,1130.8316,66.16,3496.7,3133.01,244.1,-2888.9,11957.13,19971.84,0.27,C,66.16,49.5833,GIE AGSI+ API v013
EU,2023-05-23,EU,eu,751.0923,1130.8316,66.42,3496.7,3192.14,356.9,-2835.2,11956.7,19972.98,0.26,C,66.42,49.99,GIE AGSI+ API v013
EU,2023-05-24,EU,eu,753.64,1130.8316,66.64,3496.7,2896.36,446.2,-2450.1,11947.41,19941.61,0.23,C,66.64,50.37,GIE AGSI+ API v013
EU,2023-05-25,EU,eu,756.4485,1130.8316,66.89,3496.7,2988.19,365.8,-2622.4,11956.25,19974.16,0.25,C,66.89,50.7067,GIE AGSI+ API v013
EU,2023-05-26,EU,eu,760.0434,1130.8316,67.21,3496.7,3716.2,219.2,-3497,11956.22,19974.25,0.32,C,67.21,51.0267,GIE AGSI+ API v013
EU,2023-05-27,EU,eu,764.5046,1130.8316,67.61,3496.7,4235.15,125.3,-4109.8,11955.92,19975.03,0.39,C,67.61,51.3067,GIE AGSI+ API v013
EU,2023-05-28,EU,eu,768.7084,1130.8316,67.98,3496.7,4463.54,113,-4350.6,11955.53,19976.06,0.37,C,67.98,51.69,GIE AGSI+ API v013
EU,2023-05-29,EU,eu,772.3597,1130.8316,68.3,3496.7,3875.29,216.6,-3658.7,11955.2,19976.92,0.32,E,68.3,52.0667,GIE AGSI+ API v013
EU,2023-05-30,EU,eu,775.347,1130.8316,68.56,3496.7,3061.07,393.8,-2667.3,11951.93,19973.78,0.26,C,68.56,52.4233,GIE AGSI+ API v013
EU,2023-05-31,EU,eu,777.8543,1130.1434,68.83,3496.7,3027.6,404.1,-2623.5,11945.4,19945.46,0.22,C,68.83,52.71,GIE AGSI+ API v013
EU,2023-06-01,EU,eu,780.5664,1130.358,69.05,3496.7,3115.13,480.4,-2634.7,11956.12,19979.99,0.24,E,69.05,53.0267,GIE AGSI+ API v013
EU,2023-06-02,EU,eu,784.0648,1129.2682,69.43,3496.7,3401.02,181.9,-3219.1,11956.57,19980.55,0.31,C,69.43,53.3867,GIE AGSI+ API v013
EU,2023-06-03,EU,eu,787.9565,1129.2682,69.78,3496.7,3885.61,82.5,-3803.1,11957.53,19981.04,0.34,C,69.78,53.7433,GIE AGSI+ API v013
EU,2023-06-04,EU,eu,791.9009,1129.2682,70.13,3496.7,3941.58,106.3,-3835.2,11957.3,19981.64,0.35,C,70.13,54.13,GIE AGSI+ API v013
EU,2023-06-05,EU,eu,794.5259,1129.2884,70.36,3496.7,2855.61,322.8,-2532.8,11926.13,19842.41,0.23,C,70.36,54.5233,GIE AGSI+ API v013
EU,2023-06-06,EU,eu,796.8271,1129.2884,70.56,3496.7,2576.09,374.4,-2201.7,11926.03,19849.79,0.2,C,70.56,54.9333,GIE AGSI+ API v013
EU,2023-06-07,EU,eu,799.0241,1129.2884,70.75,3496.7,2355.12,224.1,-2131,11916.07,19820.19,0.19,C,70.75,55.2667,GIE AGSI+ API v013
EU,2023-06-08,EU,eu,801.9967,1129.2884,71.02,3496.7,3048.15,163.5,-2884.7,11925,19852.5,0.26,C,71.02,55.5133,GIE AGSI+ API v013
EU,2023-06-09,EU,eu,805.4832,1129.2884,71.33,3496.7,3582.35,197.1,-3385.2,11935.21,19865.65,0.31,C,71.33,55.7133,GIE AGSI+ API v013
EU,2023-06-10,EU,eu,809.6492,1129.2884,71.7,3496.7,4254.89,121.7,-4133.2,11939.32,19866.33,0.37,C,71.7,55.9433,GIE AGSI+ API v013
EU,2023-06-11,EU,eu,813.9668,1129.2884,72.08,3496.7,4319.46,99.4,-4220,11938.92,19867.38,0.38,C,72.08,56.3,GIE AGSI+ API v013
EU,2023-06-12,EU,eu,817.2673,1129.2884,72.37,3496.7,3405.14,250.6,-3154.5,11938.52,19868.44,0.29,C,72.37,56.71,GIE AGSI+ API v013
EU,2023-06-13,EU,eu,820.6397,1129.2884,72.67,3496.7,3426.96,154.1,-3272.9,11973.87,19869.17,0.3,C,72.67,57.1233,GIE AGSI+ API v013
EU,2023-06-14,EU,eu,823.7153,1129.2884,72.94,3496.7,3209.54,268.1,-2941.5,11964.69,19837.52,0.27,C,72.94,57.47,GIE AGSI+ API v013
EU,2023-06-15,EU,eu,826.5071,1129.2884,73.19,3496.7,3013.65,320.9,-2692.7,11987.52,19870.02,0.25,C,73.19,57.7467,GIE AGSI+ API v013
EU,2023-06-16,EU,eu,829.7424,1129.2884,73.47,3496.7,3368.1,228.1,-3140,11987.52,19870.03,0.29,C,73.47,58.0133,GIE AGSI+ API v013
EU,2023-06-17,EU,eu,833.434,1129.2884,73.8,3496.7,3803.53,209.7,-3593.9,11987.2,19870.88,0.33,C,73.8,58.27,GIE AGSI+ API v013
EU,2023-06-18,EU,eu,837.7829,1129.2884,74.19,3496.7,4298.59,60.5,-4238.1,11946.95,19871.53,0.39,C,74.19,58.6,GIE AGSI+ API v013
EU,2023-06-19,EU,eu,840.7602,1129.2884,74.45,3496.7,3032.48,139.1,-2893.4,11946.66,19872.3,0.26,C,74.45,58.95,GIE AGSI+ API v013
EU,2023-06-20,EU,eu,843.9519,1129.2884,74.73,3496.7,2643.43,405,-2238.4,11946.49,19872.75,0.28,C,74.73,59.3033,GIE AGSI+ API v013
EU,2023-06-21,EU,eu,845.078,1129.2884,74.83,3496.7,2489.63,549.6,-1940,11937.36,19840.97,0.1,C,74.83,59.5733,GIE AGSI+ API v013
EU,2023-06-22,EU,eu,846.7646,1129.2884,74.98,3496.7,2205.79,610.1,-1595.7,11946.21,19873.49,0.15,C,74.98,59.82,GIE AGSI+ API v013
EU,2023-06-23,EU,eu,849.46,1129.2884,75.22,3496.7,2825.75,281.9,-2543.8,11946.09,19873.81,0.24,C,75.22,60.0533,GIE AGSI+ API v013
EU,2023-06-24,EU,eu,853.5544,1129.2884,75.58,3496.7,4093.82,120.9,-3973,11945.9,19874.32,0.36,C,75.58,60.3,GIE AGSI+ API v013
EU,2023-06-25,EU,eu,857.5833,1129.3964,75.93,3496.7,4018.67,113.7,-3904.9,11986.38,19876.95,0.36,C,75.93,60.6,GIE AGSI+ API v013
EU,2023-06-26,EU,eu,860.6019,1129.2884,76.21,3496.7,3215.51,275.1,-2940.4,11985.33,19875.8,0.27,C,76.21,60.9533,GIE AGSI+ API v013
EU,2023-06-27,EU,eu,863.0523,1129.2884,76.42,3496.7,2831.77,426.7,-2405,11985.11,19876.4,0.22,C,76.42,61.2933,GIE AGSI+ API v013
EU,2023-06-28,EU,eu,865.28,1129.2884,76.62,3496.7,2659.3,461.9,-2197.4,11975.87,19844.9,0.2,C,76.62,61.6167,GIE AGSI+ API v013
EU,2023-06-29,EU,eu,867.551,1129.2884,76.82,3496.7,2660.43,420.9,-2239.6,11984.74,19877.36,0.2,C,76.82,61.8967,GIE AGSI+ API v013
EU,2023-06-30,EU,eu,870.491,1129.3614,77.08,3496.7,3172.9,269.4,-2903.5,11984.62,19877.68,0.26,C,77.08,62.1133,GIE AGSI+ API v013
EU,2023-07-01,EU,eu,874.4794,1131.3073,77.3,3496.7,4061.99,116.4,-3945.6,12006.38,19878.1,0.35,C,77.3,62.39,GIE AGSI+ API v013
EU,2023-07-02,EU,eu,878.4355,1131.3073,77.65,3496.7,4015.64,98.4,-3917.3,12006.1,19878.85,0.35,C,77.65,62.6833,GIE AGSI+ API v013
EU,2023-07-03,EU,eu,881.3098,1131.3073,77.9,3496.7,3088.34,283.6,-2804.7,12005.82,19879.6,0.25,C,77.9,63.0733,GIE AGSI+ API v013
EU,2023-07-04,EU,eu,883.8471,1131.5324,78.11,3496.7,2651.51,168,-2483.5,12005.6,19880.16,0.22,C,78.11,63.4633,GIE AGSI+ API v013
EU,2023-07-05,EU,eu,887.0109,1131.5324,78.39,3496.7,3187.54,79.5,-3108.1,11996.47,19848.38,0.28,C,78.39,63.8367,GIE AGSI+ API v013
EU,2023-07-06,EU,eu,889.814,1131.5324,78.64,3496.7,2858.68,123.7,-2734.9,12005.32,19880.91,0.25,C,78.64,64.1167,GIE AGSI+ API v013
EU,2023-07-07,EU,eu,893.1543,1131.5324,78.93,3496.7,3385.11,111,-3274.1,12005.31,19880.93,0.3,C,78.93,64.3533,GIE AGSI+ API v013
EU,2023-07-08,EU,eu,897.187,1131.5324,79.29,3496.7,4042.18,67,-3975.2,12005.07,19881.57,0.36,C,79.29,64.5767,GIE AGSI+ API v013
EU,2023-07-09,EU,eu,901.1457,1131.5324,79.64,3496.7,3969.07,89.5,-3879.6,12004.79,19882.3,0.35,C,79.64,64.8667,GIE AGSI+ API v013
EU,2023-07-10,EU,eu,903.6132,1130.7264,79.91,3496.7,2773.65,276.2,-2497.5,12019.53,19883,0.22,C,79.91,65.2233,GIE AGSI+ API v013
EU,2023-07-11,EU,eu,906.164,1130.7264,80.14,3496.7,2701.69,288.4,-2413.2,12019.39,19883.37,0.23,C,80.14,65.55,GIE AGSI+ API v013
EU,2023-07-12,EU,eu,908.914,1131.7264,80.31,3496.7,2850.68,159,-2691.7,12010.27,19851.54,0.24,C,80.31,65.8567,GIE AGSI+ API v013
EU,2023-07-13,EU,eu,911.585,1131.7441,80.55,3496.7,2811.66,206.1,-2605.6,12019.14,19884.02,0.24,C,80.55,66.09,GIE AGSI+ API v013
EU,2023-07-14,EU,eu,914.8432,1131.7441,80.83,3496.7,3421.9,238.1,-3183.8,12019.14,19884.02,0.29,C,80.83,66.28,GIE AGSI+ API v013
EU,2023-07-15,EU,eu,919.1439,1131.7441,81.21,3496.7,4299.31,47.9,-4251.4,12018.93,19884.58,0.38,C,81.21,66.4467,GIE AGSI+ API v013
EU,2023-07-16,EU,eu,923.4364,1131.7441,81.59,3496.7,4264.96,48.9,-4216.1,12018.66,19885.28,0.38,E,81.59,66.71,GIE AGSI+ API v013
EU,2023-07-17,EU,eu,926.6251,1131.7441,81.88,3496.7,3273.27,120.8,-3152.4,12003.4,19885.97,0.28,C,81.88,66.9667,GIE AGSI+ API v013
EU,2023-07-18,EU,eu,929.2774,1131.7441,82.11,3496.7,2836.09,250.5,-2585.5,12003.26,19886.34,0.23,C,82.11,67.21,GIE AGSI+ API v013
EU,2023-07-19,EU,eu,931.7633,1131.7441,82.33,3496.7,2775.91,331.9,-2444,11994.12,19854.58,0.22,E,82.33,67.4233,GIE AGSI+ API v013
EU,2023-07-20,EU,eu,934.2815,1131.8681,82.54,3496.7,2656.72,193.4,-2463.3,12004.63,19887.05,0.22,C,82.54,67.5967,GIE AGSI+ API v013
EU,2023-07-21,EU,eu,937.2209,1131.8681,82.8,3496.7,3023.88,139.7,-2884.2,12004.62,19887.07,0.26,C,82.8,67.7567,GIE AGSI+ API v013
EU,2023-07-22,EU,eu,941.0963,1131.8681,83.15,3496.7,3915.84,84.7,-3831.1,12004.49,19887.41,0.34,C,83.15,67.9333,GIE AGSI+ API v013
EU,2023-07-23,EU,eu,945.2491,1131.8681,83.51,3496.7,4124.94,46.5,-4078.5,12001.81,19883.81,0.37,C,83.51,68.2067,GIE AGSI+ API v013
EU,2023-07-24,EU,eu,948.1978,1131.8681,83.77,3496.7,3006.29,139.5,-2866.8,12001.67,19884.16,0.26,C,83.77,68.5233,GIE AGSI+ API v013
EU,2023-07-25,EU,eu,951.0385,1131.8681,84.02,3496.7,2834.91,116.7,-2718.2,12001.57,19884.42,0.25,C,84.02,68.8067,GIE AGSI+ API v013
EU,2023-07-26,EU,eu,954.0391,1131.8681,84.29,3496.7,3020.3,80.5,-2939.8,11992.5,19852.49,0.27,C,84.29,69.1367,GIE AGSI+ API v013
EU,2023-07-27,EU,eu,956.9953,1131.8681,84.55,3496.7,2997.49,104.6,-2892.9,12001.38,19884.94,0.26,C,84.55,69.43,GIE AGSI+ API v013
EU,2023-07-28,EU,eu,959.8771,1131.8681,84.8,3496.7,3001.98,177.4,-2824.6,12001.4,19884.87,0.25,C,84.8,69.7267,GIE AGSI+ API v013
EU,2023-07-29,EU,eu,964.0784,1131.8681,85.18,3496.7,4186.83,35.4,-4151.5,12001.33,19885.06,0.37,C,85.18,70.0133,GIE AGSI+ API v013
EU,2023-07-30,EU,eu,968.4296,1131.8681,85.56,3496.7,4314.71,36,-4278.7,12001.16,19885.51,0.38,C,85.56,70.32,GIE AGSI+ API v013
EU,2023-07-31,EU,eu,971.8749,1131.8931,85.86,3496.7,3524.21,155.1,-3369.1,11961.07,19821,0.3,C,85.86,70.5233,GIE AGSI+ API v013
EU,2023-08-01,EU,eu,973.8457,1135.7101,85.75,3496.7,3188.82,1305.2,-1883.7,12070.86,19895.94,0.17,C,85.75,71.1267,GIE AGSI+ API v013
EU,2023-08-02,EU,eu,977.1058,1135.7101,86.03,3496.7,3324.4,84.9,-3239.5,12070.72,19896.29,0.29,C,86.03,71.4667,GIE AGSI+ API v013
EU,2023-08-03,EU,eu,980.1497,1135.9241,86.29,3496.7,3057.63,99.7,-2957.9,12073.46,19896.48,0.27,C,86.29,71.7533,GIE AGSI+ API v013
EU,2023-08-04,EU,eu,982.6704,1135.9241,86.51,3496.7,2760.48,251.7,-2508.8,12073.4,19901.96,0.22,E,86.51,72.01,GIE AGSI+ API v013
EU,2023-08-05,EU,eu,986.1717,1135.9241,86.82,3496.7,3484.32,85.7,-3398.6,12073.39,19896.66,0.31,C,86.82,72.13,GIE AGSI+ API v013
EU,2023-08-06,EU,eu,989.815,1135.9241,87.14,3496.7,3633.92,40.9,-3593,12073.25,19897.03,0.32,E,87.14,72.4667,GIE AGSI+ API v013
EU,2023-08-07,EU,eu,993.1994,1135.9241,87.44,3496.7,3397.06,65.6,-3331.5,12073.11,19897.4,0.3,C,87.44,72.8267,GIE AGSI+ API v013
EU,2023-08-08,EU,eu,996.6019,1135.9241,87.73,3496.7,3379,59.8,-3319.2,12072.98,19897.75,0.3,C,87.73,73.18,GIE AGSI+ API v013
EU,2023-08-09,EU,eu,999.7139,1135.9241,88.01,3496.7,3236.93,181.8,-3055.1,12063.8,19866.09,0.27,C,88.01,73.5167,GIE AGSI+ API v013
EU,2023-08-10,EU,eu,1002.7488,1135.9241,88.28,3496.7,3163.92,181.5,-2982.4,12072.66,19898.59,0.27,C,88.28,73.8,GIE AGSI+ API v013
EU,2023-08-11,EU,eu,1006.2534,1136.1241,88.57,3496.7,3573.91,121.4,-3452.5,12072.74,19898.38,0.31,C,88.57,74.0967,GIE AGSI+ API v013
EU,2023-08-12,EU,eu,1010.4651,1136.1241,88.94,3496.7,4248.35,73.2,-4175.1,12072.56,19898.86,0.37,C,88.94,74.3833,GIE AGSI+ API v013
EU,2023-08-13,EU,eu,1014.563,1136.1759,89.3,3496.7,4096.73,69,-4027.8,12072.34,19899.44,0.36,C,89.3,74.7067,GIE AGSI+ API v013
EU,2023-08-14,EU,eu,1018.0724,1136.3558,89.59,3496.7,3537.6,91.3,-3446.3,12072.13,19899.99,0.31,C,89.59,75.0633,GIE AGSI+ API v013
EU,2023-08-15,EU,eu,1021.2976,1138.1658,89.73,3496.7,3324.19,158.1,-3166.1,12072.03,19900.26,0.28,C,89.73,75.41,GIE AGSI+ API v013
EU,2023-08-16,EU,eu,1024.365,1138.2208,90,3496.7,3210.37,158,-3052.4,12062.84,19868.62,0.27,C,90,75.7433,GIE AGSI+ API v013
EU,2023-08-17,EU,eu,1027.6695,1138.1969,90.29,3496.7,3349.23,120.7,-3228.5,12071.74,19901.01,0.29,C,90.29,76.0167,GIE AGSI+ API v013
EU,2023-08-18,EU,eu,1031.1039,1138.1969,90.59,3496.7,3470.54,96.7,-3373.8,12071.96,19900.44,0.3,C,90.59,76.2833,GIE AGSI+ API v013
EU,2023-08-19,EU,eu,1034.6734,1138.1969,90.9,3496.7,3734.5,234.3,-3500.2,12071.77,19900.94,0.31,C,90.9,76.5733,GIE AGSI+ API v013
EU,2023-08-20,EU,eu,1037.9875,1138.1969,91.2,3496.7,3442.77,204.2,-3238.6,12071.59,19901.43,0.29,C,91.2,76.89,GIE AGSI+ API v013
EU,2023-08-21,EU,eu,1040.4294,1138.1965,91.41,3496.7,2702.33,278.6,-2423.7,12071.59,19901.42,0.21,C,91.41,77.2367,GIE AGSI+ API v013
EU,2023-08-22,EU,eu,1041.1774,1138.1965,91.48,3496.7,2068.77,341.6,-1727.1,12071.44,19901.83,0.07,C,91.48,77.5667,GIE AGSI+ API v013
EU,2023-08-23,EU,eu,1043.8583,1138.1965,91.71,3496.7,1944.08,268.9,-1675.2,12062.32,19870.01,0.24,C,91.71,77.8733,GIE AGSI+ API v013
EU,2023-08-24,EU,eu,1045.3702,1138.5449,91.82,3496.7,1812.71,321.5,-1491.2,12071.2,19902.44,0.13,C,91.82,78.1233,GIE AGSI+ API v013
EU,2023-08-25,EU,eu,1047.132,1138.5449,91.97,3496.7,1994.83,258.4,-1736.5,12071.21,19902.41,0.15,C,91.97,78.3833,GIE AGSI+ API v013
EU,2023-08-26,EU,eu,1049.3046,1138.5449,92.16,3496.7,2372.92,234.6,-2138.3,12071.09,19902.74,0.19,C,92.16,78.6367,GIE AGSI+ API v013
EU,2023-08-27,EU,eu,1051.7847,1138.5449,92.38,3496.7,2568.79,143.4,-2425.4,12070.97,19903.05,0.22,C,92.38,78.9,GIE AGSI+ API v013
EU,2023-08-28,EU,eu,1053.1458,1138.5449,92.5,3496.7,1753.29,440.2,-1313.1,12070.85,19903.38,0.12,E,92.5,79.1367,GIE AGSI+ API v013
EU,2023-08-29,EU,eu,1053.7757,1138.5449,92.55,3496.7,1398.88,811.6,-587.2,12070.74,19903.67,0.06,C,92.55,79.4033,GIE AGSI+ API v013
EU,2023-08-30,EU,eu,1054.8582,1138.5449,92.65,3496.7,1545.49,495,-1050.5,12061.73,19871.56,0.1,E,92.65,79.65,GIE AGSI+ API v013
EU,2023-08-31,EU,eu,1055.1335,1137.0223,92.8,3496.7,1605.19,1581.1,-24.1,12070.71,19903.74,0.02,C,92.8,79.6667,GIE AGSI+ API v013
EU,2023-09-01,EU,eu,1057.0346,1139.8653,92.73,3496.7,1870.5,372.4,-1498.1,12032.96,19902.15,0.17,E,92.73,79.9,GIE AGSI+ API v013
EU,2023-09-02,EU,eu,1058.9702,1141.6267,92.76,3496.7,2441.77,396.1,-2045.7,12032.96,19902.15,0.17,E,92.76,80.16,GIE AGSI+ API v013
EU,2023-09-03,EU,eu,1061.1745,1141.6267,92.95,3496.7,2531.3,391.1,-2140.2,12032.96,19902.15,0.19,E,92.95,80.42,GIE AGSI+ API v013
EU,2023-09-04,EU,eu,1062.4538,1141.6267,93.06,3496.7,1647.23,430,-1217.3,12011.95,19902.17,0.11,E,93.06,80.7067,GIE AGSI+ API v013
EU,2023-09-05,EU,eu,1063.4788,1141.6267,93.15,3496.7,1527.77,544.3,-983.5,12008.13,19901.11,0.09,C,93.15,81,GIE AGSI+ API v013
EU,2023-09-06,EU,eu,1064.0754,1141.7367,93.2,3496.7,1261.37,699.5,-561.8,12020.71,19904.08,0.05,C,93.2,81.2833,GIE AGSI+ API v013
EU,2023-09-07,EU,eu,1064.7107,1141.7367,93.25,3496.7,1443.57,840.6,-603,12033.69,19904.12,0.06,C,93.25,81.46,GIE AGSI+ API v013
EU,2023-09-08,EU,eu,1065.4022,1141.8447,93.31,3496.7,1462.96,824.9,-638,12033.69,19904.12,0.06,C,93.31,81.6667,GIE AGSI+ API v013
EU,2023-09-09,EU,eu,1066.7721,1141.8447,93.43,3496.7,1888.77,589.3,-1299.4,12033.7,19904.1,0.12,C,93.43,81.88,GIE AGSI+ API v013
EU,2023-09-10,EU,eu,1068.0361,1141.8447,93.54,3496.7,1821.82,639.4,-1182.4,12033.7,19904.1,0.11,C,93.54,82.0933,GIE AGSI+ API v013
EU,2023-09-11,EU,eu,1068.441,1141.8447,93.57,3496.7,1182.56,823.5,-359.1,12033.7,19904.1,0.04,E,93.57,82.36,GIE AGSI+ API v013
EU,2023-09-12,EU,eu,1068.4304,1141.8447,93.57,3496.7,1098.22,1150,51.8,12033.7,19904.1,-0,E,93.57,82.6267,GIE AGSI+ API v013
EU,2023-09-13,EU,eu,1068.548,1141.8447,93.58,3496.7,989.58,916.5,-73.1,12024.8,19871.71,0.01,E,93.58,82.8567,GIE AGSI+ API v013
EU,2023-09-14,EU,eu,1068.6707,1141.8507,93.59,3496.7,933.22,763.8,-169.4,12033.82,19892.79,0.01,C,93.59,83.02,GIE AGSI+ API v013
EU,2023-09-15,EU,eu,1069.3148,1141.8507,93.65,3496.7,1196.77,594.8,-602,12030.77,19889.15,0.06,C,93.65,83.1767,GIE AGSI+ API v013
EU,2023-09-16,EU,eu,1070.4533,1141.9367,93.74,3496.7,1580.71,508.4,-1072.3,12030.77,19889.15,0.1,C,93.74,83.36,GIE AGSI+ API v013
EU,2023-09-17,EU,eu,1071.9672,1141.9367,93.87,3496.7,1863.93,427.4,-1436.5,12030.77,19889.15,0.13,C,93.87,83.54,GIE AGSI+ API v013
EU,2023-09-18,EU,eu,1073.0119,1141.9367,93.96,3496.7,1413.14,429.4,-983.7,12030.77,19889.16,0.09,C,93.96,83.8067,GIE AGSI+ API v013
EU,2023-09-19,EU,eu,1074.0245,1141.8467,94.06,3496.7,1552.3,545.8,-1006.5,12030.76,19889.18,0.09,C,94.06,84.0467,GIE AGSI+ API v013
EU,2023-09-20,EU,eu,1074.8786,1142.1261,94.11,3496.7,1371.45,514.2,-857.2,12009.76,19889.18,0.07,C,94.11,84.2433,GIE AGSI+ API v013
EU,2023-09-21,EU,eu,1075.9085,1142.1261,94.2,3496.7,1343.54,378.1,-965.4,12017.76,19889.18,0.09,C,94.2,84.3967,GIE AGSI+ API v013
EU,2023-09-22,EU,eu,1077.2962,1142.1261,94.32,3496.7,1693.14,374.2,-1318.9,12030.69,19889.37,0.12,C,94.32,84.55,GIE AGSI+ API v013
EU,2023-09-23,EU,eu,1079.3006,1142.2773,94.49,3496.7,2209.54,276.3,-1933.3,12030.69,19889.37,0.18,C,94.49,84.7267,GIE AGSI+ API v013
EU,2023-09-24,EU,eu,1081.5512,1142.2773,94.68,3496.7,2422.38,248.5,-2173.8,12030.69,19889.36,0.2,C,94.68,84.95,GIE AGSI+ API v013
EU,2023-09-25,EU,eu,1082.9236,1142.2773,94.8,3496.7,1723.78,424.1,-1299.7,12009.69,19814.39,0.12,C,94.8,85.3,GIE AGSI+ API v013
EU,2023-09-26,EU,eu,1084.0457,1142.2773,94.9,3496.7,1557.34,394.7,-1162.7,12006.69,19803.68,0.1,C,94.9,85.55,GIE AGSI+ API v013
EU,2023-09-27,EU,eu,1085.5238,1142.3173,95.03,3496.7,1841.22,310.5,-1530.7,12006.69,19803.68,0.13,E,95.03,85.7467,GIE AGSI+ API v013
EU,2023-09-28,EU,eu,1086.86,1142.2773,95.15,3496.7,1827.77,429.8,-1398,12006.69,19803.68,0.12,C,95.15,85.8233,GIE AGSI+ API v013
EU,2023-09-29,EU,eu,1088.4738,1142.3373,95.28,3496.7,2066.12,415.4,-1650.7,12017.69,19842.95,0.14,C,95.28,85.9833,GIE AGSI+ API v013
EU,2023-09-30,EU,eu,1088.9028,1140.2473,95.5,3496.7,2737.03,198,-2539,12030.68,19889.4,0.04,E,95.5,86.0733,GIE AGSI+ API v013
EU,2023-10-01,EU,eu,1091.2594,1138.3057,95.87,3496.7,2592.54,186.4,-2406.2,11971.99,19867.25,0.21,E,95.87,86.2667,GIE AGSI+ API v013
EU,2023-10-02,EU,eu,1093.0381,1138.3589,96.02,3496.7,1883.82,189,-1694.8,11564.75,19358.7,0.16,C,96.02,86.51,GIE AGSI+ API v013
EU,2023-10-03,EU,eu,1095.1852,1138.4642,96.2,3496.7,2200.91,138.3,-2062.6,11547.05,19336.57,0.19,C,96.2,86.7667,GIE AGSI+ API v013
EU,2023-10-04,EU,eu,1096.8171,1138.4937,96.34,3496.7,1742.92,211.7,-1531.2,11732.72,19547.92,0.14,C,96.34,86.97,GIE AGSI+ API v013
EU,2023-10-05,EU,eu,1097.6489,1138.547,96.41,3496.7,1217.97,481.3,-736.7,11971.74,19867.9,0.07,E,96.41,87.14,GIE AGSI+ API v013
EU,2023-10-06,EU,eu,1099.4933,1138.6779,96.56,3496.7,1910.93,155.6,-1755.3,11971.91,19867.45,0.16,C,96.56,87.29,GIE AGSI+ API v013
EU,2023-10-07,EU,eu,1101.4785,1138.6715,96.73,3496.7,2131.45,233.2,-1898.2,11971.68,19868.07,0.17,C,96.73,87.3767,GIE AGSI+ API v013
EU,2023-10-08,EU,eu,1103.1731,1138.7248,96.88,3496.7,1872.32,237.3,-1635,11971.62,19868.24,0.15,E,96.88,87.5333,GIE AGSI+ API v013
EU,2023-10-09,EU,eu,1104.2411,1138.8056,96.96,3496.7,1418.77,342.9,-1075.8,11971.56,19868.38,0.09,C,96.96,87.7233,GIE AGSI+ API v013
EU,2023-10-10,EU,eu,1105.8517,1139.5929,97.04,3496.7,1714.7,173.7,-1541,11971.4,19868.8,0.14,C,97.04,88.0767,GIE AGSI+ API v013
EU,2023-10-11,EU,eu,1107.6803,1139.6711,97.19,3496.7,2010.25,146.8,-1863.4,11962.18,19837.27,0.16,C,97.19,88.14,GIE AGSI+ API v013
EU,2023-10-12,EU,eu,1109.3281,1139.8044,97.33,3496.7,1856.67,229.4,-1627.2,11970.95,19870,0.14,C,97.33,88.18,GIE AGSI+ API v013
EU,2023-10-13,EU,eu,1111.7668,1139.83,97.54,3496.7,2554.61,120.8,-2433.8,11970.8,19870.4,0.21,C,97.54,88.09,GIE AGSI+ API v013
EU,2023-10-14,EU,eu,1114.325,1139.8833,97.76,3496.7,2634.22,98.3,-2536,11970.55,19871.06,0.22,C,97.76,88.0867,GIE AGSI+ API v013
EU,2023-10-15,EU,eu,1116.189,1139.9366,97.92,3496.7,2085.46,252.6,-1832.9,11893.31,20069.69,0.16,E,97.92,88.1233,GIE AGSI+ API v013
EU,2023-10-16,EU,eu,1116.5055,1140.0174,97.94,3496.7,991.59,693.9,-297.6,11875.08,20096.3,0.03,C,97.94,88.1867,GIE AGSI+ API v013
EU,2023-10-17,EU,eu,1116.747,1140.0707,97.95,3496.7,822.72,603.6,-219.2,11875.06,20096.34,0.02,C,97.95,88.2133,GIE AGSI+ API v013
EU,2023-10-18,EU,eu,1117.0182,1140.1239,97.97,3496.7,943.13,650.5,-292.6,11866.05,20064.25,0.02,C,97.97,88.3,GIE AGSI+ API v013
EU,2023-10-19,EU,eu,1117.6784,1140.2672,98.02,3496.7,1121.62,437.7,-683.9,11875.03,20096.41,0.06,C,98.02,88.3233,GIE AGSI+ API v013
EU,2023-10-20,EU,eu,1118.777,1140.3404,98.11,3496.7,1494.4,381.9,-1112.5,11875.48,19970.24,0.1,C,98.11,88.3867,GIE AGSI+ API v013
EU,2023-10-21,EU,eu,1120.651,1140.3937,98.27,3496.7,2107.01,230,-1877,11875.42,19970.39,0.16,E,98.27,88.4167,GIE AGSI+ API v013
EU,2023-10-22,EU,eu,1122.4947,1140.4194,98.43,3496.7,2002.03,165.2,-1836.8,11875.21,19970.94,0.16,C,98.43,88.45,GIE AGSI+ API v013
EU,2023-10-23,EU,eu,1123.0828,1140.5342,98.47,3496.7,1011.17,413.4,-597.8,11875.01,19971.48,0.05,E,98.47,88.5033,GIE AGSI+ API v013
EU,2023-10-24,EU,eu,1123.8158,1140.6152,98.53,3496.7,1053.64,323,-730.6,11875,19971.51,0.06,C,98.53,88.5833,GIE AGSI+ API v013
EU,2023-10-25,EU,eu,1124.2556,1137.5767,98.83,3496.7,907.73,468.2,-439.5,11854.96,19900.22,0.04,C,98.83,88.62,GIE AGSI+ API v013
EU,2023-10-26,EU,eu,1124.9151,1140.7217,98.61,3496.7,1018.15,331.2,-687,11850.94,19885.99,0.06,C,98.61,88.6167,GIE AGSI+ API v013
EU,2023-10-27,EU,eu,1125.5315,1140.7749,98.66,3496.7,1171.23,262.1,-909.2,11861.8,19925.62,0.05,C,98.66,88.6233,GIE AGSI+ API v013
EU,2023-10-28,EU,eu,1127.6216,1140.8282,98.84,3496.7,1989.77,148.2,-1841.5,12074.14,20276.45,0.18,E,98.84,88.64,GIE AGSI+ API v013
EU,2023-10-29,EU,eu,1129.5761,1140.8814,99.01,3496.7,2055.26,98.9,-1956.4,11874.46,19972.93,0.17,C,99.01,88.6533,GIE AGSI+ API v013
EU,2023-10-30,EU,eu,1130.6172,1140.9347,99.1,3496.7,1252.93,218.8,-1034.1,11874.19,19973.63,0.09,C,99.1,88.7767,GIE AGSI+ API v013
EU,2023-10-31,EU,eu,1131.7,1140.988,99.19,3496.7,1212.45,247.5,-964.9,11874.16,19973.71,0.09,C,99.19,88.8767,GIE AGSI+ API v013
EU,2023-11-01,EU,eu,1133.1705,1141.2936,99.29,3496.7,1590.62,145.4,-1445.3,11856.81,19902.38,0.13,C,99.29,89.0533,GIE AGSI+ API v013
EU,2023-11-02,EU,eu,1134.0711,1141.2936,99.37,3496.7,1101.08,227.5,-873.6,11861.75,19920.4,0.08,C,99.37,89.0133,GIE AGSI+ API v013
EU,2023-11-03,EU,eu,1134.215,1141.3226,99.38,3496.7,535.44,413.3,-122.2,11876.69,19974.11,0.01,C,99.38,88.88,GIE AGSI+ API v013
EU,2023-11-04,EU,eu,1134.821,1141.3236,99.43,3496.7,859.41,247.8,-611.6,11876.63,19974.25,0.05,C,99.43,88.7467,GIE AGSI+ API v013
EU,2023-11-05,EU,eu,1135.64,1141.3236,99.5,3496.7,996.4,181.5,-814.9,11876.63,19974.26,0.07,C,99.5,88.6033,GIE AGSI+ API v013
EU,2023-11-06,EU,eu,1135.7301,1141.4672,99.5,3496.7,483.43,388.7,-94.7,11856.63,19902.86,0.01,C,99.5,88.5633,GIE AGSI+ API v013
EU,2023-11-07,EU,eu,1135.5505,1141.4382,99.48,3496.7,276.45,456.5,180.1,11861.63,19920.72,-0.02,C,99.48,88.5433,GIE AGSI+ API v013
EU,2023-11-08,EU,eu,1135.0599,1141.4382,99.44,3496.7,282.52,755,472.4,11876.62,19974.29,-0.04,C,99.44,88.4633,GIE AGSI+ API v013
EU,2023-11-09,EU,eu,1134.6145,1141.4382,99.4,3496.7,337.7,759.6,421.9,11876.62,19974.29,-0.04,C,99.4,88.32,GIE AGSI+ API v013
EU,2023-11-10,EU,eu,1134.0909,1141.4677,99.35,3496.7,248.03,748.4,500.4,11876.61,20099.31,-0.05,C,99.35,88.1533,GIE AGSI+ API v013
EU,2023-11-11,EU,eu,1134.2299,1141.4677,99.37,3496.7,530.17,377.1,-153.1,11876.59,20099.36,0.01,C,99.37,88.0033,GIE AGSI+ API v013
EU,2023-11-12,EU,eu,1134.2922,1141.4677,99.37,3496.7,461.73,380.1,-81.6,11876.59,20099.37,0.01,C,99.37,87.86,GIE AGSI+ API v013
EU,2023-11-13,EU,eu,1133.4052,1141.4677,99.29,3496.7,260.99,1124.4,863.4,11856.59,20027.97,-0.08,C,99.29,87.7733,GIE AGSI+ API v013
EU,2023-11-14,EU,eu,1133.1513,1141.4677,99.27,3496.7,421.41,642.7,221.3,11852.59,20013.68,-0.02,C,99.27,87.7067,GIE AGSI+ API v013
EU,2023-11-15,EU,eu,1132.6418,1141.4677,99.23,3496.7,162.87,1091,928.2,11852.59,20013.69,-0.04,C,99.23,87.57,GIE AGSI+ API v013
EU,2023-11-16,EU,eu,1130.6655,1141.2879,99.07,3496.7,122.97,2048.4,1925.5,11852.6,20253.67,-0.17,C,99.07,87.3767,GIE AGSI+ API v013
EU,2023-11-17,EU,eu,1128.8196,1141.2879,98.91,3496.7,199.21,1962.3,1763.1,11852.74,20253.3,-0.16,C,98.91,87.1967,GIE AGSI+ API v013
EU,2023-11-18,EU,eu,1128.0712,1141.3289,98.84,3496.7,556.79,1150.4,593.6,11852.96,20252.72,-0.07,C,98.84,87.03,GIE AGSI+ API v013
EU,2023-11-19,EU,eu,1128.4116,1141.3289,98.87,3496.7,1234.54,833.9,-400.7,11852.96,20252.72,0.03,C,98.87,86.8667,GIE AGSI+ API v013
EU,2023-11-20,EU,eu,1127.1018,1141.3289,98.75,3496.7,374.07,1595.2,1221.1,11852.95,20252.73,-0.11,C,98.75,86.6767,GIE AGSI+ API v013
EU,2023-11-21,EU,eu,1124.8585,1141.3289,98.56,3496.7,124.16,2277.7,2153.5,11852.95,20243.73,-0.2,C,98.56,86.4767,GIE AGSI+ API v013
EU,2023-11-22,EU,eu,1121.5706,1141.3289,98.27,3496.7,133.85,3334.3,3200.5,11853.04,20243.51,-0.29,C,98.27,86.1867,GIE AGSI+ API v013
EU,2023-11-23,EU,eu,1118.9599,1141.3629,98.04,3496.7,149.39,2694.7,2545.3,11853.26,20242.93,-0.23,C,98.04,85.8367,GIE AGSI+ API v013
EU,2023-11-24,EU,eu,1116.1641,1141.3629,97.79,3496.7,157.26,2882.1,2724.9,11853.38,20242.61,-0.24,C,97.79,85.46,GIE AGSI+ API v013
EU,2023-11-25,EU,eu,1113.4702,1141.3629,97.56,3496.7,238.83,2842.7,2603.9,11853.58,20242.07,-0.24,C,97.56,85.0667,GIE AGSI+ API v013
EU,2023-11-26,EU,eu,1110.5006,1141.3979,97.29,3496.7,205.08,3051.1,2846.1,11853.69,20241.77,-0.26,E,97.29,84.7033,GIE AGSI+ API v013
EU,2023-11-27,EU,eu,1105.5639,1141.3979,96.86,3496.7,107.87,4944.2,4836.4,11853.98,20244.01,-0.43,C,96.86,84.37,GIE AGSI+ API v013
EU,2023-11-28,EU,eu,1099.9153,1141.3979,96.37,3496.7,111.75,5639.7,5527.9,11854.3,20243.17,-0.49,C,96.37,83.9833,GIE AGSI+ API v013
EU,2023-11-29,EU,eu,1093.2389,1141.3979,95.78,3496.7,82.47,6628.2,6545.7,11863.91,20273.69,-0.58,C,95.78,83.5033,GIE AGSI+ API v013
EU,2023-11-30,EU,eu,1086.7034,1141.3979,95.21,3496.7,84.55,6591.9,6507.3,11879.46,20325.79,-0.57,E,95.21,83,GIE AGSI+ API v013
EU,2023-12-01,EU,eu,1080.5421,1141.2834,94.68,3496.7,146.22,6283.2,6137,11879.08,20306.79,-0.54,C,94.68,82.4533,GIE AGSI+ API v013
EU,2023-12-02,EU,eu,1075.0608,1141.2834,94.2,3496.7,120.95,5493.7,5372.7,11879.29,20306.23,-0.48,C,94.2,81.8833,GIE AGSI+ API v013
EU,2023-12-03,EU,eu,1070.1878,1141.2834,93.77,3496.7,184.55,4943.4,4758.8,11879.75,20305.01,-0.43,C,93.77,81.3733,GIE AGSI+ API v013
EU,2023-12-04,EU,eu,1063.3818,1141.2834,93.17,3496.7,106.74,6795.9,6689.1,11860.25,20232.3,-0.6,C,93.17,80.9267,GIE AGSI+ API v013
EU,2023-12-05,EU,eu,1056.7791,1141.2834,92.6,3496.7,155.02,6686.4,6531.4,11865.71,20248.95,-0.58,C,92.6,80.49,GIE AGSI+ API v013
EU,2023-12-06,EU,eu,1050.1022,1141.2834,92.01,3496.7,105.58,6633,6527.4,11641.89,20062.49,-0.59,C,92.01,79.9833,GIE AGSI+ API v013
EU,2023-12-07,EU,eu,1044.086,1141.2834,91.48,3496.7,124.77,6031.2,5906.4,11641.45,20063.64,-0.53,C,91.48,79.42,GIE AGSI+ API v013
EU,2023-12-08,EU,eu,1039.2411,1141.2834,91.06,3496.7,213.18,4922.8,4709.6,11641.79,20098.75,-0.42,C,91.06,78.86,GIE AGSI+ API v013
EU,2023-12-09,EU,eu,1036.3117,1141.2834,90.8,3496.7,545.84,3348.8,2803,11642.16,20097.76,-0.26,C,90.8,78.2433,GIE AGSI+ API v013
EU,2023-12-10,EU,eu,1034.0861,1141.2834,90.61,3496.7,803.09,2935,2131.9,11642.3,20097.39,-0.2,C,90.61,77.6867,GIE AGSI+ API v013
EU,2023-12-11,EU,eu,1030.4717,1141.2834,90.29,3496.7,367.02,3883.4,3516.4,11618.44,20007.34,-0.32,C,90.29,77.1667,GIE AGSI+ API v013
EU,2023-12-12,EU,eu,1026.5985,1141.2557,89.95,3496.7,311.95,4080,3768,11642.79,20092.12,-0.34,E,89.95,76.65,GIE AGSI+ API v013
EU,2023-12-13,EU,eu,1022.6145,1141.2557,89.6,3496.7,269.14,4116.6,3847.4,11643.18,20091.09,-0.35,E,89.6,76.0933,GIE AGSI+ API v013
EU,2023-12-14,EU,eu,1018.2759,1141.2834,89.22,3496.7,192.06,4519.7,4327.6,11643.53,20090.16,-0.38,C,89.22,75.54,GIE AGSI+ API v013
EU,2023-12-15,EU,eu,1014.5261,1141.2834,88.89,3496.7,341.8,3972.7,3630.9,11643.69,20089.74,-0.33,C,88.89,75.02,GIE AGSI+ API v013
EU,2023-12-16,EU,eu,1012.7216,1141.2834,88.74,3496.7,1089.71,2815,1725.3,11643.84,20089.35,-0.16,C,88.74,74.5167,GIE AGSI+ API v013
EU,2023-12-17,EU,eu,1010.6713,1141.2834,88.56,3496.7,1075.45,2929,1853.5,11643.92,20089.13,-0.18,C,88.56,74.0767,GIE AGSI+ API v013
EU,2023-12-18,EU,eu,1006.602,1141.2834,88.2,3496.7,384.97,4463.5,4078.5,11643.95,20089.04,-0.36,C,88.2,73.7,GIE AGSI+ API v013
EU,2023-12-19,EU,eu,1002.2363,1141.2834,87.82,3496.7,325.88,4611.8,4285.9,11642.18,20086.21,-0.38,C,87.82,73.35,GIE AGSI+ API v013
EU,2023-12-20,EU,eu,998.5996,1141.2834,87.5,3496.7,298.77,3885,3586.2,11633.89,20054.35,-0.32,C,87.5,72.94,GIE AGSI+ API v013
EU,2023-12-21,EU,eu,995.8264,1141.2834,87.25,3496.7,514.02,3228.4,2714.4,11643.06,20068.05,-0.24,C,87.25,72.5033,GIE AGSI+ API v013
EU,2023-12-22,EU,eu,993.8092,1141.2834,87.08,3496.7,748.69,2668,1919.3,11644.44,20069.76,-0.18,C,87.08,72.1067,GIE AGSI+ API v013
EU,2023-12-23,EU,eu,992.4714,1141.2834,86.96,3496.7,982.81,2241.7,1258.9,11644.54,20069.49,-0.12,C,86.96,71.8167,GIE AGSI+ API v013
EU,2023-12-24,EU,eu,991.9429,1141.2834,86.91,3496.7,1334.53,1798.1,463.6,11644.61,20069.31,-0.05,C,86.91,71.6567,GIE AGSI+ API v013
EU,2023-12-25,EU,eu,991.7394,1141.2834,86.9,3496.7,1482.53,1618.4,135.9,11644.63,20069.26,-0.02,C,86.9,71.5133,GIE AGSI+ API v013
EU,2023-12-26,EU,eu,990.9871,1141.2834,86.83,3496.7,1235.39,1910.1,674.7,11644.65,20069.2,-0.07,C,86.83,71.3367,GIE AGSI+ API v013
EU,2023-12-27,EU,eu,989.3271,1141.2834,86.69,3496.7,851.55,2406.5,1555,11644.73,20069,-0.15,C,86.69,71.1033,GIE AGSI+ API v013
EU,2023-12-28,EU,eu,988.1666,1141.2834,86.58,3496.7,996.22,2079.6,1083.4,11644.85,20068.66,-0.1,E,86.58,70.8533,GIE AGSI+ API v013
EU,2023-12-29,EU,eu,986.8246,1141.2834,86.47,3496.7,930.24,2207.6,1277.4,11644.97,20068.34,-0.12,C,86.47,70.66,GIE AGSI+ API v013
EU,2023-12-30,EU,eu,985.7918,1141.2834,86.38,3496.7,1088.89,2058.9,970,11644.99,20083.3,-0.09,C,86.38,70.4933,GIE AGSI+ API v013
EU,2023-12-31,EU,eu,984.6128,1141.2834,86.27,3496.7,940.47,2105.9,1165.4,11645.14,20082.91,-0.1,C,86.27,70.3533,GIE AGSI+ API v013
EU,2024-01-01,EU,eu,982.8235,1141.2834,86.12,3519,966.37,2728.2,1761.8,11645.29,20063.51,0,E,86.12,74.7775,GIE AGSI+ API v013
EU,2024-01-02,EU,eu,980.3646,1141.2834,85.9,3519,797.36,3214.3,2416.9,11645.43,20069.13,-0.22,C,85.9,74.525,GIE AGSI+ API v013
EU,2024-01-03,EU,eu,977.8049,1141.2834,85.68,3519,507,2889.8,2382.8,11636.54,20036.72,-0.22,C,85.68,74.23,GIE AGSI+ API v013
EU,2024-01-04,EU,eu,973.9535,1141.2834,85.34,3519,241.66,3828.1,3586.5,11645.73,20068.34,-0.34,E,85.34,73.865,GIE AGSI+ API v013
EU,2024-01-05,EU,eu,969.6804,1141.2834,84.96,3519,247.84,4330,4082.1,11646.08,20067.41,-0.37,C,84.96,73.435,GIE AGSI+ API v013
EU,2024-01-06,EU,eu,965.4381,1141.2834,84.59,3519,286.29,4299.4,4013.1,11646.33,20066.77,-0.37,C,84.59,72.9975,GIE AGSI+ API v013
EU,2024-01-07,EU,eu,960.2621,1141.2834,84.14,3519,216.08,5192,4975.9,11646.56,20066.17,-0.45,C,84.14,72.495,GIE AGSI+ API v013
EU,2024-01-08,EU,eu,951.289,1141.2834,83.35,3519,68.21,8637,8568.8,11645.75,20064.01,-0.79,C,83.35,72.0125,GIE AGSI+ API v013
EU,2024-01-09,EU,eu,941.6657,1141.2834,82.51,3519,46.98,9525,9478,11647.61,20063.38,-0.84,C,82.51,71.53,GIE AGSI+ API v013
EU,2024-01-10,EU,eu,931.7757,1141.2834,81.64,3519,93.3,9887.8,9794.5,11639.27,20029.51,-0.87,C,81.64,70.99,GIE AGSI+ API v013
EU,2024-01-11,EU,eu,922.197,1141.2834,80.8,3519,132.99,9641.5,9508.5,11648.96,20039.82,-0.84,E,80.8,70.41,GIE AGSI+ API v013
EU,2024-01-12,EU,eu,913.6162,1141.2834,80.05,3519,64.82,8458.9,8394.1,11649.59,20038.17,-0.75,E,80.05,69.8475,GIE AGSI+ API v013
EU,2024-01-13,EU,eu,906.7269,1141.2834,79.45,3519,246.72,6985.7,6739,11650.2,20036.54,-0.6,E,79.45,69.2775,GIE AGSI+ API v013
EU,2024-01-14,EU,eu,900.4664,1141.2834,78.9,3519,236.83,6377.9,6141.1,11650.69,20035.26,-0.55,C,78.9,68.6975,GIE AGSI+ API v013
EU,2024-01-15,EU,eu,892.5677,1141.2834,78.21,3519,108.27,7935.5,7827.3,11651.16,20034.03,-0.69,C,78.21,68.13,GIE AGSI+ API v013
EU,2024-01-16,EU,eu,883.9921,1141.2834,77.46,3519,141.45,8548.5,8407.1,11651.81,20032.31,-0.75,E,77.46,67.5525,GIE AGSI+ API v013
EU,2024-01-17,EU,eu,875.659,1141.2835,76.73,3519,161.03,8311.3,8150.3,11643.47,19998.44,-0.73,C,76.73,66.93,GIE AGSI+ API v013
EU,2024-01-18,EU,eu,868.0469,1141.2835,76.06,3519,132.92,7583.3,7450.4,11653.18,20028.7,-0.67,C,76.06,66.245,GIE AGSI+ API v013
EU,2024-01-19,EU,eu,860.243,1141.2835,75.38,3519,250.1,7912.8,7662.7,11653.73,20027.68,-0.68,E,75.38,65.5875,GIE AGSI+ API v013
EU,2024-01-20,EU,eu,853.8786,1141.2835,74.82,3519,357.23,6861.3,6504,11654.38,20025.98,-0.56,C,74.82,64.935,GIE AGSI+ API v013
EU,2024-01-21,EU,eu,847.9545,1141.2835,74.3,3519,455.37,6243.6,5788.2,11654.99,20024.37,-0.52,E,74.3,64.2925,GIE AGSI+ API v013
EU,2024-01-22,EU,eu,842.0951,1141.2835,73.78,3519,369.08,6110.6,5741.5,11655.49,20002.06,-0.51,C,73.78,63.6725,GIE AGSI+ API v013
EU,2024-01-23,EU,eu,836.654,1141.2835,73.31,3519,288.66,5662.1,5373.4,11655.71,19939.53,-0.48,C,73.31,63.02,GIE AGSI+ API v013
EU,2024-01-24,EU,eu,832.2717,1141.2835,72.92,3519,445.64,4698.1,4252.4,11647.03,19906.55,-0.38,E,72.92,62.3425,GIE AGSI+ API v013
EU,2024-01-25,EU,eu,827.669,1141.2835,72.52,3519,494.37,5031.4,4537,11656.18,19938.28,-0.4,C,72.52,61.6375,GIE AGSI+ API v013
EU,2024-01-26,EU,eu,823.4162,1141.2559,72.15,3519,550.56,4641.7,4091.2,11656.29,19938,-0.37,E,72.15,60.98,GIE AGSI+ API v013
EU,2024-01-27,EU,eu,819.356,1141.2559,71.79,3519,342.52,4345.1,4002.6,11656.47,19937.52,-0.36,E,71.79,60.31,GIE AGSI+ API v013
EU,2024-01-28,EU,eu,815.1971,1141.2835,71.43,3519,395.39,4352.3,3956.9,11656.7,19936.91,-0.36,C,71.43,59.68,GIE AGSI+ API v013
EU,2024-01-29,EU,eu,809.796,1141.2835,70.95,3519,297.77,5591.5,5293.7,11656.93,19936.29,-0.47,C,70.95,59.165,GIE AGSI+ API v013
EU,2024-01-30,EU,eu,804.5193,1141.2835,70.49,3519,282.84,5439.6,5156.7,11657.17,19935.66,-0.46,C,70.49,58.695,GIE AGSI+ API v013
EU,2024-01-31,EU,eu,799.5583,1141.2835,70.06,3519,295.94,5257.1,4961.2,11648.44,19902.82,-0.43,C,70.06,58.17,GIE AGSI+ API v013
EU,2024-02-01,EU,eu,794.5999,1141.2835,69.62,3519,320.08,5065.8,4745.7,11657.9,19933.75,-0.43,E,69.62,57.7275,GIE AGSI+ API v013
EU,2024-02-02,EU,eu,790.3394,1141.2835,69.25,3519,337.28,4553.2,4215.9,11658.05,19993.33,-0.37,C,69.25,57.305,GIE AGSI+ API v013
EU,2024-02-03,EU,eu,787.8439,1141.2835,69.03,3519,867.81,3295.2,2427.4,11658.28,19992.74,-0.22,C,69.03,56.8975,GIE AGSI+ API v013
EU,2024-02-04,EU,eu,785.4001,1141.2835,68.82,3519,815.84,3216,2400.1,11658.42,19992.36,-0.21,C,68.82,56.495,GIE AGSI+ API v013
EU,2024-02-05,EU,eu,781.7123,1141.2835,68.49,3519,370.8,3914,3543.2,11658.54,19992.06,-0.32,C,68.49,56.1,GIE AGSI+ API v013
EU,2024-02-06,EU,eu,778.0658,1141.2835,68.17,3519,429.63,3947.9,3518.3,11658.7,19991.63,-0.32,C,68.17,55.6225,GIE AGSI+ API v013
EU,2024-02-07,EU,eu,773.3838,1141.2835,67.76,3519,220.02,4755.6,4535.6,11649.91,19958.94,-0.41,C,67.76,55.095,GIE AGSI+ API v013
EU,2024-02-08,EU,eu,768.8824,1141.2835,67.37,3519,349.03,4708,4358.9,11659.36,19989.88,-0.39,E,67.37,54.5325,GIE AGSI+ API v013
EU,2024-02-09,EU,eu,765.9301,1141.2835,67.11,3519,446.21,3330.2,2884,11659.78,19988.79,-0.26,C,67.11,53.985,GIE AGSI+ API v013
EU,2024-02-10,EU,eu,763.9623,1141.2835,66.94,3519,598.7,2374.6,1775.9,11659.97,19988.28,-0.17,C,66.94,53.425,GIE AGSI+ API v013
EU,2024-02-11,EU,eu,761.8656,1137.8723,66.96,3519,528.3,2434.1,1905.8,11660.14,19979.83,-0.18,C,66.96,52.8925,GIE AGSI+ API v013
EU,2024-02-12,EU,eu,757.9335,1141.2835,66.41,3519,205.73,3974.7,3768.9,11660.33,19979.32,-0.34,C,66.41,52.3425,GIE AGSI+ API v013
EU,2024-02-13,EU,eu,753.9802,1141.2835,66.06,3519,247.67,3987.2,3739.6,11660.53,19978.81,-0.35,C,66.06,51.8175,GIE AGSI+ API v013
EU,2024-02-14,EU,eu,750.806,1141.2835,65.79,3519,294.58,3388.9,3094.4,11651.72,19946.18,-0.28,C,65.79,51.315,GIE AGSI+ API v013
EU,2024-02-15,EU,eu,748.3018,1141.2835,65.57,3519,475.52,2894.9,2419.4,11660.91,19977.8,-0.22,C,65.57,50.875,GIE AGSI+ API v013
EU,2024-02-16,EU,eu,746.2797,1141.2835,65.39,3519,647.96,2607.8,1959.8,11661.15,19977.17,-0.18,C,65.39,50.5275,GIE AGSI+ API v013
EU,2024-02-17,EU,eu,745.0395,1141.2835,65.28,3519,839.52,2015.2,1175.7,11661.27,19976.84,-0.11,C,65.28,50.21,GIE AGSI+ API v013
EU,2024-02-18,EU,eu,743.8023,1141.2835,65.17,3519,754.07,1934.1,1180.1,11661.36,19976.6,-0.11,C,65.17,49.92,GIE AGSI+ API v013
EU,2024-02-19,EU,eu,741.5295,1141.2835,64.97,3519,488.61,2667.3,2178.7,11661.47,19976.31,-0.2,C,64.97,49.62,GIE AGSI+ API v013
EU,2024-02-20,EU,eu,739.1399,1141.2835,64.76,3519,371.63,2688.2,2316.6,11661.56,19976.09,-0.21,C,64.76,49.365,GIE AGSI+ API v013
EU,2024-02-21,EU,eu,736.6726,1141.3835,64.54,3519,345.94,2744.6,2398.6,11652.71,19935.73,-0.22,E,64.54,49.065,GIE AGSI+ API v013
EU,2024-02-22,EU,eu,734.2078,1141.3835,64.33,3519,364.75,2753.1,2388.4,11661.81,19967.59,-0.22,C,64.33,48.7675,GIE AGSI+ API v013
EU,2024-02-23,EU,eu,731.1868,1141.3835,64.06,3519,297.67,3256.9,2959.2,11661.91,19970.28,-0.26,C,64.06,48.52,GIE AGSI+ API v013
EU,2024-02-24,EU,eu,728.9427,1141.3835,63.86,3519,466.25,2660.6,2194.3,11661.99,19967.13,-0.2,C,63.86,48.265,GIE AGSI+ API v013
EU,2024-02-25,EU,eu,727.0986,1141.3835,63.7,3519,518.92,2351.4,1832.5,11662.13,19966.75,-0.16,C,63.7,48.0025,GIE AGSI+ API v013
EU,2024-02-26,EU,eu,723.4581,1141.3835,63.38,3519,253.98,3857.7,3603.7,11662.27,19966.39,-0.32,C,63.38,47.7075,GIE AGSI+ API v013
EU,2024-02-27,EU,eu,719.3716,1141.3835,63.03,3519,303.47,4253.8,3950.3,11662.41,19966,-0.36,C,63.03,47.33,GIE AGSI+ API v013
EU,2024-02-28,EU,eu,715.4699,1141.3835,62.68,3519,305.93,4150.6,3844.6,11653.55,19933.5,-0.34,C,62.68,46.94,GIE AGSI+ API v013
EU,2024-02-29,EU,eu,712.4841,1141.3835,62.42,3519,488.61,3444.8,2956.2,11662.72,19965.19,-0.26,C,62.42,60.73,GIE AGSI+ API v013
EU,2024-03-01,EU,eu,710.2454,1141.3835,62.23,3519,355.15,2541.5,2186.4,11662.79,19958,-0.2,C,62.23,46.5525,GIE AGSI+ API v013
EU,2024-03-02,EU,eu,709.3771,1141.6129,62.14,3519,818.71,1642.2,823.5,11662.88,19957.78,-0.08,C,62.14,46.16,GIE AGSI+ API v013
EU,2024-03-03,EU,eu,708.6572,1141.6129,62.08,3519,908.21,1597.2,688.9,11662.94,19957.6,-0.06,C,62.08,45.785,GIE AGSI+ API v013
EU,2024-03-04,EU,eu,706.1442,1141.613,61.85,3519,358.28,2803.2,2444.9,11663.01,19957.43,-0.22,C,61.85,45.47,GIE AGSI+ API v013
EU,2024-03-05,EU,eu,703.034,1141.613,61.58,3519,210.17,3251.4,3041.2,11663.11,19957.15,-0.27,E,61.58,45.07,GIE AGSI+ API v013
EU,2024-03-06,EU,eu,699.4265,1141.613,61.27,3519,283.15,3788.7,3505.5,11663.24,19944.82,-0.32,C,61.27,44.7475,GIE AGSI+ API v013
EU,2024-03-07,EU,eu,696.2107,1141.613,60.98,3519,324.26,3464.5,3140.2,11663.39,19944.42,-0.28,C,60.98,44.4,GIE AGSI+ API v013
EU,2024-03-08,EU,eu,693.5633,1141.613,60.75,3519,367.92,2945.7,2577.8,11663.49,19944.16,-0.23,C,60.75,44.0425,GIE AGSI+ API v013
EU,2024-03-09,EU,eu,692.3154,1141.613,60.64,3519,663.73,1854.8,1191.1,11663.61,19943.86,-0.11,C,60.64,43.6975,GIE AGSI+ API v013
EU,2024-03-10,EU,eu,691.4001,1141.613,60.56,3519,802.6,1667.2,864.6,11663.67,19943.69,-0.08,C,60.56,43.4575,GIE AGSI+ API v013
EU,2024-03-11,EU,eu,688.6612,1141.613,60.32,3519,270.84,2943.5,2672.7,11663.73,19936.53,-0.24,C,60.32,43.29,GIE AGSI+ API v013
EU,2024-03-12,EU,eu,685.7393,1141.613,60.07,3519,282.4,3142.3,2859.9,11663.85,19936.21,-0.26,C,60.07,43.2275,GIE AGSI+ API v013
EU,2024-03-13,EU,eu,683.3923,1141.613,59.86,3519,310.94,2607.9,2296.9,11654.97,19903.77,-0.21,E,59.86,43.0725,GIE AGSI+ API v013
EU,2024-03-14,EU,eu,683.1464,1141.613,59.84,3519,850.17,1950.3,1100.1,11664.05,19935.7,-0.02,E,59.84,42.915,GIE AGSI+ API v013
EU,2024-03-15,EU,eu,681.7707,1141.613,59.72,3519,1026.49,1450.9,424.4,11664.31,19935.02,-0.12,E,59.72,42.7375,GIE AGSI+ API v013
EU,2024-03-16,EU,eu,681.4035,1141.5453,59.69,3519,1056.12,1392.9,336.8,11664.35,19934.89,-0.03,E,59.69,42.55,GIE AGSI+ API v013
EU,2024-03-17,EU,eu,680.9728,1141.5453,59.65,3519,1012.05,1405.4,393.3,11664.41,19934.75,-0.04,E,59.65,42.3875,GIE AGSI+ API v013
EU,2024-03-18,EU,eu,679.3258,1141.5177,59.51,3519,528.08,2088.4,1560.3,11664.5,19934.5,-0.14,E,59.51,42.2675,GIE AGSI+ API v013
EU,2024-03-19,EU,eu,677.7172,1141.5177,59.37,3519,692.56,2269.4,1576.8,11664.56,19934.34,-0.14,E,59.37,42.145,GIE AGSI+ API v013
EU,2024-03-20,EU,eu,676.5293,1141.5453,59.26,3519,736.41,1897.7,1161.3,11655.62,19902.06,-0.1,E,59.26,42.095,GIE AGSI+ API v013
EU,2024-03-21,EU,eu,675.708,1141.5453,59.19,3519,830.19,1585.1,755,11664.68,19925.03,-0.07,E,59.19,42.0025,GIE AGSI+ API v013
EU,2024-03-22,EU,eu,675.4096,1141.5453,59.17,3519,1019.22,1259.5,240.3,11664.75,19924.83,-0.03,E,59.17,41.9125,GIE AGSI+ API v013
EU,2024-03-23,EU,eu,675.6173,1141.5453,59.18,3519,1252.29,1022.8,-229.5,11664.82,19924.66,0.02,E,59.18,41.8175,GIE AGSI+ API v013
EU,2024-03-24,EU,eu,675.3142,1141.5453,59.16,3519,1117.39,1408.8,291.4,11664.87,19924.52,-0.03,E,59.16,41.78,GIE AGSI+ API v013
EU,2024-03-25,EU,eu,673.4159,1141.5453,58.99,3519,545.81,2377.4,1831.6,11664.96,19924.3,-0.17,E,58.99,41.7675,GIE AGSI+ API v013
EU,2024-03-26,EU,eu,672.2386,1141.5453,58.89,3519,650.96,1688.8,1037.8,11665.07,19924.01,-0.1,C,58.89,41.775,GIE AGSI+ API v013
EU,2024-03-27,EU,eu,671.1349,1141.5453,58.79,3519,691.05,1798.9,1107.8,11665.17,19923.74,-0.1,C,58.79,41.775,GIE AGSI+ API v013
EU,2024-03-28,EU,eu,669.9592,1141.5453,58.69,3519,807.65,1939.8,1132.2,11665.23,19927.05,-0.1,C,58.69,41.7575,GIE AGSI+ API v013
EU,2024-03-29,EU,eu,669.9592,1141.5453,58.69,3519,1236.33,1215.8,-20.5,11665.31,19923.38,0,C,58.69,41.7325,GIE AGSI+ API v013
EU,2024-03-30,EU,eu,670.2893,1141.5453,58.72,3519,1612.93,1278.7,-334.2,11478.16,19636.31,0.03,E,58.72,41.7425,GIE AGSI+ API v013
EU,2024-03-31,EU,eu,666.1458,1139.1544,58.48,3519,3105.66,802,-2303.7,11665.41,19923.11,-0.36,E,58.48,41.62,GIE AGSI+ API v013
EU,2024-04-01,EU,eu,669.1111,1129.916,59.22,3519,2101.88,1979.8,-122.1,11626.17,19800.29,0.26,C,59.22,41.85,GIE AGSI+ API v013
EU,2024-04-02,EU,eu,670.6287,1129.916,59.35,3519,1244.49,893.6,-350.9,11650.79,19808.35,0.13,C,59.35,41.8925,GIE AGSI+ API v013
EU,2024-04-03,EU,eu,671.3505,1130.1588,59.4,3519,1137.13,928.2,-209,11649.26,19789.06,0.06,C,59.4,41.9125,GIE AGSI+ API v013
EU,2024-04-04,EU,eu,671.7742,1130.1589,59.44,3519,1472.53,643.5,-829,11658.24,19877.26,0.04,C,59.44,41.95,GIE AGSI+ API v013
EU,2024-04-05,EU,eu,673.6079,1130.1589,59.6,3519,2468.76,364,-2104.7,11658.3,19877.1,0.16,E,59.6,41.98,GIE AGSI+ API v013
EU,2024-04-06,EU,eu,677.2041,1125.6614,60.16,3519,3402.48,157.6,-3244.9,11658.15,19877.51,0.32,C,60.16,42.015,GIE AGSI+ API v013
EU,2024-04-07,EU,eu,680.1409,1125.6614,60.42,3519,3740.36,157.6,-3582.7,11657.92,19878.11,0.26,E,60.42,42.0175,GIE AGSI+ API v013
EU,2024-04-08,EU,eu,683.4832,1125.6614,60.72,3519,2693.54,391.9,-2301.7,11657.63,19878.89,0.3,C,60.72,42.095,GIE AGSI+ API v013
EU,2024-04-09,EU,eu,685.2941,1130.1589,60.64,3519,2587.63,414.8,-2172.8,11655.8,19878.12,0.16,C,60.64,42.2325,GIE AGSI+ API v013
EU,2024-04-10,EU,eu,686.8486,1130.1589,60.77,3519,2131.68,614.2,-1517.5,11646.67,19846.32,0.14,C,60.77,42.415,GIE AGSI+ API v013
EU,2024-04-11,EU,eu,688.9496,1125.6614,61.2,3519,2317.75,476,-1841.7,11655.6,19876.65,0.19,C,61.2,42.58,GIE AGSI+ API v013
EU,2024-04-12,EU,eu,691.7604,1125.6614,61.45,3519,3041.79,221.9,-2819.9,11655.44,19877.06,0.25,E,61.45,42.705,GIE AGSI+ API v013
EU,2024-04-13,EU,eu,695.7098,1125.6614,61.8,3519,3994.54,126.6,-3868,11655.13,19877.88,0.35,C,61.8,42.785,GIE AGSI+ API v013
EU,2024-04-14,EU,eu,699.3679,1125.6614,62.13,3519,3840.59,163.9,-3676.7,11654.74,19878.92,0.32,C,62.13,42.8625,GIE AGSI+ API v013
EU,2024-04-15,EU,eu,701.5052,1125.6436,62.32,3519,2542.71,373.4,-2169.3,11654.38,19879.86,0.19,C,62.32,42.985,GIE AGSI+ API v013
EU,2024-04-16,EU,eu,702.7103,1130.1411,62.18,3519,1890.2,636.4,-1253.8,11654.24,19880.24,0.11,C,62.18,43.18,GIE AGSI+ API v013
EU,2024-04-17,EU,eu,702.7987,1130.4091,62.17,3519,1641.42,1539.5,-101.9,11647.8,19848.61,0.01,C,62.17,43.395,GIE AGSI+ API v013
EU,2024-04-18,EU,eu,702.5321,1130.4091,62.15,3519,1400.16,1642.6,242.5,11656.98,19880.27,-0.02,C,62.15,43.635,GIE AGSI+ API v013
EU,2024-04-19,EU,eu,702.3462,1130.4091,62.13,3519,1343.12,1469.7,126.6,11657.12,19879.89,-0.02,C,62.13,43.835,GIE AGSI+ API v013
EU,2024-04-20,EU,eu,702.9335,1130.4091,62.18,3519,1632.21,1002.2,-630,11712.13,19879.87,0.05,C,62.18,44.0025,GIE AGSI+ API v013
EU,2024-04-21,EU,eu,703.514,1130.4091,62.24,3519,1567.98,973.1,-594.9,11712.13,19878.85,0.05,C,62.24,44.2025,GIE AGSI+ API v013
EU,2024-04-22,EU,eu,702.2528,1130.4091,62.12,3519,1171.03,2463.8,1292.7,11712.2,19878.67,-0.11,C,62.12,44.3175,GIE AGSI+ API v013
EU,2024-04-23,EU,eu,700.6539,1130.4091,61.98,3519,1082.65,2711.8,1629.1,11712.54,19877.79,-0.14,C,61.98,44.7575,GIE AGSI+ API v013
EU,2024-04-24,EU,eu,699.2015,1130.4091,61.85,3519,1092.9,2564.9,1472,11725.92,19815.65,-0.13,C,61.85,45.0875,GIE AGSI+ API v013
EU,2024-04-25,EU,eu,697.8631,1130.4091,61.74,3519,1106.56,2448.1,1341.5,11735.14,19847.2,-0.12,C,61.74,45.36,GIE AGSI+ API v013
EU,2024-04-26,EU,eu,697.5113,1130.4091,61.7,3519,1122.93,1499.4,376.5,11735.4,19846.52,-0.03,C,61.7,45.545,GIE AGSI+ API v013
EU,2024-04-27,EU,eu,699.0063,1130.4091,61.84,3519,1976.82,536.9,-1439.9,11735.54,19846.15,0.13,E,61.84,45.7625,GIE AGSI+ API v013
EU,2024-04-28,EU,eu,701.3379,1130.4091,62.04,3519,2569.64,287.4,-2282.2,11735.39,19846.53,0.21,E,62.04,45.9775,GIE AGSI+ API v013
EU,2024-04-29,EU,eu,703.2102,1130.4091,62.21,3519,2126.25,371,-1755.2,11735.22,19847,0.17,E,62.21,46.24,GIE AGSI+ API v013
EU,2024-04-30,EU,eu,705.7761,1130.4091,62.44,3519,2667.45,237.2,-2430.2,11735.1,19847.3,0.23,C,62.44,46.48,GIE AGSI+ API v013
EU,2024-05-01,EU,eu,708.9415,1130.7807,62.69,3519,3374.7,227.6,-3147.1,11748.06,19679.81,0.28,C,62.69,46.86,GIE AGSI+ API v013
EU,2024-05-02,EU,eu,711.8372,1132.0607,62.88,3519,3231.73,333.1,-2898.6,11781.59,19754.17,0.26,E,62.88,47.155,GIE AGSI+ API v013
EU,2024-05-03,EU,eu,714.1125,1132.0607,63.08,3519,2651.55,468.1,-2183.4,11781.01,19755.7,0.2,E,63.08,47.4275,GIE AGSI+ API v013
EU,2024-05-04,EU,eu,716.8067,1132.0607,63.32,3519,2999.74,277,-2722.7,11780.87,19756.07,0.24,E,63.32,47.6825,GIE AGSI+ API v013
EU,2024-05-05,EU,eu,719.6126,1133.0607,63.51,3519,3075.21,252.1,-2823.1,11787.89,19763.76,0.25,C,63.51,47.94,GIE AGSI+ API v013
EU,2024-05-06,EU,eu,721.7591,1133.0607,63.7,3519,2338.36,759,-1579.3,11787.73,19764.17,0.19,C,63.7,48.205,GIE AGSI+ API v013
EU,2024-05-07,EU,eu,723.2142,1133.0607,63.83,3519,2177.11,715.2,-1461.9,11787.78,19764.04,0.13,E,63.83,48.5175,GIE AGSI+ API v013
EU,2024-05-08,EU,eu,724.4164,1133.0607,63.93,3519,2171.51,843.4,-1328.1,11778.96,19731.44,0.11,C,63.93,48.8925,GIE AGSI+ API v013
EU,2024-05-09,EU,eu,727.319,1133.0607,64.19,3519,3068.21,243.8,-2824.5,11788.08,19763.24,0.26,E,64.19,49.28,GIE AGSI+ API v013
EU,2024-05-10,EU,eu,730.4044,1133.0607,64.46,3519,3427.55,235.7,-3191.9,11787.86,19763.83,0.27,C,64.46,49.635,GIE AGSI+ API v013
EU,2024-05-11,EU,eu,734.4311,1133.0607,64.82,3519,4204.05,137.7,-4066.4,11787.62,19764.47,0.36,C,64.82,49.96,GIE AGSI+ API v013
EU,2024-05-12,EU,eu,738.6014,1133.0607,65.19,3519,4311.42,132.4,-4179,11787.12,19765.78,0.37,C,65.19,50.24,GIE AGSI+ API v013
EU,2024-05-13,EU,eu,742.0061,1133.0607,65.49,3519,3541.96,193.5,-3348.4,11786.62,19767.1,0.3,C,65.49,50.605,GIE AGSI+ API v013
EU,2024-05-14,EU,eu,745.4346,1133.0607,65.79,3519,3583.84,156.2,-3427.7,11786.12,19768.42,0.3,C,65.79,50.98,GIE AGSI+ API v013
EU,2024-05-15,EU,eu,748.5274,1133.0607,66.06,3519,3259.24,170.8,-3088.4,11776.59,19737.69,0.27,C,66.06,51.315,GIE AGSI+ API v013
EU,2024-05-16,EU,eu,751.0707,1133.0607,66.29,3519,2803.63,256.2,-2547.5,11785.21,19770.82,0.22,C,66.29,51.67,GIE AGSI+ API v013
EU,2024-05-17,EU,eu,753.8838,1133.0607,66.54,3519,2982.01,178.4,-2803.6,11784.99,19771.41,0.25,C,66.54,51.995,GIE AGSI+ API v013
EU,2024-05-18,EU,eu,757.264,1133.0607,66.83,3519,3610.68,203.1,-3407.6,11784.68,19772.22,0.3,C,66.83,52.285,GIE AGSI+ API v013
EU,2024-05-19,EU,eu,760.7549,1133.0607,67.14,3519,3664.2,142.4,-3521.8,11784.45,19772.83,0.31,C,67.14,52.565,GIE AGSI+ API v013
EU,2024-05-20,EU,eu,763.6009,1133.0607,67.39,3519,3086.27,203.9,-2882.4,11784.2,19773.48,0.25,C,67.39,52.915,GIE AGSI+ API v013
EU,2024-05-21,EU,eu,765.1428,1133.0607,67.53,3519,2242.31,693.6,-1548.7,11784.06,19773.86,0.14,C,67.53,53.3275,GIE AGSI+ API v013
EU,2024-05-22,EU,eu,767.3966,1133.0607,67.73,3519,2826.87,570.1,-2256.8,11774.93,19742.08,0.2,C,67.73,53.7275,GIE AGSI+ API v013
EU,2024-05-23,EU,eu,770.0577,1133.0607,67.96,3519,2990.53,323.9,-2666.6,11782.63,19777.62,0.23,C,67.96,54.0975,GIE AGSI+ API v013
EU,2024-05-24,EU,eu,772.6885,1133.0607,68.19,3519,2970.8,334.2,-2636.6,11782.42,19778.19,0.23,C,68.19,54.4375,GIE AGSI+ API v013
EU,2024-05-25,EU,eu,775.9266,1133.0607,68.48,3519,3414.86,175.3,-3239.6,11782.19,19778.8,0.29,C,68.48,54.7525,GIE AGSI+ API v013
EU,2024-05-26,EU,eu,779.7599,1133.0607,68.82,3519,3623.92,125.2,-3498.7,11781.95,19779.44,0.34,C,68.82,55.0725,GIE AGSI+ API v013
EU,2024-05-27,EU,eu,782.4725,1133.0607,69.06,3519,2959.43,242.8,-2716.6,11809.44,19780.17,0.24,C,69.06,55.3825,GIE AGSI+ API v013
EU,2024-05-28,EU,eu,784.916,1133.0607,69.27,3519,2759.54,312.2,-2447.3,11809.19,19780.83,0.22,C,69.27,55.7625,GIE AGSI+ API v013
EU,2024-05-29,EU,eu,787.2028,1133.0607,69.48,3519,2639.54,346.2,-2293.3,11800,19749.21,0.2,C,69.48,56.125,GIE AGSI+ API v013
EU,2024-05-30,EU,eu,789.7389,1133.0607,69.7,3519,2897.25,359.1,-2538.2,11808.77,19781.94,0.22,E,69.7,56.4575,GIE AGSI+ API v013
EU,2024-05-31,EU,eu,792.9097,1133.0607,69.98,3519,3302.25,158.5,-3143.8,11809.7,19779.48,0.28,C,69.98,56.74,GIE AGSI+ API v013
EU,2024-06-01,EU,eu,795.5348,1134.5981,70.12,3519,3435.7,197,-3238.7,11809.5,19780.01,0.23,C,70.12,57.0325,GIE AGSI+ API v013
EU,2024-06-02,EU,eu,798.6805,1134.5981,70.39,3519,3366.95,219,-3148,11809.24,19780.68,0.28,C,70.39,57.3975,GIE AGSI+ API v013
EU,2024-06-03,EU,eu,800.5558,1134.5981,70.56,3519,2474.4,588.7,-1885.7,11808.96,19781.43,0.17,C,70.56,57.7525,GIE AGSI+ API v013
EU,2024-06-04,EU,eu,802.3301,1134.5981,70.71,3519,2336.23,559.6,-1776.6,11808.7,19782.12,0.16,C,70.71,58.13,GIE AGSI+ API v013
EU,2024-06-05,EU,eu,804.2831,1134.5981,70.89,3519,2353.75,421.1,-1932.6,11799.52,19750.46,0.17,C,70.89,58.4825,GIE AGSI+ API v013
EU,2024-06-06,EU,eu,806.8609,1134.5981,71.11,3519,2626.3,483.3,-2143,11808.32,19783.11,0.23,E,71.11,58.84,GIE AGSI+ API v013
EU,2024-06-07,EU,eu,809.2998,1134.5981,71.33,3519,2797.18,361.5,-2435.6,11808.15,19783.56,0.21,C,71.33,59.1375,GIE AGSI+ API v013
EU,2024-06-08,EU,eu,812.5253,1134.5981,71.61,3519,3595.22,354.2,-3241,11807.93,19784.15,0.28,E,71.61,59.39,GIE AGSI+ API v013
EU,2024-06-09,EU,eu,815.7288,1134.5981,71.9,3519,3447.97,244.9,-3203.1,11807.57,19785.09,0.28,C,71.9,59.6175,GIE AGSI+ API v013
EU,2024-06-10,EU,eu,817.9674,1133.7861,72.14,3519,2602.65,356.7,-2245.9,11807.28,19785.87,0.2,E,72.14,59.8825,GIE AGSI+ API v013
EU,2024-06-11,EU,eu,819.9515,1133.7861,72.32,3519,2271.63,286.1,-1985.5,11807.09,19786.38,0.17,C,72.32,60.245,GIE AGSI+ API v013
EU,2024-06-12,EU,eu,821.98,1133.7861,72.5,3519,2297.27,253.5,-2043.8,11797.82,19754.94,0.18,C,72.5,60.625,GIE AGSI+ API v013
EU,2024-06-13,EU,eu,824.2484,1133.7861,72.7,3519,2575.18,304.7,-2270.5,11806.5,19787.93,0.2,C,72.7,61.01,GIE AGSI+ API v013
EU,2024-06-14,EU,eu,827.4555,1133.7861,72.98,3519,3412.87,205.7,-3207.2,11806.22,19788.67,0.28,C,72.98,61.3375,GIE AGSI+ API v013
EU,2024-06-15,EU,eu,831.1865,1134.5861,73.26,3519,3845.68,113.4,-3732.2,11805.75,19789.9,0.33,C,73.26,61.6075,GIE AGSI+ API v013
EU,2024-06-16,EU,eu,832.8353,1134.5861,73.4,3519,3974.86,106.6,-3868.2,11805.41,19790.81,0.15,C,73.4,61.8775,GIE AGSI+ API v013
EU,2024-06-17,EU,eu,837.9257,1134.5861,73.85,3519,3040.44,174,-2866.5,11805.07,19791.7,0.45,C,73.85,62.1525,GIE AGSI+ API v013
EU,2024-06-18,EU,eu,840.5822,1134.5861,74.09,3519,2823.6,162.1,-2661.5,11804.75,19792.55,0.23,C,74.09,62.4975,GIE AGSI+ API v013
EU,2024-06-19,EU,eu,843.4487,1134.5861,74.34,3519,3003.5,135.1,-2868.4,11795.48,19761.13,0.25,C,74.34,62.825,GIE AGSI+ API v013
EU,2024-06-20,EU,eu,845.9513,1134.5861,74.56,3519,2723.79,215.3,-2508.5,11803.99,19794.54,0.22,E,74.56,63.16,GIE AGSI+ API v013
EU,2024-06-21,EU,eu,848.6039,1134.5861,74.79,3519,2872.13,217.7,-2654.4,11803.67,19795.41,0.23,C,74.79,63.3875,GIE AGSI+ API v013
EU,2024-06-22,EU,eu,852.4008,1134.5861,75.13,3519,3925.29,128.6,-3796.7,11801.98,19794.49,0.33,C,75.13,63.61,GIE AGSI+ API v013
EU,2024-06-23,EU,eu,856.2176,1134.4843,75.47,3519,3998.16,116.5,-3881.6,11796.46,19788.64,0.34,C,75.47,63.845,GIE AGSI+ API v013
EU,2024-06-24,EU,eu,859.1098,1134.5861,75.72,3519,2991.9,158.9,-2833,11802.55,19798.34,0.25,C,75.72,64.12,GIE AGSI+ API v013
EU,2024-06-25,EU,eu,861.9297,1134.5861,75.97,3519,3018.11,199.1,-2819,11802.1,19799.53,0.25,C,75.97,64.4325,GIE AGSI+ API v013
EU,2024-06-26,EU,eu,864.8598,1134.5861,76.23,3519,3146.15,215.3,-2930.9,11801.76,19800.43,0.26,C,76.23,64.7675,GIE AGSI+ API v013
EU,2024-06-27,EU,eu,867.895,1135.1711,76.45,3519,3147.15,171.8,-2975.4,11801.47,19801.2,0.27,C,76.45,65.075,GIE AGSI+ API v013
EU,2024-06-28,EU,eu,871.1888,1135.1505,76.75,3519,3432.54,142.6,-3289.9,11801.26,19801.75,0.29,E,76.75,65.3675,GIE AGSI+ API v013
EU,2024-06-29,EU,eu,874.9805,1135.1505,77.08,3519,3915.96,129,-3787,11800.91,19802.69,0.33,E,77.08,65.6275,GIE AGSI+ API v013
EU,2024-06-30,EU,eu,878.8032,1135.1505,77.42,3519,3900.21,113.1,-3787.1,11800.57,19803.57,0.34,E,77.42,65.855,GIE AGSI+ API v013
EU,2024-07-01,EU,eu,881.5666,1135.1505,77.66,3519,2978.79,211.4,-2767.4,11800.23,19804.47,0.24,C,77.66,66.1175,GIE AGSI+ API v013
EU,2024-07-02,EU,eu,884.4195,1135.1505,77.91,3519,3020.47,164,-2856.5,11799.77,19805.69,0.25,C,77.91,66.425,GIE AGSI+ API v013
EU,2024-07-03,EU,eu,887.228,1135.1505,78.16,3519,2988.79,179.1,-2809.7,11790.41,19774.51,0.25,C,78.16,66.78,GIE AGSI+ API v013
EU,2024-07-04,EU,eu,890.3107,1135.1505,78.43,3519,3240.24,153.9,-3086.3,11799.09,19807.49,0.27,C,78.43,67.125,GIE AGSI+ API v013
EU,2024-07-05,EU,eu,893.5202,1135.1505,78.71,3519,3341.78,127.6,-3214.2,11798.73,19808.42,0.28,C,78.71,67.475,GIE AGSI+ API v013
EU,2024-07-06,EU,eu,897.0592,1135.6492,78.99,3519,3727.61,165.4,-3562.2,11808.35,19809.35,0.31,C,78.99,67.7475,GIE AGSI+ API v013
EU,2024-07-07,EU,eu,900.5516,1135.6492,79.3,3519,3690.89,185.1,-3505.8,11808.07,19810.1,0.31,C,79.3,67.9975,GIE AGSI+ API v013
EU,2024-07-08,EU,eu,903.7771,1135.6492,79.58,3519,3410.09,173.5,-3236.6,11777.31,19810.83,0.28,C,79.58,68.255,GIE AGSI+ API v013
EU,2024-07-09,EU,eu,906.8107,1135.6492,79.85,3519,3317.6,267.5,-3050.1,11807.49,19811.63,0.27,C,79.85,68.56,GIE AGSI+ API v013
EU,2024-07-10,EU,eu,909.6302,1135.7735,80.09,3519,3053.17,222.1,-2831.1,11800.33,19781.85,0.25,C,80.09,68.895,GIE AGSI+ API v013
EU,2024-07-11,EU,eu,912.2059,1135.7735,80.32,3519,2883.19,290.4,-2592.7,11809.05,19814.74,0.23,C,80.32,69.1975,GIE AGSI+ API v013
EU,2024-07-12,EU,eu,914.8096,1135.7735,80.55,3519,2849.56,239.6,-2610,11809.07,19814.67,0.23,E,80.55,69.47,GIE AGSI+ API v013
EU,2024-07-13,EU,eu,918.0186,1135.7735,80.83,3519,3407.05,198.1,-3208.9,11805.9,19811.35,0.28,C,80.83,69.705,GIE AGSI+ API v013
EU,2024-07-14,EU,eu,921.3442,1135.7735,81.12,3519,3547.91,160.4,-3387.5,11805.47,19812.5,0.29,C,81.12,69.9175,GIE AGSI+ API v013
EU,2024-07-15,EU,eu,924.0643,1135.7735,81.36,3519,2923.61,189.9,-2733.7,11805.04,19813.64,0.24,C,81.36,70.1375,GIE AGSI+ API v013
EU,2024-07-16,EU,eu,926.697,1135.7735,81.59,3519,3031.2,387.6,-2643.6,11804.62,19814.75,0.23,C,81.59,70.43,GIE AGSI+ API v013
EU,2024-07-17,EU,eu,929.1794,1135.7735,81.81,3519,2908.92,394.9,-2514,11795.21,19783.7,0.22,C,81.81,70.695,GIE AGSI+ API v013
EU,2024-07-18,EU,eu,931.4619,1135.7735,82.01,3519,2682.1,383.2,-2298.9,11803.78,19816.95,0.2,C,82.01,70.935,GIE AGSI+ API v013
EU,2024-07-19,EU,eu,934.2312,1135.7735,82.26,3519,3052.78,261.6,-2791.1,11803.44,19817.85,0.24,C,82.26,71.15,GIE AGSI+ API v013
EU,2024-07-20,EU,eu,937.7588,1135.7735,82.57,3519,3761.65,219.3,-3542.4,11803.03,19818.94,0.31,C,82.57,71.3325,GIE AGSI+ API v013
EU,2024-07-21,EU,eu,941.4457,1135.7735,82.89,3519,3895.81,194.6,-3701.2,11802.53,19820.25,0.32,C,82.89,71.5175,GIE AGSI+ API v013
EU,2024-07-22,EU,eu,944.1683,1135.7735,83.13,3519,3091.24,356,-2735.2,11802.08,19821.45,0.24,C,83.13,71.7375,GIE AGSI+ API v013
EU,2024-07-23,EU,eu,946.5927,1135.7735,83.34,3519,2839.45,401,-2438.5,11801.69,19822.49,0.21,C,83.34,72.0325,GIE AGSI+ API v013
EU,2024-07-24,EU,eu,949.0506,1136.6711,83.49,3519,2924.35,449.1,-2475.3,11793.24,19816.76,0.22,C,83.49,72.335,GIE AGSI+ API v013
EU,2024-07-25,EU,eu,951.4531,1137.2211,83.66,3519,2793,377.7,-2415.3,11801.89,19849.8,0.21,C,83.66,72.61,GIE AGSI+ API v013
EU,2024-07-26,EU,eu,954.0147,1137.2211,83.89,3519,2872.89,286.6,-2586.3,11801.79,19850.06,0.23,C,83.89,72.925,GIE AGSI+ API v013
EU,2024-07-27,EU,eu,957.2097,1137.2211,84.17,3519,3385.72,181.9,-3203.8,11801.43,19851.01,0.28,C,84.17,73.21,GIE AGSI+ API v013
EU,2024-07-28,EU,eu,960.6125,1137.2211,84.47,3519,3573.29,155.1,-3418.2,11801.03,19852.06,0.3,C,84.47,73.495,GIE AGSI+ API v013
EU,2024-07-29,EU,eu,963.1391,1137.2211,84.69,3519,2780.91,238.9,-2542,11800.77,19852.74,0.22,C,84.69,73.805,GIE AGSI+ API v013
EU,2024-07-30,EU,eu,965.5134,1137.2211,84.9,3519,2642.05,249.5,-2392.5,11800.55,19853.34,0.21,C,84.9,74.13,GIE AGSI+ API v013
EU,2024-07-31,EU,eu,967.8472,1137.2211,85.11,3519,2617.25,289.9,-2327.4,11791.47,19821.41,0.21,E,85.11,74.3575,GIE AGSI+ API v013
EU,2024-08-01,EU,eu,969.3184,1137.7465,85.2,3519,2562.47,279.1,-2283.4,11812.9,19866.02,0.13,E,85.2,74.7825,GIE AGSI+ API v013
EU,2024-08-02,EU,eu,971.9194,1137.7465,85.42,3519,2848.51,238.5,-2610,11812.75,19866.42,0.23,C,85.42,75.1075,GIE AGSI+ API v013
EU,2024-08-03,EU,eu,975.1823,1137.7465,85.71,3519,3473.54,191.7,-3281.8,11812.6,19866.81,0.29,E,85.71,75.3875,GIE AGSI+ API v013
EU,2024-08-04,EU,eu,978.54,1137.7465,86.01,3519,3562.48,194.6,-3367.8,11812.45,19867.21,0.3,E,86.01,75.635,GIE AGSI+ API v013
EU,2024-08-05,EU,eu,981.1433,1137.7465,86.24,3519,2936.58,332,-2604.6,11812.3,19867.61,0.23,E,86.24,75.8025,GIE AGSI+ API v013
EU,2024-08-06,EU,eu,983.4546,1138.0965,86.41,3519,2674.95,294.3,-2380.7,11812.15,19868,0.2,E,86.41,76.135,GIE AGSI+ API v013
EU,2024-08-07,EU,eu,985.923,1138.0965,86.63,3519,2773.08,295.7,-2477.4,11803.08,19836.05,0.22,E,86.63,76.48,GIE AGSI+ API v013
EU,2024-08-08,EU,eu,988.3234,1138.0965,86.84,3519,2770.61,368.6,-2402,11811.93,19868.57,0.21,E,86.84,76.8175,GIE AGSI+ API v013
EU,2024-08-09,EU,eu,991.1636,1138.0965,87.09,3519,3142.64,304,-2838.6,11788.09,19868.51,0.25,E,87.09,77.14,GIE AGSI+ API v013
EU,2024-08-10,EU,eu,994.2642,1138.0965,87.36,3519,3293.83,192,-3101.9,11787.79,19868.95,0.27,E,87.36,77.42,GIE AGSI+ API v013
EU,2024-08-11,EU,eu,998.2693,1138.0965,87.71,3519,3370.69,222.2,-3148.5,11787.59,19869.48,0.35,E,87.71,77.715,GIE AGSI+ API v013
EU,2024-08-12,EU,eu,1000.4787,1138.0965,87.91,3519,3150.3,262.8,-2887.5,11787.39,19870.01,0.19,C,87.91,78.0225,GIE AGSI+ API v013
EU,2024-08-13,EU,eu,1003.5796,1138.1964,88.17,3519,3372.26,272.5,-3099.7,11787.32,19870.18,0.27,C,88.17,78.355,GIE AGSI+ API v013
EU,2024-08-14,EU,eu,1006.6193,1138.5747,88.41,3519,3251.05,217.6,-3033.4,11787.23,19838.31,0.27,E,88.41,78.695,GIE AGSI+ API v013
EU,2024-08-15,EU,eu,1010.1989,1138.6959,88.72,3519,3692.02,94.4,-3597.6,11787.14,19870.67,0.31,C,88.72,78.99,GIE AGSI+ API v013
EU,2024-08-16,EU,eu,1013.6429,1138.6959,89.02,3519,3602.41,138.9,-3463.5,11787.01,19871,0.3,E,89.02,79.3075,GIE AGSI+ API v013
EU,2024-08-17,EU,eu,1017.5131,1138.6959,89.36,3519,4009.88,88.5,-3921.4,11786.95,19871.18,0.34,C,89.36,79.585,GIE AGSI+ API v013
EU,2024-08-18,EU,eu,1021.5357,1138.6959,89.71,3519,4136.21,90.4,-4045.8,11786.79,19871.59,0.35,C,89.71,79.86,GIE AGSI+ API v013
EU,2024-08-19,EU,eu,1024.5295,1138.7989,89.97,3519,3172.32,169.2,-3003.1,11786.67,19871.9,0.26,C,89.97,80.155,GIE AGSI+ API v013
EU,2024-08-20,EU,eu,1027.4617,1138.7989,90.22,3519,3105.62,142.9,-2962.7,11786.59,19872.12,0.26,C,90.22,80.4675,GIE AGSI+ API v013
EU,2024-08-21,EU,eu,1030.369,1138.7989,90.48,3519,3069.56,130.2,-2939.4,11786.44,19840.4,0.26,C,90.48,80.78,GIE AGSI+ API v013
EU,2024-08-22,EU,eu,1033.1516,1138.7989,90.72,3519,2939.68,124.9,-2814.7,11786.36,19872.74,0.24,C,90.72,81.045,GIE AGSI+ API v013
EU,2024-08-23,EU,eu,1036.1411,1138.7989,90.99,3519,3184.8,158,-3026.8,11786.31,19872.87,0.26,C,90.99,81.3325,GIE AGSI+ API v013
EU,2024-08-24,EU,eu,1040.3056,1139.6109,91.29,3519,3665.45,102.3,-3563.1,11786.15,19873.28,0.37,C,91.29,81.5475,GIE AGSI+ API v013
EU,2024-08-25,EU,eu,1043.8707,1139.6109,91.6,3519,3662.25,72.6,-3589.6,11786.03,19873.6,0.31,C,91.6,81.78,GIE AGSI+ API v013
EU,2024-08-26,EU,eu,1045.7776,1139.6109,91.77,3519,2772.35,226,-2546.4,11785.9,19873.94,0.17,C,91.77,82.0175,GIE AGSI+ API v013
EU,2024-08-27,EU,eu,1047.9527,1139.6109,91.96,3519,2412.33,226.3,-2186,11809.82,19874.16,0.19,C,91.96,82.27,GIE AGSI+ API v013
EU,2024-08-28,EU,eu,1050.0513,1142.3538,91.92,3519,2330.4,208.5,-2121.9,11876.37,19842.16,0.18,C,91.92,82.4775,GIE AGSI+ API v013
EU,2024-08-29,EU,eu,1051.6295,1142.5292,92.04,3519,1978.09,388.1,-1590,11885.33,19874.4,0.14,C,92.04,82.69,GIE AGSI+ API v013
EU,2024-08-30,EU,eu,1053.2147,1142.5292,92.18,3519,1976.82,374.3,-1602.5,11885.32,19874.43,0.14,C,92.18,82.9,GIE AGSI+ API v013
EU,2024-08-31,EU,eu,1055.5968,1142.5292,92.39,3519,2699.64,201.3,-2498.4,11865.3,19874.48,0.21,C,92.39,82.95,GIE AGSI+ API v013
EU,2024-09-01,EU,eu,1058.0498,1145.6208,92.36,3519,2670.08,253.2,-2416.8,11859.21,19876.05,0.21,C,92.36,83.1075,GIE AGSI+ API v013
EU,2024-09-02,EU,eu,1059.3972,1145.6208,92.47,3519,1776.89,489.8,-1287.1,11857.2,19876.08,0.12,C,92.47,83.31,GIE AGSI+ API v013
EU,2024-09-03,EU,eu,1059.9998,1145.6208,92.53,3519,1301.14,691.5,-609.6,11853.19,19876.1,0.05,C,92.53,83.5525,GIE AGSI+ API v013
EU,2024-09-04,EU,eu,1060.5024,1145.6208,92.57,3519,1337.63,832.7,-504.9,11869.19,19818.97,0.04,C,92.57,83.795,GIE AGSI+ API v013
EU,2024-09-05,EU,eu,1061.2942,1145.6208,92.64,3519,1327.03,527.2,-799.8,11877.24,19790.29,0.07,E,92.64,84.0375,GIE AGSI+ API v013
EU,2024-09-06,EU,eu,1062.3533,1145.6858,92.73,3519,1559.57,487.2,-1072.4,11877.26,19822.36,0.09,C,92.73,84.2625,GIE AGSI+ API v013
EU,2024-09-07,EU,eu,1063.4202,1145.6858,92.82,3519,1644,564.6,-1079.4,11877.28,19875.87,0.09,E,92.82,84.4075,GIE AGSI+ API v013
EU,2024-09-08,EU,eu,1064.8832,1145.6858,92.95,3519,1852.39,377.7,-1474.7,11877.3,19875.82,0.13,C,92.95,84.5775,GIE AGSI+ API v013
EU,2024-09-09,EU,eu,1065.9971,1145.6858,93.04,3519,1447.53,447.9,-999.6,11877.3,19875.82,0.1,C,93.04,84.7675,GIE AGSI+ API v013
EU,2024-09-10,EU,eu,1067.1731,1145.6858,93.15,3519,1597.53,408.9,-1188.7,11877.31,19875.8,0.1,C,93.15,84.955,GIE AGSI+ API v013
EU,2024-09-11,EU,eu,1067.7545,1145.6858,93.2,3519,1204.7,489.7,-715,11868.3,19843.67,0.05,E,93.2,85.1625,GIE AGSI+ API v013
EU,2024-09-12,EU,eu,1067.7663,1145.6858,93.2,3519,1083.69,1059.1,-24.6,11877.3,19875.8,0,E,93.2,85.3625,GIE AGSI+ API v013
EU,2024-09-13,EU,eu,1068.0451,1145.6858,93.22,3519,1257.68,976.2,-281.5,11877.39,19875.57,0.02,C,93.22,85.5375,GIE AGSI+ API v013
EU,2024-09-14,EU,eu,1068.6857,1145.6858,93.28,3519,1444.42,793.2,-651.3,11876.62,19874.37,0.06,C,93.28,85.6625,GIE AGSI+ API v013
EU,2024-09-15,EU,eu,1069.6373,1145.6858,93.36,3519,1500.7,732.9,-767.8,11877.48,19875.32,0.08,C,93.36,85.795,GIE AGSI+ API v013
EU,2024-09-16,EU,eu,1069.7927,1145.6868,93.38,3519,1110.15,944.3,-165.8,11877.49,19875.3,0.01,C,93.38,85.955,GIE AGSI+ API v013
EU,2024-09-17,EU,eu,1069.9616,1145.8758,93.38,3519,978.77,797.2,-181.6,11867.8,19874.49,0.01,C,93.38,86.1225,GIE AGSI+ API v013
EU,2024-09-18,EU,eu,1070.6183,1145.8758,93.43,3519,1251.58,649.9,-601.6,11869.59,19870.1,0.06,C,93.43,86.345,GIE AGSI+ API v013
EU,2024-09-19,EU,eu,1071.279,1145.8929,93.49,3519,1269.16,596.4,-672.8,11887.85,19874.36,0.06,E,93.49,86.55,GIE AGSI+ API v013
EU,2024-09-20,EU,eu,1072.1151,1145.8929,93.56,3519,1322.8,479.2,-843.6,11887.87,19874.31,0.07,C,93.56,86.71,GIE AGSI+ API v013
EU,2024-09-21,EU,eu,1073.5915,1145.8929,93.69,3519,1800.94,324.4,-1476.5,11887.91,19874.21,0.13,C,93.69,86.8475,GIE AGSI+ API v013
EU,2024-09-22,EU,eu,1074.9676,1145.8929,93.81,3519,1866.38,474.6,-1391.7,11887.93,19874.17,0.12,C,93.81,86.9925,GIE AGSI+ API v013
EU,2024-09-23,EU,eu,1075.3317,1145.8929,93.84,3519,1150.31,775.7,-374.6,11867.93,19802.74,0.03,E,93.84,87.1675,GIE AGSI+ API v013
EU,2024-09-24,EU,eu,1076.0205,1145.8929,93.9,3519,1183.33,829.4,-353.9,11864.13,19787.96,0.06,C,93.9,87.3825,GIE AGSI+ API v013
EU,2024-09-25,EU,eu,1076.8471,1145.8929,93.97,3519,1374.38,529.4,-845,11864.19,19787.79,0.07,C,93.97,87.675,GIE AGSI+ API v013
EU,2024-09-26,EU,eu,1077.4228,1146.1425,94,3519,1406.3,516.2,-890.1,11870.18,19787.77,0.05,C,94,87.8875,GIE AGSI+ API v013
EU,2024-09-27,EU,eu,1078.3043,1146.1425,94.08,3519,1436.29,553.5,-882.8,11879.19,19819.88,0.08,C,94.08,88.0675,GIE AGSI+ API v013
EU,2024-09-28,EU,eu,1079.6547,1146.1425,94.2,3519,1832.21,469.7,-1362.5,11894.22,19873.34,0.12,C,94.2,88.155,GIE AGSI+ API v013
EU,2024-09-29,EU,eu,1080.9931,1146.1425,94.32,3519,1809.98,455.8,-1354.1,11855.22,19633.09,0.12,C,94.32,88.3075,GIE AGSI+ API v013
EU,2024-09-30,EU,eu,1081.3933,1146.1425,94.35,3519,1211.08,760.8,-450.3,11894.22,19461.48,0.03,C,94.35,88.43,GIE AGSI+ API v013
EU,2024-10-01,EU,eu,1082.021,1147.2981,94.31,3519,692.72,818,125.3,11886.79,19409.72,0.05,E,94.31,88.6675,GIE AGSI+ API v013
EU,2024-10-02,EU,eu,1081.6254,1147.2981,94.28,3519,672.14,1061.8,389.6,11876.65,19549.92,-0.03,C,94.28,88.8875,GIE AGSI+ API v013
EU,2024-10-03,EU,eu,1081.7742,1147.2981,94.29,3519,830.54,670.2,-160.4,11886.65,19624.1,0.01,C,94.29,89.125,GIE AGSI+ API v013
EU,2024-10-04,EU,eu,1082.1023,1147.2981,94.32,3519,883.5,549.2,-334.3,11886.58,19610.45,0.03,C,94.32,89.3125,GIE AGSI+ API v013
EU,2024-10-05,EU,eu,1083.2066,1147.2981,94.41,3519,1418.53,525.1,-893.4,11886.57,19624.21,0.1,C,94.41,89.4575,GIE AGSI+ API v013
EU,2024-10-06,EU,eu,1084.4697,1147.2981,94.52,3519,1688.38,404.1,-1284.3,11886.56,19624.22,0.11,C,94.52,89.6075,GIE AGSI+ API v013
EU,2024-10-07,EU,eu,1084.9203,1147.2981,94.56,3519,1156.22,498.3,-657.9,11451.48,19266.83,0.04,C,94.56,89.715,GIE AGSI+ API v013
EU,2024-10-08,EU,eu,1085.9377,1147.2931,94.65,3519,1331.14,493.5,-837.7,11451.48,19266.59,0.09,E,94.65,89.87,GIE AGSI+ API v013
EU,2024-10-09,EU,eu,1087.122,1147.2931,94.76,3519,1608.87,447.6,-1161.3,11442.48,19234.46,0.1,C,94.76,90.0325,GIE AGSI+ API v013
EU,2024-10-10,EU,eu,1088.0113,1147.2931,94.83,3519,1573.48,500.4,-1073.1,11886.55,19822.01,0.08,C,94.83,90.3175,GIE AGSI+ API v013
EU,2024-10-11,EU,eu,1088.5717,1147.2031,94.89,3519,1129.66,719.2,-410.4,11887.41,19819.74,0.05,C,94.89,90.4025,GIE AGSI+ API v013
EU,2024-10-12,EU,eu,1089.5707,1147.2331,94.97,3519,1632.95,472.6,-1160.4,11887.43,19819.7,0.09,C,94.97,90.4675,GIE AGSI+ API v013
EU,2024-10-13,EU,eu,1090.5725,1147.2331,95.06,3519,1547.94,541.5,-1006.5,11887.29,19820.07,0.09,C,95.06,90.4525,GIE AGSI+ API v013
EU,2024-10-14,EU,eu,1090.0551,1147.3331,95.01,3519,745.17,1265,519.8,11887.14,19820.44,-0.05,E,95.01,90.505,GIE AGSI+ API v013
EU,2024-10-15,EU,eu,1090.1778,1147.5331,95,3519,972.88,861.5,-111.4,11809.42,19896.22,0.01,C,95,90.5725,GIE AGSI+ API v013
EU,2024-10-16,EU,eu,1090.7144,1147.5831,95.04,3519,1147.86,590.7,-557.1,11800.42,19864.09,0.05,C,95.04,90.625,GIE AGSI+ API v013
EU,2024-10-17,EU,eu,1091.0995,1147.5831,95.08,3519,1004.34,680.3,-324.1,11809.42,19896.21,0.03,C,95.08,90.6475,GIE AGSI+ API v013
EU,2024-10-18,EU,eu,1091.3743,1147.6116,95.1,3519,948.58,570.8,-377.8,11809.44,19896.17,0.02,C,95.1,90.7175,GIE AGSI+ API v013
EU,2024-10-19,EU,eu,1092.4893,1147.6116,95.2,3519,1542.46,418.9,-1123.6,11809.45,19896.14,0.1,C,95.2,90.7475,GIE AGSI+ API v013
EU,2024-10-20,EU,eu,1093.7417,1147.6116,95.31,3519,1649.49,392.7,-1256.8,11809.44,19896.16,0.11,C,95.31,90.8175,GIE AGSI+ API v013
EU,2024-10-21,EU,eu,1093.9419,1147.6116,95.32,3519,850.49,751.7,-98.8,11809.41,19896.23,0.02,C,95.32,90.88,GIE AGSI+ API v013
EU,2024-10-22,EU,eu,1093.8088,1147.6116,95.31,3519,671.36,814.1,142.8,11809.47,19896.07,-0.01,E,95.31,90.945,GIE AGSI+ API v013
EU,2024-10-23,EU,eu,1093.1594,1147.6116,95.26,3519,527.3,1109.4,582.1,11778.62,19889.55,-0.06,C,95.26,90.995,GIE AGSI+ API v013
EU,2024-10-24,EU,eu,1092.6855,1147.6116,95.21,3519,552.32,941.9,389.5,11809.76,19895.31,-0.04,C,95.21,91.07,GIE AGSI+ API v013
EU,2024-10-25,EU,eu,1092.5842,1147.6116,95.21,3519,744.24,869.2,124.9,11810,19894.69,-0.01,C,95.21,91.1725,GIE AGSI+ API v013
EU,2024-10-26,EU,eu,1093.3114,1147.6116,95.27,3519,1354.15,656.3,-697.9,12030.89,20228.35,0.06,E,95.27,91.115,GIE AGSI+ API v013
EU,2024-10-27,EU,eu,1093.77,1147.6116,95.31,3519,1276.73,714.9,-561.9,11810.11,19894.4,0.04,C,95.31,91.1325,GIE AGSI+ API v013
EU,2024-10-28,EU,eu,1093.8498,1147.6726,95.31,3519,937.69,860,-77.7,11810.06,19894.52,0.01,C,95.31,91.19,GIE AGSI+ API v013
EU,2024-10-29,EU,eu,1092.7145,1147.6726,95.21,3519,461.94,1010.3,548.4,11810.15,19894.29,-0.1,C,95.21,91.2425,GIE AGSI+ API v013
EU,2024-10-30,EU,eu,1092.7369,1147.7026,95.21,3519,537.37,923,385.6,11810.15,19894.3,0,C,95.21,91.3575,GIE AGSI+ API v013
EU,2024-10-31,EU,eu,1092.2695,1147.7026,95.17,3519,606.59,953.3,346.7,11810.34,19893.79,-0.04,C,95.17,91.455,GIE AGSI+ API v013
EU,2024-11-01,EU,eu,1092.7379,1147.7026,95.21,3519,1291.6,920.5,-371.1,11707.31,19920.44,0.04,C,95.21,91.6125,GIE AGSI+ API v013
EU,2024-11-02,EU,eu,1092.8884,1147.7026,95.22,3519,1087.22,932.5,-154.7,11707.06,19921.1,0.01,C,95.22,91.6025,GIE AGSI+ API v013
EU,2024-11-03,EU,eu,1092.5872,1147.7026,95.2,3519,829.06,1108.7,279.7,11706.64,19922.22,-0.03,E,95.2,91.505,GIE AGSI+ API v013
EU,2024-11-04,EU,eu,1090.3432,1147.7026,95,3519,266.73,2506.6,2239.9,11682.35,19922.97,-0.2,C,95,91.4175,GIE AGSI+ API v013
EU,2024-11-05,EU,eu,1087.2813,1147.7026,94.74,3519,152.57,3234,3081.5,11682.89,19921.55,-0.27,C,94.74,91.3275,GIE AGSI+ API v013
EU,2024-11-06,EU,eu,1083.5078,1147.7026,94.41,3519,143.19,3916.7,3773.5,11679.81,19915.74,-0.33,C,94.41,91.2975,GIE AGSI+ API v013
EU,2024-11-07,EU,eu,1079.5825,1147.7026,94.06,3519,80.78,4162.9,4082.1,11683.94,19919.5,-0.34,C,94.06,91.2775,GIE AGSI+ API v013
EU,2024-11-08,EU,eu,1076.1116,1147.7026,93.76,3519,209.98,3663.9,3453.9,11684.83,19917.15,-0.3,C,93.76,91.2075,GIE AGSI+ API v013
EU,2024-11-09,EU,eu,1073.5011,1147.7026,93.53,3519,315.56,2898.2,2582.7,11685.68,19914.9,-0.23,E,93.53,91.09,GIE AGSI+ API v013
EU,2024-11-10,EU,eu,1071.1242,1147.7026,93.33,3519,333.56,2692.7,2359.2,11686.29,19913.28,-0.21,C,93.33,90.9525,GIE AGSI+ API v013
EU,2024-11-11,EU,eu,1067.8764,1147.7026,93.04,3519,203.93,3604.9,3400.9,11686.85,19911.83,-0.28,C,93.04,90.845,GIE AGSI+ API v013
EU,2024-11-12,EU,eu,1062.5534,1147.7026,92.58,3519,101.29,5035.8,4934.5,11687.13,19911.07,-0.46,C,92.58,90.7375,GIE AGSI+ API v013
EU,2024-11-13,EU,eu,1057.0316,1147.7026,92.1,3519,114.33,5630.3,5516,11688.12,19908.46,-0.48,C,92.1,90.6525,GIE AGSI+ API v013
EU,2024-11-14,EU,eu,1052.0301,1147.7026,91.66,3519,159.6,5159.3,4999.7,11688.81,19906.65,-0.44,E,91.66,90.5975,GIE AGSI+ API v013
EU,2024-11-15,EU,eu,1047.4951,1147.7026,91.27,3519,188.17,4768.8,4580.7,11687.89,19909.07,-0.4,C,91.27,90.485,GIE AGSI+ API v013
EU,2024-11-16,EU,eu,1044.4619,1147.7026,91,3519,330.68,3292.2,2961.5,11688.19,19908.27,-0.26,E,91,90.3,GIE AGSI+ API v013
EU,2024-11-17,EU,eu,1041.4584,1147.7026,90.74,3519,309.92,3330.7,3020.8,11688.38,19907.78,-0.26,C,90.74,90.125,GIE AGSI+ API v013
EU,2024-11-18,EU,eu,1036.433,1147.7026,90.31,3519,92.94,5078.6,4985.6,11688.6,19907.2,-0.44,C,90.31,89.9825,GIE AGSI+ API v013
EU,2024-11-19,EU,eu,1031.3818,1147.7026,89.86,3519,172.99,5220.3,5047.4,11689.11,19905.85,-0.44,E,89.86,89.8675,GIE AGSI+ API v013
EU,2024-11-20,EU,eu,1026.2251,1147.8226,89.41,3519,144.71,5429.9,5285.2,11689.74,19902.19,-0.45,C,89.41,89.695,GIE AGSI+ API v013
EU,2024-11-21,EU,eu,1019.7397,1147.8226,88.84,3519,95.35,6511.8,6416.4,11690.87,19899.22,-0.57,C,88.84,89.4975,GIE AGSI+ API v013
EU,2024-11-22,EU,eu,1013.3609,1147.8226,88.29,3519,155.18,6517,6361.8,11715.42,19897.74,-0.56,C,88.29,89.2075,GIE AGSI+ API v013
EU,2024-11-23,EU,eu,1008.9186,1147.8226,87.9,3519,369.27,4782.6,4413.3,11716.28,19895.49,-0.39,C,87.9,88.8875,GIE AGSI+ API v013
EU,2024-11-24,EU,eu,1006.5843,1147.8226,87.7,3519,1001.01,3266.8,2265.8,11716.74,19894.27,-0.2,C,87.7,88.5425,GIE AGSI+ API v013
EU,2024-11-25,EU,eu,1003.4706,1147.8226,87.42,3519,479.9,3591.3,3111.4,11716.8,19819.13,-0.27,C,87.42,88.19,GIE AGSI+ API v013
EU,2024-11-26,EU,eu,999.1301,1147.8226,87.05,3519,110.33,4448.5,4338.1,11716.91,19808.15,-0.38,C,87.05,87.85,GIE AGSI+ API v013
EU,2024-11-27,EU,eu,994.5277,1147.8226,86.64,3519,199.12,4792.8,4593.7,11717.13,19846.84,-0.4,C,86.64,87.4925,GIE AGSI+ API v013
EU,2024-11-28,EU,eu,989.559,1147.8226,86.21,3519,72.08,5034.8,4962.7,11717.38,19892.58,-0.43,C,86.21,87.08,GIE AGSI+ API v013
EU,2024-11-29,EU,eu,984.1403,1147.8226,85.74,3519,79.51,5513.2,5433.7,11718.17,19890.49,-0.47,E,85.74,86.5725,GIE AGSI+ API v013
EU,2024-11-30,EU,eu,980.3169,1147.8226,85.41,3519,552.12,4369.6,3817.5,11719.12,19887.98,-0.33,C,85.41,86.0525,GIE AGSI+ API v013
EU,2024-12-01,EU,eu,976.5291,1147.8226,85.08,3519,386.32,4159.1,3772.8,11719.62,19887.66,-0.33,C,85.08,85.51,GIE AGSI+ API v013
EU,2024-12-02,EU,eu,971.6369,1147.8226,84.65,3519,243.76,5129.8,4886.1,11698.94,19811.86,-0.43,E,84.65,84.9625,GIE AGSI+ API v013
EU,2024-12-03,EU,eu,965.894,1147.8226,84.15,3519,215.95,5945.2,5729.2,11696.38,19808.98,-0.5,E,84.15,84.4725,GIE AGSI+ API v013
EU,2024-12-04,EU,eu,959.5158,1147.7616,83.6,3519,131.98,6510.2,6378.2,11697.11,19807.06,-0.56,E,83.6,83.9875,GIE AGSI+ API v013
EU,2024-12-05,EU,eu,953.8861,1147.7616,83.11,3519,212.23,5804.1,5591.9,11697.85,19805.1,-0.49,E,83.11,83.5175,GIE AGSI+ API v013
EU,2024-12-06,EU,eu,949.0946,1147.7616,82.69,3519,335.03,5125.5,4790.4,11708.33,19845.73,-0.42,E,82.69,82.99,GIE AGSI+ API v013
EU,2024-12-07,EU,eu,945.2761,1147.7616,82.36,3519,407.2,4227.7,3820.5,11721.92,19890.59,-0.33,E,82.36,82.435,GIE AGSI+ API v013
EU,2024-12-08,EU,eu,941.6213,1147.7616,82.04,3519,400.58,4035.1,3634.5,11722.15,19889.97,-0.32,E,82.04,81.91,GIE AGSI+ API v013
EU,2024-12-09,EU,eu,935.8767,1147.7616,81.54,3519,164.49,5921.8,5757.3,11722.47,19889.15,-0.5,E,81.54,81.3825,GIE AGSI+ API v013
EU,2024-12-10,EU,eu,928.3714,1147.7616,80.89,3519,92.49,7592,7499.5,11702.2,19812.25,-0.65,E,80.89,80.9175,GIE AGSI+ API v013
EU,2024-12-11,EU,eu,920.134,1147.8346,80.16,3519,96.24,8360.9,8264.7,11710.93,19839.12,-0.72,E,80.16,80.4475,GIE AGSI+ API v013
EU,2024-12-12,EU,eu,911.8479,1147.8346,79.44,3519,75.07,8341.9,8266.8,11724.74,19883.4,-0.72,E,79.44,79.975,GIE AGSI+ API v013
EU,2024-12-13,EU,eu,904.0625,1147.8346,78.76,3519,105.71,8037.1,7931.4,11725.5,19881.39,-0.68,E,78.76,79.47,GIE AGSI+ API v013
EU,2024-12-14,EU,eu,898.4723,1147.8346,78.28,3519,246.34,5836.3,5590,11726.36,19879.12,-0.49,E,78.28,78.96,GIE AGSI+ API v013
EU,2024-12-15,EU,eu,894.3181,1147.8346,77.91,3519,431.36,4573.2,4141.9,11726.92,19877.63,-0.36,E,77.91,78.4875,GIE AGSI+ API v013
EU,2024-12-16,EU,eu,889.5852,1147.8346,77.5,3519,326.08,5220.1,4894.1,11727.31,19876.61,-0.41,E,77.5,78.0725,GIE AGSI+ API v013
EU,2024-12-17,EU,eu,884.9431,1147.8346,77.1,3519,285.72,4926.2,4640.5,11727.65,19875.72,-0.4,E,77.1,77.6975,GIE AGSI+ API v013
EU,2024-12-18,EU,eu,880.7744,1147.8346,76.73,3519,399.68,4562.5,4162.8,11719.24,19842.03,-0.36,E,76.73,77.325,GIE AGSI+ API v013
EU,2024-12-19,EU,eu,877.6368,1147.8346,76.46,3519,487.13,3903.3,3416.1,11728.57,19873.31,-0.27,E,76.46,76.9675,GIE AGSI+ API v013
EU,2024-12-20,EU,eu,873.6646,1147.8346,76.11,3519,423.79,4391.1,3967.3,11728.18,19874.32,-0.35,E,76.11,76.58,GIE AGSI+ API v013
EU,2024-12-21,EU,eu,870.9789,1147.8346,75.88,3519,782.28,3463.6,2681.3,11728.66,19873.05,-0.23,E,75.88,76.19,GIE AGSI+ API v013
EU,2024-12-22,EU,eu,868.2383,1147.8346,75.64,3519,828.18,3393,2564.8,11728.81,19872.67,-0.24,E,75.64,75.85,GIE AGSI+ API v013
EU,2024-12-23,EU,eu,864.3336,1147.8346,75.3,3519,403.08,4295.1,3892.1,11728.97,19872.24,-0.34,E,75.3,75.6025,GIE AGSI+ API v013
EU,2024-12-24,EU,eu,860.7731,1147.8346,74.99,3519,400.94,3958.3,3557.4,11729.38,19871.17,-0.31,E,74.99,75.47,GIE AGSI+ API v013
EU,2024-12-25,EU,eu,858.1902,1147.8346,74.77,3519,541.81,3220.8,2679,11729.78,19870.11,-0.23,E,74.77,75.36,GIE AGSI+ API v013
EU,2024-12-26,EU,eu,854.6155,1147.8346,74.45,3519,415.8,3986.5,3570.7,11729.89,19869.81,-0.31,E,74.45,75.21,GIE AGSI+ API v013
EU,2024-12-27,EU,eu,849.3676,1147.8346,74,3519,196.41,5404.6,5208.2,11730.2,19868.99,-0.46,E,74,75,GIE AGSI+ API v013
EU,2024-12-28,EU,eu,844.0194,1147.8346,73.53,3519,183.44,5518.8,5335.4,11730.74,19867.56,-0.47,E,73.53,74.785,GIE AGSI+ API v013
EU,2024-12-29,EU,eu,838.99,1147.8346,73.09,3519,241.92,5255.5,5013.6,11731.49,19865.59,-0.44,E,73.09,74.6125,GIE AGSI+ API v013
EU,2024-12-30,EU,eu,832.0383,1147.8346,72.49,3519,204.5,5052.2,4847.7,10130.49,17080.86,-0.61,E,72.49,74.465,GIE AGSI+ API v013
EU,2024-12-31,EU,eu,828.2665,1147.8346,72.16,3519,244.8,5389.8,5145,11732.74,19862.29,-0.33,E,72.16,74.3325,GIE AGSI+ API v013
EU,2025-01-01,EU,eu,824.1155,1147.6446,71.81,3519,429.9,4578.4,4148.6,11732,19856.32,0,E,71.81,77.046,GIE AGSI+ API v013
EU,2025-01-02,EU,eu,818.5835,1147.6446,71.33,3519,176.34,5703.8,5527.5,11732.4,19855.29,-0.48,E,71.33,76.8,GIE AGSI+ API v013
EU,2025-01-03,EU,eu,811.9318,1147.6446,70.75,3519,172.52,6804.2,6631.7,11733.01,19853.68,-0.58,E,70.75,76.52,GIE AGSI+ API v013
EU,2025-01-04,EU,eu,805.4288,1147.6446,70.18,3519,216.32,6738.2,6521.9,11733.69,19851.86,-0.57,E,70.18,76.16,GIE AGSI+ API v013
EU,2025-01-05,EU,eu,800.1648,1147.6446,69.72,3519,391.02,5833,5442,11734.38,19850.06,-0.46,E,69.72,75.74,GIE AGSI+ API v013
EU,2025-01-06,EU,eu,795.5577,1147.6446,69.32,3519,400.96,5007,4606,11734.98,19848.47,-0.4,E,69.32,75.316,GIE AGSI+ API v013
EU,2025-01-07,EU,eu,789.9718,1147.6446,68.83,3519,222.33,5809,5586.7,11735.31,19847.6,-0.49,E,68.83,74.824,GIE AGSI+ API v013
EU,2025-01-08,EU,eu,783.1635,1147.6446,68.24,3519,230.7,6835.8,6605.1,11735.75,19846.42,-0.59,E,68.24,74.28,GIE AGSI+ API v013
EU,2025-01-09,EU,eu,776.2382,1147.6446,67.64,3519,194.47,7135.5,6941,11736.54,19844.34,-0.6,E,67.64,73.726,GIE AGSI+ API v013
EU,2025-01-10,EU,eu,769.1061,1149.6521,66.9,3519,116.7,6470.9,6354.2,11736.95,19843.26,-0.62,E,66.9,73.12,GIE AGSI+ API v013
EU,2025-01-11,EU,eu,762.0499,1147.6446,66.4,3519,146.78,7188.7,7041.9,11737.59,19834.59,-0.61,E,66.4,72.488,GIE AGSI+ API v013
EU,2025-01-12,EU,eu,754.8549,1147.6446,65.77,3519,156.73,7334.5,7177.8,11738.25,19832.85,-0.63,E,65.77,71.888,GIE AGSI+ API v013
EU,2025-01-13,EU,eu,745.7917,1147.6446,64.98,3519,74.87,9104,9029.1,11738.85,19831.24,-0.79,E,64.98,71.312,GIE AGSI+ API v013
EU,2025-01-14,EU,eu,736.251,1147.6446,64.15,3519,78.38,9625.8,9547.5,11739.56,19829.37,-0.83,E,64.15,70.738,GIE AGSI+ API v013
EU,2025-01-15,EU,eu,727.0294,1147.6446,63.35,3519,221.92,9453.1,9231.2,11740.22,19827.63,-0.8,E,63.35,70.146,GIE AGSI+ API v013
EU,2025-01-16,EU,eu,717.9979,1147.6446,62.56,3519,135.06,9217.8,9082.7,11740.87,19827.69,-0.79,E,62.56,69.534,GIE AGSI+ API v013
EU,2025-01-17,EU,eu,708.311,1147.6446,61.72,3519,142.48,9831,9688.5,11741.51,19826,-0.84,E,61.72,68.89,GIE AGSI+ API v013
EU,2025-01-18,EU,eu,699.6927,1147.6446,60.97,3519,190.04,8823.7,8633.6,11742.24,19824.07,-0.75,E,60.97,68.208,GIE AGSI+ API v013
EU,2025-01-19,EU,eu,691.0199,1147.6446,60.21,3519,277.62,8809.1,8531.4,11742.99,19822.09,-0.76,E,60.21,67.546,GIE AGSI+ API v013
EU,2025-01-20,EU,eu,680.858,1147.6446,59.33,3519,151.96,10301.9,10150,11743.73,19820.14,-0.89,E,59.33,66.912,GIE AGSI+ API v013
EU,2025-01-21,EU,eu,670.1654,1147.6446,58.39,3519,99.19,10599.8,10500.6,11744.47,19815.17,-0.93,E,58.39,66.294,GIE AGSI+ API v013
EU,2025-01-22,EU,eu,661.0268,1147.6446,57.6,3519,159.89,9270,9110.1,11745.21,19813.23,-0.8,E,57.6,65.694,GIE AGSI+ API v013
EU,2025-01-23,EU,eu,654.3342,1147.6446,57.02,3519,234.12,7104.7,6870.6,11745.9,19811.4,-0.58,E,57.02,65.078,GIE AGSI+ API v013
EU,2025-01-24,EU,eu,648.7409,1147.6446,56.53,3519,334.77,5928.1,5593.3,11746.16,19810.73,-0.49,E,56.53,64.458,GIE AGSI+ API v013
EU,2025-01-25,EU,eu,644.7389,1147.6446,56.18,3519,521.56,4739.4,4217.8,11746.46,19837.52,-0.35,E,56.18,63.814,GIE AGSI+ API v013
EU,2025-01-26,EU,eu,640.5664,1149.6521,55.72,3519,367.03,3876.2,3509.2,11746.65,19837.03,-0.36,E,55.72,63.214,GIE AGSI+ API v013
EU,2025-01-27,EU,eu,636.1854,1147.6446,55.43,3519,458.69,4847.7,4389,11746.91,19836.33,-0.38,E,55.43,62.606,GIE AGSI+ API v013
EU,2025-01-28,EU,eu,631.7915,1147.6446,55.05,3519,325.54,4712.4,4386.9,11746.96,19836.21,-0.38,E,55.05,62.03,GIE AGSI+ API v013
EU,2025-01-29,EU,eu,627.1568,1147.6446,54.65,3519,337.71,4805.3,4467.6,11747.23,19835.49,-0.4,E,54.65,61.522,GIE AGSI+ API v013
EU,2025-01-30,EU,eu,621.2938,1147.6446,54.14,3519,179.37,6056.4,5877,11747.45,19844.91,-0.51,E,54.14,61.054,GIE AGSI+ API v013
EU,2025-01-31,EU,eu,615.0046,1147.6446,53.59,3519,144.27,6467.2,6323,11747.98,19843.52,-0.55,E,53.59,60.548,GIE AGSI+ API v013
EU,2025-02-01,EU,eu,609.7506,1147.7502,53.13,3519,261.21,5620.9,5359.7,11748.42,19842.35,-0.46,E,53.13,60.106,GIE AGSI+ API v013
EU,2025-02-02,EU,eu,604.1699,1149.7577,52.55,3519,186.65,5231.7,5045,11748.87,19841.17,-0.49,E,52.55,59.694,GIE AGSI+ API v013
EU,2025-02-03,EU,eu,596.465,1147.7502,51.97,3519,137.97,7870.1,7732.1,11749.37,19839.84,-0.67,E,51.97,59.324,GIE AGSI+ API v013
EU,2025-02-04,EU,eu,588.7688,1149.7577,51.21,3519,139.65,6979.1,6839.5,11750.04,19838.07,-0.67,E,51.21,58.96,GIE AGSI+ API v013
EU,2025-02-05,EU,eu,580.9545,1147.7502,50.62,3519,194.63,7950.8,7756.1,11741.59,19804.48,-0.68,E,50.62,58.578,GIE AGSI+ API v013
EU,2025-02-06,EU,eu,573.5285,1147.7502,49.97,3519,133.95,7499.8,7365.8,11751.2,19703.4,-0.65,E,49.97,58.132,GIE AGSI+ API v013
EU,2025-02-07,EU,eu,567.0777,1147.7502,49.41,3519,266.42,6711.6,6445.2,11751.25,19703.26,-0.56,E,49.41,57.628,GIE AGSI+ API v013
EU,2025-02-08,EU,eu,561.4825,1147.7502,48.92,3519,253.98,5845.8,5591.8,11751.52,19702.56,-0.49,E,48.92,57.1,GIE AGSI+ API v013
EU,2025-02-09,EU,eu,556.2994,1149.7577,48.38,3519,293.93,4713.6,4419.6,11751.71,19702.06,-0.45,E,48.38,56.61,GIE AGSI+ API v013
EU,2025-02-10,EU,eu,549.5619,1147.7502,47.88,3519,236.12,6990.6,6754.5,11751.9,19701.56,-0.59,E,47.88,56.128,GIE AGSI+ API v013
EU,2025-02-11,EU,eu,542.1613,1147.7502,47.24,3519,216.72,7615.7,7399,11752.3,19698.5,-0.64,E,47.24,55.706,GIE AGSI+ API v013
EU,2025-02-12,EU,eu,534.5181,1149.7577,46.49,3519,138.13,6820.9,6682.8,11743.87,19664.86,-0.66,E,46.49,55.156,GIE AGSI+ API v013
EU,2025-02-13,EU,eu,526.7664,1147.7502,45.9,3519,129.27,8011.6,7882.3,11753.46,19695.45,-0.68,E,45.9,54.666,GIE AGSI+ API v013
EU,2025-02-14,EU,eu,518.7628,1147.7502,45.2,3519,165.63,8179.2,8013.6,11754.06,19693.85,-0.7,E,45.2,54.21,GIE AGSI+ API v013
EU,2025-02-15,EU,eu,512.098,1147.7502,44.62,3519,147.55,6827.4,6679.8,11754.65,19692.29,-0.58,E,44.62,53.814,GIE AGSI+ API v013
EU,2025-02-16,EU,eu,505.744,1147.7502,44.06,3519,267.83,6553.2,6285.4,11755.07,19691.19,-0.55,E,44.06,53.5,GIE AGSI+ API v013
EU,2025-02-17,EU,eu,497.3774,1147.7502,43.33,3519,112.42,8658.6,8546.2,11755.5,19690.04,-0.73,E,43.33,53.224,GIE AGSI+ API v013
EU,2025-02-18,EU,eu,488.8278,1147.7502,42.59,3519,167.19,8695.3,8528.1,11756.06,19688.56,-0.74,E,42.59,52.97,GIE AGSI+ API v013
EU,2025-02-19,EU,eu,481.3333,1149.9987,41.86,3519,269.1,6989.3,6720.2,11747.57,19655.1,-0.65,E,41.86,52.69,GIE AGSI+ API v013
EU,2025-02-20,EU,eu,475.2035,1149.9987,41.32,3519,437.42,5706.1,5268.7,11756.95,19686.21,-0.53,E,41.32,52.444,GIE AGSI+ API v013
EU,2025-02-21,EU,eu,470.9774,1149.9987,40.95,3519,679.04,4180,3501,11757.03,19680.02,-0.37,E,40.95,52.16,GIE AGSI+ API v013
EU,2025-02-22,EU,eu,468.0365,1149.9987,40.7,3519,812.2,3096.7,2284.5,11756.99,19680.12,-0.26,E,40.7,51.88,GIE AGSI+ API v013
EU,2025-02-23,EU,eu,465.8165,1149.7577,40.51,3519,1073,2774.3,1701.3,11756.74,19680.76,-0.19,E,40.51,51.628,GIE AGSI+ API v013
EU,2025-02-24,EU,eu,462.4295,1149.7577,40.22,3519,814.13,3351.1,2537,11756.59,19681.18,-0.29,E,40.22,51.384,GIE AGSI+ API v013
EU,2025-02-25,EU,eu,458.2221,1149.7577,39.85,3519,442.51,3797.5,3355,11756.46,19681.52,-0.37,E,39.85,51.142,GIE AGSI+ API v013
EU,2025-02-26,EU,eu,453.8075,1149.7577,39.47,3519,359.7,4081,3721.3,11747.76,19648.58,-0.38,E,39.47,50.842,GIE AGSI+ API v013
EU,2025-02-27,EU,eu,449.0092,1149.7577,39.05,3519,217.84,4330.2,4112.3,11756.89,19680.37,-0.42,E,39.05,50.47,GIE AGSI+ API v013
EU,2025-02-28,EU,eu,438.9927,1149.7577,38.18,3519,172.12,6446.2,6274.1,11757.28,19679.37,-0.87,E,38.18,50.088,GIE AGSI+ API v013
EU,2025-03-01,EU,eu,438.332,1148.5719,38.16,3519,219.02,3346.4,3127.4,11759.84,19669.49,-0.06,E,38.16,49.688,GIE AGSI+ API v013
EU,2025-03-02,EU,eu,435.4441,1148.5719,37.91,3519,350.57,2969.9,2619.3,11760.11,19668.77,-0.25,E,37.91,49.356,GIE AGSI+ API v013
EU,2025-03-03,EU,eu,431.3793,1148.5719,37.56,3519,271.07,3632.9,3361.8,11760.41,19668,-0.35,E,37.56,49.044,GIE AGSI+ API v013
EU,2025-03-04,EU,eu,427.7978,1148.572,37.25,3519,383.35,3375.7,2992.4,11760.64,19667.4,-0.31,E,37.25,48.746,GIE AGSI+ API v013
EU,2025-03-05,EU,eu,424.9185,1148.572,37,3519,448.48,2688,2239.5,11753.14,19568.15,-0.25,E,37,48.372,GIE AGSI+ API v013
EU,2025-03-06,EU,eu,422.7689,1148.572,36.81,3519,719.92,2295.4,1575.5,11762.29,19598.89,-0.19,E,36.81,48.052,GIE AGSI+ API v013
EU,2025-03-07,EU,eu,421.0133,1148.572,36.66,3519,725.02,1861.2,1136.1,11762.3,19598.86,-0.15,E,36.66,47.716,GIE AGSI+ API v013
EU,2025-03-08,EU,eu,420.7237,1148.5721,36.63,3519,1312.53,1222.8,-89.7,11761.18,19590.37,-0.03,E,36.63,47.384,GIE AGSI+ API v013
EU,2025-03-09,EU,eu,420.3974,1148.5722,36.6,3519,1237.26,1164.8,-72.5,11762.39,19598.68,-0.03,E,36.6,47.086,GIE AGSI+ API v013
EU,2025-03-10,EU,eu,418.35,1148.5723,36.42,3519,661.83,2025.7,1363.9,11738.33,19598.83,-0.18,E,36.42,46.878,GIE AGSI+ API v013
EU,2025-03-11,EU,eu,415.3113,1148.5723,36.16,3519,331.93,2808.9,2476.9,11738.52,19596.35,-0.26,E,36.16,46.696,GIE AGSI+ API v013
EU,2025-03-12,EU,eu,411.5052,1148.5723,35.83,3519,313.52,3443.3,3129.8,11738.88,19563.26,-0.33,E,35.83,46.596,GIE AGSI+ API v013
EU,2025-03-13,EU,eu,407.4191,1148.5724,35.47,3519,260.21,3786,3525.8,11739.24,19594.47,-0.36,E,35.47,46.43,GIE AGSI+ API v013
EU,2025-03-14,EU,eu,403.8788,1148.5725,35.16,3519,290.04,3512.9,3222.9,11739.56,19593.65,-0.31,E,35.16,46.3,GIE AGSI+ API v013
EU,2025-03-15,EU,eu,401.5407,1148.5726,34.96,3519,411.4,2472.1,2060.7,11740.01,19592.47,-0.2,E,34.96,46.134,GIE AGSI+ API v013
EU,2025-03-16,EU,eu,399.4292,1148.5726,34.78,3519,434.15,2281.8,1847.6,11740.16,19589.09,-0.18,E,34.78,45.978,GIE AGSI+ API v013
EU,2025-03-17,EU,eu,395.9337,1148.5726,34.47,3519,323.84,3134.6,2810.7,11740.3,19588.72,-0.3,E,34.47,45.84,GIE AGSI+ API v013
EU,2025-03-18,EU,eu,392.7138,1148.5727,34.19,3519,413.76,3075.3,2661.5,11740.42,19588.43,-0.28,E,34.19,45.716,GIE AGSI+ API v013
EU,2025-03-19,EU,eu,390.0208,1148.5727,33.96,3519,506.19,2605.7,2099.5,11755.48,19588.29,-0.23,E,33.96,45.59,GIE AGSI+ API v013
EU,2025-03-20,EU,eu,388.3289,1148.5729,33.81,3519,875.18,1988.9,1113.7,11763.34,19579.89,-0.15,E,33.81,45.528,GIE AGSI+ API v013
EU,2025-03-21,EU,eu,387.9437,1148.5731,33.78,3519,1519.88,1412.1,-107.8,11764.18,19588.18,-0.03,E,33.78,45.44,GIE AGSI+ API v013
EU,2025-03-22,EU,eu,388.6284,1148.5732,33.84,3519,1764.15,799.4,-964.8,11762.77,19580.48,0.06,E,33.84,45.364,GIE AGSI+ API v013
EU,2025-03-23,EU,eu,389.0064,1148.5734,33.87,3519,1466.54,926,-540.6,11762.42,19581.43,0.03,E,33.87,45.29,GIE AGSI+ API v013
EU,2025-03-24,EU,eu,387.7754,1148.5735,33.76,3519,825.11,1591,765.9,11762.19,19582.11,-0.11,E,33.76,45.256,GIE AGSI+ API v013
EU,2025-03-25,EU,eu,386.5466,1148.5738,33.65,3519,839.88,1629.3,789.4,11763.47,19590.23,-0.11,E,33.65,45.212,GIE AGSI+ API v013
EU,2025-03-26,EU,eu,385.4159,1148.5741,33.56,3519,867.59,1639.6,772.1,11763.48,19558.15,-0.1,E,33.56,45.198,GIE AGSI+ API v013
EU,2025-03-27,EU,eu,384.8768,1148.5742,33.51,3519,1039.55,1312.6,273.1,11763.59,19588.04,-0.05,E,33.51,45.178,GIE AGSI+ API v013
EU,2025-03-28,EU,eu,384.9341,1148.5747,33.51,3519,1281.36,1125.2,-156.1,11763.61,19588.06,0,E,33.51,45.144,GIE AGSI+ API v013
EU,2025-03-29,EU,eu,385.7546,1148.5747,33.59,3519,1575.03,766.8,-808.2,11554.45,19275.99,0.07,E,33.59,45.124,GIE AGSI+ API v013
EU,2025-03-30,EU,eu,386.7327,1148.5747,33.67,3519,1576.42,705.3,-871.1,11763.16,19589.25,0.09,E,33.67,45.138,GIE AGSI+ API v013
EU,2025-03-31,EU,eu,387.5658,1146.5096,33.8,3519,1319.96,1687.1,367.2,11762.69,19590.13,0.07,E,33.8,44.992,GIE AGSI+ API v013
EU,2025-04-01,EU,eu,387.6746,1130.2509,34.3,3519,2721.96,905.3,-1816.7,11738.22,19831.19,0.01,E,34.3,45.324,GIE AGSI+ API v013
EU,2025-04-02,EU,eu,388.6443,1129.714,34.4,3519,1637.72,663.5,-974.2,11745.48,19796.22,0.09,E,34.4,45.384,GIE AGSI+ API v013
EU,2025-04-03,EU,eu,389.4104,1129.714,34.47,3519,1535.76,729.5,-806.3,11747.58,19838.36,0.07,E,34.47,45.41,GIE AGSI+ API v013
EU,2025-04-04,EU,eu,391.0148,1129.714,34.61,3519,2089.65,477.3,-1612.3,11747.37,19838.88,0.14,E,34.61,45.448,GIE AGSI+ API v013
EU,2025-04-05,EU,eu,393.2683,1129.714,34.81,3519,2604.54,349.6,-2254.9,11747.03,19839.7,0.2,E,34.81,45.504,GIE AGSI+ API v013
EU,2025-04-06,EU,eu,395.6378,1129.714,35.02,3519,2168.9,684.6,-1484.3,11760.7,19840.3,0.21,E,35.02,45.644,GIE AGSI+ API v013
EU,2025-04-07,EU,eu,395.4332,1129.7124,35,3519,1360.99,1572.6,211.6,11763.39,19844.78,-0.02,E,35,45.698,GIE AGSI+ API v013
EU,2025-04-08,EU,eu,395.1828,1129.7121,34.98,3519,1155.81,1462.8,307,11763.26,19844.86,-0.02,E,34.98,45.82,GIE AGSI+ API v013
EU,2025-04-09,EU,eu,395.2641,1129.7121,34.99,3519,1260.44,1186.1,-74.4,11763.06,19813.04,0.01,E,34.99,45.914,GIE AGSI+ API v013
EU,2025-04-10,EU,eu,395.6829,1129.7121,35.03,3519,1639.55,1219.9,-419.7,11762.8,19845.58,0.04,E,35.03,46.086,GIE AGSI+ API v013
EU,2025-04-11,EU,eu,396.7629,1129.7121,35.12,3519,1913.72,835.8,-1077.9,11762.45,19846.09,0.1,E,35.12,46.304,GIE AGSI+ API v013
EU,2025-04-12,EU,eu,399.4541,1129.7121,35.36,3519,3090.44,379,-2711.4,11761.62,19847.5,0.24,E,35.36,46.454,GIE AGSI+ API v013
EU,2025-04-13,EU,eu,402.479,1129.7121,35.63,3519,3310.49,278.9,-3031.6,11760.58,19849.27,0.27,E,35.63,46.588,GIE AGSI+ API v013
EU,2025-04-14,EU,eu,404.5345,1129.7121,35.81,3519,2495.73,441.9,-2053.8,11759.47,19851.11,0.18,E,35.81,46.716,GIE AGSI+ API v013
EU,2025-04-15,EU,eu,406.4016,1129.5277,35.98,3519,2471.77,695,-1776.8,11758.93,19852.01,0.17,E,35.98,46.852,GIE AGSI+ API v013
EU,2025-04-16,EU,eu,407.8693,1129.5277,36.11,3519,2112.54,616.1,-1496.5,11749.07,19821.32,0.13,E,36.11,46.98,GIE AGSI+ API v013
EU,2025-04-17,EU,eu,409.5489,1129.5277,36.26,3519,2120.13,436.3,-1683.8,11757.78,19853.96,0.15,E,36.26,47.15,GIE AGSI+ API v013
EU,2025-04-18,EU,eu,411.7976,1129.5277,36.46,3519,2579.55,330.8,-2248.7,11757.79,19853.92,0.2,E,36.46,47.338,GIE AGSI+ API v013
EU,2025-04-19,EU,eu,415.069,1129.5277,36.75,3519,3398.41,116.6,-3281.8,11757.64,19854.22,0.29,E,36.75,47.494,GIE AGSI+ API v013
EU,2025-04-20,EU,eu,418.4597,1129.5277,37.05,3519,3611.24,112.8,-3498.4,11757.24,19854.81,0.3,E,37.05,47.638,GIE AGSI+ API v013
EU,2025-04-21,EU,eu,421.6516,1129.5277,37.33,3519,3432.21,222.1,-3210.1,11772.34,19855.42,0.28,E,37.33,47.81,GIE AGSI+ API v013
EU,2025-04-22,EU,eu,424.0635,1129.5277,37.54,3519,2697.02,288.3,-2408.7,11796.95,19856.09,0.21,E,37.54,47.878,GIE AGSI+ API v013
EU,2025-04-23,EU,eu,426.2899,1129.5277,37.74,3519,2466.09,240.9,-2225.2,11787.89,19824.04,0.2,E,37.74,48.202,GIE AGSI+ API v013
EU,2025-04-24,EU,eu,428.3526,1129.5277,37.92,3519,2335.28,268.5,-2066.8,11918.9,20073.15,0.18,E,37.92,48.44,GIE AGSI+ API v013
EU,2025-04-25,EU,eu,430.8406,1129.5277,38.14,3519,2708.62,228,-2480.6,11950.28,20070.58,0.22,E,38.14,48.636,GIE AGSI+ API v013
EU,2025-04-26,EU,eu,434.0204,1129.5277,38.42,3519,3342.66,164.3,-3178.4,11950.23,20070.66,0.28,E,38.42,48.776,GIE AGSI+ API v013
EU,2025-04-27,EU,eu,437.0962,1129.5277,38.7,3519,3468.76,114.9,-3353.9,11949.83,20071.25,0.27,E,38.7,48.978,GIE AGSI+ API v013
EU,2025-04-28,EU,eu,440.0938,1129.487,38.96,3519,3195.02,185.5,-3009.5,11949.43,20071.89,0.27,E,38.96,49.19,GIE AGSI+ API v013
EU,2025-04-29,EU,eu,443.0395,1129.3285,39.23,3519,3214.34,249.6,-2964.7,11949.12,20072.32,0.26,E,39.23,49.434,GIE AGSI+ API v013
EU,2025-04-30,EU,eu,446.4651,1129.4401,39.53,3519,3596.87,247.5,-3349.4,11945.28,20041.6,0.3,E,39.53,49.672,GIE AGSI+ API v013
EU,2025-05-01,EU,eu,451.046,1130.3984,39.9,3519,4777.71,168.4,-4609.3,11976.82,20016.48,0.41,E,39.9,50.026,GIE AGSI+ API v013
EU,2025-05-02,EU,eu,455.5432,1130.3984,40.3,3519,4589.68,95.4,-4494.3,11976.32,20017.34,0.4,E,40.3,50.3,GIE AGSI+ API v013
EU,2025-05-03,EU,eu,460.5519,1130.3984,40.74,3519,5112.97,93.1,-5019.8,11975.55,20018.62,0.44,E,40.74,50.558,GIE AGSI+ API v013
EU,2025-05-04,EU,eu,465.0759,1130.3984,41.14,3519,4664.26,144.9,-4519.4,11974.78,20019.79,0.4,E,41.14,50.81,GIE AGSI+ API v013
EU,2025-05-05,EU,eu,468.0224,1130.3984,41.4,3519,3322.26,357.8,-2964.4,11974.02,20020.94,0.26,E,41.4,51.054,GIE AGSI+ API v013
EU,2025-05-06,EU,eu,470.5283,1131.3342,41.59,3519,2909.17,398.8,-2510.4,11973.63,20021.59,0.22,E,41.59,51.304,GIE AGSI+ API v013
EU,2025-05-07,EU,eu,472.827,1131.3342,41.79,3519,2731.09,438.8,-2292.3,11973.39,20021.97,0.2,E,41.79,51.58,GIE AGSI+ API v013
EU,2025-05-08,EU,eu,473.9098,1130.3984,41.92,3519,2654.91,410,-2244.9,11972.96,20022.67,0.1,E,41.92,51.9,GIE AGSI+ API v013
EU,2025-05-09,EU,eu,476.5988,1130.3984,42.16,3519,3080.71,381,-2699.7,11974.16,20020.49,0.24,E,42.16,52.262,GIE AGSI+ API v013
EU,2025-05-10,EU,eu,480.445,1131.3342,42.47,3519,4047.1,193.3,-3853.8,11973.49,20021.73,0.34,E,42.47,52.6,GIE AGSI+ API v013
EU,2025-05-11,EU,eu,484.5063,1131.3343,42.83,3519,4201.25,136.8,-4064.4,11972.39,20023.5,0.36,E,42.83,52.932,GIE AGSI+ API v013
EU,2025-05-12,EU,eu,487.7306,1131.7337,43.1,3519,3411.6,192.7,-3218.8,11974.68,20041.1,0.28,E,43.1,53.23,GIE AGSI+ API v013
EU,2025-05-13,EU,eu,490.6674,1131.7337,43.36,3519,3209.13,252.4,-2956.7,11973.88,20042.42,0.26,E,43.36,53.582,GIE AGSI+ API v013
EU,2025-05-14,EU,eu,493.8821,1131.7337,43.64,3519,3450.3,233.4,-3216.9,11964.4,20011.06,0.28,E,43.64,53.942,GIE AGSI+ API v013
EU,2025-05-15,EU,eu,496.6239,1131.7337,43.88,3519,3172.93,411.8,-2761.1,11972.04,20045.33,0.24,E,43.88,54.264,GIE AGSI+ API v013
EU,2025-05-16,EU,eu,499.3776,1131.7337,44.13,3519,3162.81,432.7,-2730.1,11970.68,20047.53,0.24,E,44.13,54.594,GIE AGSI+ API v013
EU,2025-05-17,EU,eu,502.833,1131.7337,44.43,3519,3661.4,208.8,-3452.6,12007.85,20049.61,0.31,E,44.43,54.904,GIE AGSI+ API v013
EU,2025-05-18,EU,eu,506.054,1131.7337,44.71,3519,3480.32,253.9,-3226.5,12006.71,20051.44,0.28,E,44.71,55.194,GIE AGSI+ API v013
EU,2025-05-19,EU,eu,508.4645,1131.7337,44.93,3519,2902.57,503.4,-2399.2,12005.82,20052.94,0.21,E,44.93,55.48,GIE AGSI+ API v013
EU,2025-05-20,EU,eu,511.0729,1131.7337,45.16,3519,2897.08,300,-2597.1,12004.89,20054.59,0.23,E,45.16,55.81,GIE AGSI+ API v013
EU,2025-05-21,EU,eu,512.5248,1131.7337,45.29,3519,2267.39,809.5,-1457.9,11998.97,20024.69,0.13,E,45.29,56.168,GIE AGSI+ API v013
EU,2025-05-22,EU,eu,514.6294,1131.7337,45.47,3519,2617.01,496.5,-2120.5,12008.19,20056.53,0.19,E,45.47,56.528,GIE AGSI+ API v013
EU,2025-05-23,EU,eu,517.1379,1131.7337,45.69,3519,2861.67,350.8,-2510.9,12007.07,20058.4,0.22,E,45.69,56.87,GIE AGSI+ API v013
EU,2025-05-24,EU,eu,520.3227,1132.2823,45.95,3519,3477.99,295.6,-3182.4,12012.22,20070.61,0.28,E,45.95,57.188,GIE AGSI+ API v013
EU,2025-05-25,EU,eu,524.382,1132.2823,46.31,3519,4173.46,94.7,-4078.8,12011.19,20072.25,0.36,E,46.31,57.498,GIE AGSI+ API v013
EU,2025-05-26,EU,eu,527.6026,1132.2823,46.6,3519,3472.46,253.8,-3218.7,12009.89,20074.32,0.28,E,46.6,57.822,GIE AGSI+ API v013
EU,2025-05-27,EU,eu,530.8541,1132.2823,46.88,3519,3518.1,243.6,-3274.5,12008.74,20076.29,0.29,E,46.88,58.118,GIE AGSI+ API v013
EU,2025-05-28,EU,eu,534.1083,1132.2823,47.17,3519,3425.7,159.9,-3265.8,12002.69,20045.23,0.29,E,47.17,58.464,GIE AGSI+ API v013
EU,2025-05-29,EU,eu,538.1239,1132.2823,47.53,3519,4146.18,137.2,-4009,12010.84,20078.82,0.35,E,47.53,58.796,GIE AGSI+ API v013
EU,2025-05-30,EU,eu,542.3017,1132.2823,47.89,3519,4342.44,160.1,-4182.3,12009.64,20080.87,0.37,E,47.89,59.106,GIE AGSI+ API v013
EU,2025-05-31,EU,eu,547.3702,1132.2823,48.34,3519,5207.5,186.5,-5021,12008.25,20082.94,0.45,E,48.34,59.388,GIE AGSI+ API v013
EU,2025-06-01,EU,eu,554.2967,1134.0428,48.88,3519,6030.89,134,-5896.8,12010.02,20107.14,0.61,E,48.88,59.65,GIE AGSI+ API v013
EU,2025-06-02,EU,eu,558.1412,1134.0428,49.22,3519,4018.62,218.4,-3800.2,12009.17,20108.79,0.34,E,49.22,59.996,GIE AGSI+ API v013
EU,2025-06-03,EU,eu,561.933,1134.0428,49.55,3519,4047,253.7,-3793.3,12008.25,20110.18,0.33,E,49.55,60.314,GIE AGSI+ API v013
EU,2025-06-04,EU,eu,565.749,1134.0428,49.89,3519,3931.5,208.3,-3723.2,11998.4,20079.76,0.34,E,49.89,60.646,GIE AGSI+ API v013
EU,2025-06-05,EU,eu,568.9069,1134.0428,50.17,3519,3448.84,287.5,-3161.4,12006.57,20113.46,0.28,E,50.17,60.964,GIE AGSI+ API v013
EU,2025-06-06,EU,eu,573.0248,1134.0428,50.53,3519,4263.02,139.3,-4123.7,12007.38,20112.14,0.36,E,50.53,61.294,GIE AGSI+ API v013
EU,2025-06-07,EU,eu,578.0355,1134.0428,50.97,3519,5094.68,107.6,-4987,11968.38,20113.16,0.44,E,50.97,61.576,GIE AGSI+ API v013
EU,2025-06-08,EU,eu,582.9537,1134.0428,51.4,3519,5096.4,170,-4926.4,11967.85,20113.98,0.43,E,51.4,61.834,GIE AGSI+ API v013
EU,2025-06-09,EU,eu,587.3371,1134.0428,51.79,3519,4551.4,178.9,-4372.5,11967.35,20114.55,0.39,E,51.79,62.074,GIE AGSI+ API v013
EU,2025-06-10,EU,eu,591.0686,1134.0428,52.12,3519,4021.71,262.6,-3759.1,11966.81,20115.15,0.33,E,52.12,62.334,GIE AGSI+ API v013
EU,2025-06-11,EU,eu,594.7098,1134.0428,52.44,3519,3903.95,242.2,-3661.8,11957.45,20083.78,0.32,E,52.44,62.66,GIE AGSI+ API v013
EU,2025-06-12,EU,eu,598.197,1134.0428,52.75,3519,3803.11,316,-3487.1,11966.09,20116.1,0.31,E,52.75,63,GIE AGSI+ API v013
EU,2025-06-13,EU,eu,601.2336,1134.0428,53.02,3519,3766.54,736.9,-3029.6,11965.74,20116.27,0.27,E,53.02,63.348,GIE AGSI+ API v013
EU,2025-06-14,EU,eu,605.5624,1134.0428,53.4,3519,4550.53,229.5,-4321.1,11965.18,20116.7,0.38,E,53.4,63.666,GIE AGSI+ API v013
EU,2025-06-15,EU,eu,609.875,1134.0428,53.78,3519,4567.68,256.4,-4311.3,11964.62,20117.15,0.38,E,53.78,63.938,GIE AGSI+ API v013
EU,2025-06-16,EU,eu,613.1742,1134.0428,54.07,3519,3676.32,383.9,-3292.4,11964.13,20117.59,0.29,E,54.07,64.182,GIE AGSI+ API v013
EU,2025-06-17,EU,eu,616.7316,1134.0428,54.38,3519,3828.35,274.9,-3553.5,11943.71,20118.04,0.31,E,54.38,64.492,GIE AGSI+ API v013
EU,2025-06-18,EU,eu,620.5082,1134.0428,54.72,3519,4030.44,260.1,-3770.4,11950.26,20086.22,0.33,E,54.72,64.816,GIE AGSI+ API v013
EU,2025-06-19,EU,eu,624.356,1134.0428,55.06,3519,4221.91,285.8,-3936.1,11962.81,20118.63,0.34,E,55.06,65.128,GIE AGSI+ API v013
EU,2025-06-20,EU,eu,628.224,1134.0428,55.4,3519,4234.92,277.3,-3957.6,11963.59,20116.76,0.34,E,55.4,65.44,GIE AGSI+ API v013
EU,2025-06-21,EU,eu,632.9427,1134.0429,55.81,3519,4956.09,218.7,-4737.4,11963.17,20117.07,0.42,E,55.81,65.668,GIE AGSI+ API v013
EU,2025-06-22,EU,eu,637.7261,1134.0429,56.23,3519,5020.2,207.5,-4812.7,11962.63,20117.39,0.42,E,56.23,65.914,GIE AGSI+ API v013
EU,2025-06-23,EU,eu,641.762,1134.0429,56.59,3519,4419.11,337.8,-4081.3,11962.1,20117.7,0.36,E,56.59,66.17,GIE AGSI+ API v013
EU,2025-06-24,EU,eu,645.3566,1134.0429,56.91,3519,3919.19,340.8,-3578.4,11961.61,20118.02,0.32,E,56.91,66.44,GIE AGSI+ API v013
EU,2025-06-25,EU,eu,648.3348,1134.0429,57.17,3519,3448.79,515.5,-2933.3,11954.02,20083.03,0.26,E,57.17,66.74,GIE AGSI+ API v013
EU,2025-06-26,EU,eu,651.2044,1134.0429,57.42,3519,3801.85,548.4,-3253.5,11962.52,20115.59,0.25,E,57.42,67.06,GIE AGSI+ API v013
EU,2025-06-27,EU,eu,655.1932,1134.0429,57.77,3519,4155.61,438,-3717.6,11961.96,20116.22,0.35,E,57.77,67.35,GIE AGSI+ API v013
EU,2025-06-28,EU,eu,659.7692,1134.0429,58.18,3519,4838.68,250.4,-4588.3,11961.32,20116.84,0.4,E,58.18,67.644,GIE AGSI+ API v013
EU,2025-06-29,EU,eu,664.4431,1134.0429,58.59,3519,4987.9,327.8,-4660.1,11960.72,20117.44,0.41,E,58.59,67.918,GIE AGSI+ API v013
EU,2025-06-30,EU,eu,667.9449,1134.0429,58.9,3519,3820.73,328.2,-3492.5,11960.15,20118.03,0.31,E,58.9,68.168,GIE AGSI+ API v013
EU,2025-07-01,EU,eu,670.7453,1134.0429,59.15,3519,3133.9,329.9,-2804,11985.4,20118.64,0.25,E,59.15,68.426,GIE AGSI+ API v013
EU,2025-07-02,EU,eu,674.0766,1134.0429,59.44,3519,3561.13,186,-3375.1,11975.94,20087.01,0.29,E,59.44,68.722,GIE AGSI+ API v013
EU,2025-07-03,EU,eu,676.9345,1134.0463,59.69,3519,3276.18,409.7,-2866.5,11984.47,20119.38,0.25,E,59.69,69.056,GIE AGSI+ API v013
EU,2025-07-04,EU,eu,680.1492,1134.046,59.98,3519,3532.29,326.2,-3206.1,11986.34,20115.32,0.28,E,59.98,69.386,GIE AGSI+ API v013
EU,2025-07-05,EU,eu,683.8555,1134.0457,60.3,3519,4262,148.9,-4113.1,11985.71,20116.01,0.33,E,60.3,69.722,GIE AGSI+ API v013
EU,2025-07-06,EU,eu,687.8204,1134.0456,60.65,3519,4134.33,187.5,-3946.8,11985.04,20116.73,0.35,C,60.65,69.996,GIE AGSI+ API v013
EU,2025-07-07,EU,eu,691.1066,1134.0456,60.94,3519,3590.19,216.4,-3373.7,11984.4,20117.4,0.29,C,60.94,70.258,GIE AGSI+ API v013
EU,2025-07-08,EU,eu,698.4266,1134.0455,61.59,3519,3737.55,165.8,-3571.7,11983.8,20118.05,0.65,C,61.59,70.52,GIE AGSI+ API v013
EU,2025-07-09,EU,eu,698.1407,1134.0454,61.56,3519,4095.75,211.2,-3884.5,11974.18,20086.66,-0.03,C,61.56,70.818,GIE AGSI+ API v013
EU,2025-07-10,EU,eu,702.056,1133.8586,61.92,3519,4071.92,212.7,-3859.2,11982.72,20119.11,0.35,E,61.92,71.134,GIE AGSI+ API v013
EU,2025-07-11,EU,eu,705.7032,1133.9381,62.23,3519,3944.53,227.9,-3716.6,11982.24,20119.63,0.32,E,62.23,71.422,GIE AGSI+ API v013
EU,2025-07-12,EU,eu,710.2419,1133.9381,62.63,3519,4495.36,212.2,-4283.1,11981.84,20120.02,0.4,C,62.63,71.686,GIE AGSI+ API v013
EU,2025-07-13,EU,eu,714.6148,1133.9381,63.02,3519,4543.4,170.2,-4373.2,11981.56,20120.09,0.39,E,63.02,71.93,GIE AGSI+ API v013
EU,2025-07-14,EU,eu,718.0468,1133.9381,63.32,3519,3692.27,254,-3438.2,11981.26,20093.23,0.3,C,63.32,72.158,GIE AGSI+ API v013
EU,2025-07-15,EU,eu,721.2713,1133.9381,63.61,3519,3440.75,215.2,-3225.6,11980.9,20093.23,0.28,E,63.61,72.382,GIE AGSI+ API v013
EU,2025-07-16,EU,eu,723.6439,1133.9381,63.82,3519,3495.28,338,-3157.3,11971.56,20061.11,0.21,C,63.82,72.662,GIE AGSI+ API v013
EU,2025-07-17,EU,eu,726.3195,1133.9381,64.05,3519,3179.66,393.5,-2786.1,11980.12,20093.37,0.24,E,64.05,72.918,GIE AGSI+ API v013
EU,2025-07-18,EU,eu,729.5904,1133.9381,64.34,3519,3479.08,207,-3272,11980.41,20092.58,0.29,C,64.34,73.15,GIE AGSI+ API v013
EU,2025-07-19,EU,eu,733.6984,1133.9381,64.7,3519,4272.34,153.4,-4118.9,11979.91,20093.06,0.36,E,64.7,73.372,GIE AGSI+ API v013
EU,2025-07-20,EU,eu,737.9326,1133.9381,65.08,3519,4362.72,132.4,-4230.3,11979.58,20093.38,0.37,C,65.08,73.58,GIE AGSI+ API v013
EU,2025-07-21,EU,eu,741.1396,1133.9381,65.36,3519,3417.74,193.6,-3224.2,11979.25,20093.38,0.28,C,65.36,73.792,GIE AGSI+ API v013
EU,2025-07-22,EU,eu,744.4957,1133.9778,65.65,3519,3595.82,222.1,-3373.7,11978.93,20093.39,0.3,C,65.65,74.016,GIE AGSI+ API v013
EU,2025-07-23,EU,eu,747.7495,1133.9778,65.94,3519,3550.2,292.5,-3257.7,11969.73,20061.27,0.29,C,65.94,74.294,GIE AGSI+ API v013
EU,2025-07-24,EU,eu,750.5542,1133.9778,66.19,3519,3266.96,432.3,-2834.6,11978.42,20093.4,0.25,C,66.19,74.566,GIE AGSI+ API v013
EU,2025-07-25,EU,eu,753.7458,1133.9778,66.47,3519,3409.29,192.2,-3217.1,11978.13,20093.4,0.28,E,66.47,74.82,GIE AGSI+ API v013
EU,2025-07-26,EU,eu,757.8855,1133.9778,66.83,3519,4246.76,111.9,-4134.8,11977.86,20093.4,0.37,C,66.83,75.118,GIE AGSI+ API v013
EU,2025-07-27,EU,eu,762.9945,1133.9778,67.28,3519,4574.04,112,-4462.1,11977.53,20093.41,0.45,C,67.28,75.402,GIE AGSI+ API v013
EU,2025-07-28,EU,eu,766.4301,1133.9778,67.59,3519,4227.22,144.3,-4082.9,11977.19,20093.41,0.3,C,67.59,75.69,GIE AGSI+ API v013
EU,2025-07-29,EU,eu,770.4294,1133.9778,67.94,3519,4211.19,205.3,-4005.9,11976.82,20093.41,0.35,C,67.94,75.982,GIE AGSI+ API v013
EU,2025-07-30,EU,eu,774.3315,1133.9778,68.28,3519,4087.24,182.8,-3904.5,11967.44,20061.28,0.34,E,68.28,76.284,GIE AGSI+ API v013
EU,2025-07-31,EU,eu,777.6828,1134.0588,68.58,3519,3556.43,208.9,-3347.6,11976.47,20093.41,0.3,E,68.58,76.508,GIE AGSI+ API v013
EU,2025-08-01,EU,eu,781.3814,1134.8745,68.85,3519,3836.49,144.1,-3692.4,12006.98,20101.23,0.33,C,68.85,76.866,GIE AGSI+ API v013
EU,2025-08-02,EU,eu,785.7627,1134.8745,69.24,3519,4350.37,98.4,-4252,12006.55,20101.23,0.39,C,69.24,77.17,GIE AGSI+ API v013
EU,2025-08-03,EU,eu,790.1456,1134.8745,69.62,3519,4499.8,91.6,-4408.2,12006.18,20101.23,0.39,C,69.62,77.452,GIE AGSI+ API v013
EU,2025-08-04,EU,eu,793.9788,1134.8745,69.96,3519,3930.19,143.9,-3786.3,12005.78,20101.23,0.34,C,69.96,77.71,GIE AGSI+ API v013
EU,2025-08-05,EU,eu,797.7614,1134.8745,70.3,3519,4034.7,203.3,-3831.4,12009.41,20101.23,0.33,C,70.3,77.89,GIE AGSI+ API v013
EU,2025-08-06,EU,eu,801.4235,1134.8745,70.62,3519,3954.27,242.1,-3712.2,12000.12,20069.1,0.32,C,70.62,78.19,GIE AGSI+ API v013
EU,2025-08-07,EU,eu,804.99,1134.8745,70.93,3519,3817.39,261,-3556.3,12008.83,20101.23,0.31,E,70.93,78.51,GIE AGSI+ API v013
EU,2025-08-08,EU,eu,808.5427,1134.8745,71.25,3519,3783.18,230.6,-3552.6,12008.58,20101.23,0.31,C,71.25,78.822,GIE AGSI+ API v013
EU,2025-08-09,EU,eu,812.6139,1135.3745,71.57,3519,4302.76,182.1,-4120.7,12014.32,20107.23,0.36,C,71.57,79.13,GIE AGSI+ API v013
EU,2025-08-10,EU,eu,817.5365,1135.3745,72.01,3519,4582.61,178.8,-4403.8,12014.04,20107.23,0.43,C,72.01,79.408,GIE AGSI+ API v013
EU,2025-08-11,EU,eu,820.9914,1135.3745,72.31,3519,3778.54,313.5,-3465,12013.78,20107.23,0.3,C,72.31,79.714,GIE AGSI+ API v013
EU,2025-08-12,EU,eu,823.9587,1135.9033,72.54,3519,3363.72,368,-2995.8,12013.55,20107.23,0.26,E,72.54,80,GIE AGSI+ API v013
EU,2025-08-13,EU,eu,826.6932,1136.4733,72.74,3519,3162.86,396.3,-2766.6,12004.37,20075.1,0.24,C,72.74,80.318,GIE AGSI+ API v013
EU,2025-08-14,EU,eu,829.5619,1136.4733,72.99,3519,3288.48,383.9,-2904.6,12013.23,20107.23,0.25,C,72.99,80.638,GIE AGSI+ API v013
EU,2025-08-15,EU,eu,833.0921,1136.4733,73.31,3519,3782.66,240.1,-3542.6,12013.41,20107.23,0.31,E,73.31,80.936,GIE AGSI+ API v013
EU,2025-08-16,EU,eu,836.7871,1136.513,73.63,3519,3925.89,227.2,-3698.7,12013.15,20107.23,0.33,E,73.63,81.25,GIE AGSI+ API v013
EU,2025-08-17,EU,eu,840.4749,1136.513,73.95,3519,3940.07,236.6,-3703.4,12012.86,20107.23,0.32,C,73.95,81.54,GIE AGSI+ API v013
EU,2025-08-18,EU,eu,843.7771,1136.513,74.24,3519,3510.36,197.2,-3313.1,12012.63,20107.23,0.29,C,74.24,81.83,GIE AGSI+ API v013
EU,2025-08-19,EU,eu,847.0535,1136.513,74.53,3519,3479.71,191.2,-3288.5,12012.6,20107.23,0.29,C,74.53,82.118,GIE AGSI+ API v013
EU,2025-08-20,EU,eu,850.11,1136.513,74.8,3519,3369.31,203.7,-3165.6,12003.52,20075.1,0.27,C,74.8,82.418,GIE AGSI+ API v013
EU,2025-08-21,EU,eu,853.2998,1136.513,75.08,3519,3481.3,271.2,-3210.1,12012.41,20107.23,0.28,C,75.08,82.72,GIE AGSI+ API v013
EU,2025-08-22,EU,eu,856.3328,1136.513,75.35,3519,3291.46,249.2,-3042.2,12012.32,20107.23,0.27,C,75.35,82.98,GIE AGSI+ API v013
EU,2025-08-23,EU,eu,859.9587,1136.513,75.67,3519,3805.77,143,-3662.8,12012.24,20107.23,0.32,C,75.67,83.264,GIE AGSI+ API v013
EU,2025-08-24,EU,eu,863.6361,1136.513,75.99,3519,3869.09,180.8,-3688.3,12012.13,20107.23,0.32,C,75.99,83.496,GIE AGSI+ API v013
EU,2025-08-25,EU,eu,866.4489,1136.513,76.24,3519,3051.46,225.3,-2826.2,12012.03,20107.23,0.25,C,76.24,83.744,GIE AGSI+ API v013
EU,2025-08-26,EU,eu,868.9304,1136.513,76.46,3519,2773.09,280.4,-2492.7,12011.95,20107.23,0.22,C,76.46,83.968,GIE AGSI+ API v013
EU,2025-08-27,EU,eu,871.0767,1136.513,76.64,3519,2375.55,216.4,-2159.1,12002.93,20075.1,0.19,C,76.64,84.208,GIE AGSI+ API v013
EU,2025-08-28,EU,eu,873.3465,1136.3907,76.85,3519,2543.53,267,-2276.5,12011.91,20107.23,0.2,E,76.85,84.366,GIE AGSI+ API v013
EU,2025-08-29,EU,eu,876.0092,1136.3907,77.09,3519,2963.04,302.3,-2660.7,12011.85,20107.23,0.23,C,77.09,84.56,GIE AGSI+ API v013
EU,2025-08-30,EU,eu,879.3787,1136.3907,77.38,3519,3665.56,260.5,-3405,12011.81,20107.23,0.3,E,77.38,84.756,GIE AGSI+ API v013
EU,2025-08-31,EU,eu,882.4131,1136.3907,77.65,3519,3672.8,227.7,-3445.1,12011.73,20107.23,0.27,C,77.65,84.838,GIE AGSI+ API v013
EU,2025-09-01,EU,eu,887.907,1136.814,78.1,3519,5788.59,273.1,-5515.5,11990.67,20107.23,0.48,E,78.1,84.958,GIE AGSI+ API v013
EU,2025-09-02,EU,eu,890.2405,1137.114,78.29,3519,2365.04,356.9,-2008.1,11987.5,20107.23,0.21,E,78.29,85.142,GIE AGSI+ API v013
EU,2025-09-03,EU,eu,892.8834,1137.289,78.51,3519,2833.14,167.7,-2665.4,11998.45,20032.26,0.23,E,78.51,85.348,GIE AGSI+ API v013
EU,2025-09-04,EU,eu,895.5008,1137.344,78.74,3519,2724.41,234.9,-2489.5,12013.37,20022.44,0.23,E,78.74,85.55,GIE AGSI+ API v013
EU,2025-09-05,EU,eu,897.9175,1137.344,78.95,3519,2604.85,225.1,-2379.7,12013.28,20061.71,0.21,E,78.95,85.758,GIE AGSI+ API v013
EU,2025-09-06,EU,eu,900.9769,1137.594,79.2,3519,3220.03,158.6,-3061.4,12013.22,20108.12,0.27,C,79.2,85.956,GIE AGSI+ API v013
EU,2025-09-07,EU,eu,904.1357,1137.594,79.48,3519,3313.62,129.8,-3183.9,12013.21,20108.12,0.28,C,79.48,86.09,GIE AGSI+ API v013
EU,2025-09-08,EU,eu,905.8998,1137.594,79.63,3519,2181.46,412.7,-1768.8,12013.14,20108.12,0.16,E,79.63,86.252,GIE AGSI+ API v013
EU,2025-09-09,EU,eu,907.2578,1137.878,79.73,3519,1726.94,359.2,-1367.7,12013.21,20108.12,0.12,C,79.73,86.422,GIE AGSI+ API v013
EU,2025-09-10,EU,eu,908.6674,1137.878,79.86,3519,1898.64,451.3,-1447.3,12004.35,20075.99,0.12,C,79.86,86.594,GIE AGSI+ API v013
EU,2025-09-11,EU,eu,910.0601,1137.878,79.98,3519,1943.11,527.2,-1415.9,12013.37,20108.12,0.12,C,79.98,86.77,GIE AGSI+ API v013
EU,2025-09-12,EU,eu,912.0313,1138.39,80.12,3519,2307.07,317.7,-1989.3,12013.43,20108.12,0.17,C,80.12,86.93,GIE AGSI+ API v013
EU,2025-09-13,EU,eu,914.7343,1138.39,80.35,3519,3070.4,342.1,-2728.3,12013.36,20108.12,0.24,E,80.35,87.074,GIE AGSI+ API v013
EU,2025-09-14,EU,eu,917.5251,1138.39,80.6,3519,3155.62,334.8,-2820.8,12013.3,20108.12,0.25,C,80.6,87.186,GIE AGSI+ API v013
EU,2025-09-15,EU,eu,920.1172,1138.39,80.83,3519,2771.35,154.8,-2616.6,12013.22,20108.12,0.23,C,80.83,87.308,GIE AGSI+ API v013
EU,2025-09-16,EU,eu,921.7775,1138.39,80.97,3519,2154.15,381.1,-1773,11992.01,20033.15,0.15,E,80.97,87.44,GIE AGSI+ API v013
EU,2025-09-17,EU,eu,923.119,1138.39,81.09,3519,1871.83,509.7,-1362.1,11999.98,20061.72,0.12,C,81.09,87.574,GIE AGSI+ API v013
EU,2025-09-18,EU,eu,924.7272,1138.39,81.23,3519,1944.72,305,-1639.7,12012.98,20108.13,0.14,C,81.23,87.762,GIE AGSI+ API v013
EU,2025-09-19,EU,eu,926.3952,1138.39,81.38,3519,2061.85,369.1,-1692.7,12012.94,20108.13,0.15,C,81.38,87.938,GIE AGSI+ API v013
EU,2025-09-20,EU,eu,929.0938,1138.39,81.61,3519,2863.23,145.6,-2717.6,12012.92,20108.13,0.24,C,81.61,88.08,GIE AGSI+ API v013
EU,2025-09-21,EU,eu,931.8047,1138.39,81.85,3519,2892.88,167.7,-2725.2,12012.79,20108.13,0.24,E,81.85,88.216,GIE AGSI+ API v013
EU,2025-09-22,EU,eu,933.0575,1138.39,81.96,3519,1629.49,358.3,-1271.2,11991.65,20033.15,0.11,C,81.96,88.356,GIE AGSI+ API v013
EU,2025-09-23,EU,eu,933.8856,1138.95,82,3519,1384.49,541.3,-843.2,11999.65,20061.71,0.07,E,82,88.502,GIE AGSI+ API v013
EU,2025-09-24,EU,eu,934.6222,1139.43,82.03,3519,1313.95,566.6,-747.4,12003.67,20075.99,0.06,C,82.03,88.686,GIE AGSI+ API v013
EU,2025-09-25,EU,eu,935.336,1139.469,82.09,3519,1321.68,575,-746.7,12013.86,20108.74,0.06,C,82.09,88.934,GIE AGSI+ API v013
EU,2025-09-26,EU,eu,936.3198,1139.469,82.17,3519,1460.24,467.6,-992.6,12013.66,20108.74,0.09,C,82.17,89.11,GIE AGSI+ API v013
EU,2025-09-27,EU,eu,938.2152,1139.469,82.34,3519,2130.89,225.5,-1905.4,12013.54,20108.74,0.17,C,82.34,89.27,GIE AGSI+ API v013
EU,2025-09-28,EU,eu,940.0407,1139.469,82.5,3519,2105.93,270.3,-1835.6,12013.44,20108.74,0.16,C,82.5,89.364,GIE AGSI+ API v013
EU,2025-09-29,EU,eu,941.0451,1139.469,82.59,3519,1489.73,476,-1013.7,12013.43,20108.74,0.09,E,82.59,89.51,GIE AGSI+ API v013
EU,2025-09-30,EU,eu,940.0239,1139.469,82.5,3519,1444.09,1915.3,471.2,12013.4,20108.74,-0.09,C,82.5,89.614,GIE AGSI+ API v013
EU,2025-10-01,EU,eu,942.5355,1141.2271,82.59,3519,2051.59,1181.2,-870.3,12024.43,20038.09,0.22,C,82.59,89.796,GIE AGSI+ API v013
EU,2025-10-02,EU,eu,942.028,1141.2271,82.55,3519,761.86,1272.6,510.7,12033.79,20073.79,-0.04,C,82.55,89.966,GIE AGSI+ API v013
EU,2025-10-03,EU,eu,942.7987,1141.2271,82.61,3519,1345.43,573.1,-772.3,12043.33,20078.02,0.07,C,82.61,90.158,GIE AGSI+ API v013
EU,2025-10-04,EU,eu,944.3444,1141.2271,82.75,3519,1887.28,354,-1533.2,11619.1,19587.64,0.14,C,82.75,90.314,GIE AGSI+ API v013
EU,2025-10-05,EU,eu,945.7642,1141.1118,82.88,3519,1971.86,557.5,-1414.4,11619.1,19587.64,0.12,C,82.88,90.448,GIE AGSI+ API v013
EU,2025-10-06,EU,eu,945.8675,1141.1618,82.89,3519,1395.81,1278.3,-117.5,11619.1,19587.64,0.01,E,82.89,90.59,GIE AGSI+ API v013
EU,2025-10-07,EU,eu,945.6054,1141.1618,82.86,3519,870.19,1124.7,254.5,11619.1,19587.64,-0.02,E,82.86,90.684,GIE AGSI+ API v013
EU,2025-10-08,EU,eu,945.2087,1141.1617,82.83,3519,849.27,1263.9,414.7,11609.1,19551.94,-0.03,E,82.83,90.826,GIE AGSI+ API v013
EU,2025-10-09,EU,eu,945.1389,1141.1617,82.82,3519,836.42,900.9,64.4,11619.1,19587.63,-0.01,E,82.82,90.978,GIE AGSI+ API v013
EU,2025-10-10,EU,eu,945.7986,1141.1617,82.88,3519,1258.18,563,-695.2,11619.1,19587.63,0.06,C,82.88,91.22,GIE AGSI+ API v013
EU,2025-10-11,EU,eu,947.5078,1141.1617,83.03,3519,2015.37,279.9,-1735.5,11619.1,19587.63,0.15,C,83.03,91.3,GIE AGSI+ API v013
EU,2025-10-12,EU,eu,948.8615,1141.1617,83.15,3519,1823.44,470.7,-1352.8,11820.4,19730.52,0.12,C,83.15,91.368,GIE AGSI+ API v013
EU,2025-10-13,EU,eu,948.2454,1141.1617,83.09,3519,804.23,1436.2,632,11903.86,19805.25,-0.05,C,83.09,91.374,GIE AGSI+ API v013
EU,2025-10-14,EU,eu,947.5837,1141.1617,83.04,3519,638.99,1325.1,686.1,11987.33,19730.52,-0.06,C,83.04,91.406,GIE AGSI+ API v013
EU,2025-10-15,EU,eu,946.3455,1141.1617,82.93,3519,535.08,1762.6,1227.6,11899.35,19852.54,-0.11,C,82.93,91.458,GIE AGSI+ API v013
EU,2025-10-16,EU,eu,944.9809,1141.1617,82.81,3519,603.26,1974.3,1371,11889.92,19962.96,-0.12,C,82.81,91.508,GIE AGSI+ API v013
EU,2025-10-17,EU,eu,944.4181,1141.3367,82.75,3519,784.87,1343.8,558.9,11945.86,20160.77,-0.05,C,82.75,91.534,GIE AGSI+ API v013
EU,2025-10-18,EU,eu,944.8355,1141.3367,82.78,3519,1060.31,644.7,-415.6,11946.25,20160.47,0.04,C,82.78,91.594,GIE AGSI+ API v013
EU,2025-10-19,EU,eu,945.4364,1141.3367,82.84,3519,1186.12,568.5,-617.6,11946.51,20160.17,0.05,C,82.84,91.638,GIE AGSI+ API v013
EU,2025-10-20,EU,eu,945.3056,1141.3367,82.82,3519,781.4,888.4,107.1,11946.72,20159.98,-0.01,C,82.82,91.716,GIE AGSI+ API v013
EU,2025-10-21,EU,eu,945.19,1141.3208,82.82,3519,934.59,1061,126.4,11946.93,20159.82,-0.01,C,82.82,91.768,GIE AGSI+ API v013
EU,2025-10-22,EU,eu,945.2323,1141.3208,82.82,3519,877.08,845.6,-31.4,11922.98,20074.14,0,C,82.82,91.818,GIE AGSI+ API v013
EU,2025-10-23,EU,eu,945.644,1141.3208,82.86,3519,1131.81,711.9,-420,11923.16,20074.14,0.04,C,82.86,91.848,GIE AGSI+ API v013
EU,2025-10-24,EU,eu,945.7411,1141.3208,82.86,3519,948.25,839.1,-109.2,11923.11,20074.36,0.01,C,82.86,91.898,GIE AGSI+ API v013
EU,2025-10-25,EU,eu,946.1085,1142.8285,82.79,3519,1105.99,737.7,-368.3,12171.58,20496.48,0.03,E,82.79,91.98,GIE AGSI+ API v013
EU,2025-10-26,EU,eu,946.2501,1141.3208,82.91,3519,984.79,762.5,-222.3,11947.61,20186.04,0.01,E,82.91,91.946,GIE AGSI+ API v013
EU,2025-10-27,EU,eu,945.6729,1141.3208,82.86,3519,868.28,1482.2,614,11947.99,20186.04,-0.05,C,82.86,91.968,GIE AGSI+ API v013
EU,2025-10-28,EU,eu,945.6908,1141.7058,82.83,3519,854.88,836,-18.9,11948.85,20185.04,0,C,82.83,92.014,GIE AGSI+ API v013
EU,2025-10-29,EU,eu,945.2471,1141.7058,82.79,3519,770.78,1207.6,436.8,11939.05,20149.28,-0.04,E,82.79,92.036,GIE AGSI+ API v013
EU,2025-10-30,EU,eu,945.5364,1141.9858,82.8,3519,922.01,632.7,-289.3,11949.9,20184.01,0.03,C,82.8,92.128,GIE AGSI+ API v013
EU,2025-10-31,EU,eu,945.82,1141.9858,82.82,3519,1077.15,801.2,-276,11949.97,20184.01,0.02,C,82.82,92.198,GIE AGSI+ API v013
EU,2025-11-01,EU,eu,945.6996,1141.9695,82.81,3519,1883.31,457.5,-1425.8,11949.96,20181.85,-0.01,C,82.81,92.332,GIE AGSI+ API v013
EU,2025-11-02,EU,eu,946.7112,1141.9695,82.9,3519,1575.96,583,-993,11949.8,20182.04,0.09,C,82.9,92.326,GIE AGSI+ API v013
EU,2025-11-03,EU,eu,948.0577,1141.9695,83.02,3519,911.08,1141.1,230,11949.63,20182.22,0.12,C,83.02,92.244,GIE AGSI+ API v013
EU,2025-11-04,EU,eu,948.0877,1141.9695,83.02,3519,1037.46,1001.2,-36.3,11973.31,20182.7,0,C,83.02,92.134,GIE AGSI+ API v013
EU,2025-11-05,EU,eu,947.4576,1141.9695,82.97,3519,702.94,1328,625,11962.83,20147.81,-0.06,C,82.97,92.01,GIE AGSI+ API v013
EU,2025-11-06,EU,eu,945.9339,1141.9695,82.83,3519,568.9,2090,1521.1,11972.36,20184.32,-0.13,C,82.83,91.92,GIE AGSI+ API v013
EU,2025-11-07,EU,eu,944.2237,1141.9695,82.68,3519,470.15,2186,1715.9,11970.86,20187.02,-0.15,C,82.68,91.834,GIE AGSI+ API v013
EU,2025-11-08,EU,eu,943.4301,1141.9695,82.61,3519,613.25,1687,1073.7,11971,20187.01,-0.07,C,82.61,91.718,GIE AGSI+ API v013
EU,2025-11-09,EU,eu,942.7029,1141.9695,82.55,3519,629.29,1345.5,716.2,11971.11,20187.01,-0.06,C,82.55,91.578,GIE AGSI+ API v013
EU,2025-11-10,EU,eu,940.8306,1141.9695,82.39,3519,564.24,2390.1,1825.9,11971.17,20187,-0.16,C,82.39,91.428,GIE AGSI+ API v013
EU,2025-11-11,EU,eu,939.863,1141.9695,82.3,3519,896.38,1825.4,929,11970.98,20187.32,-0.08,C,82.3,91.284,GIE AGSI+ API v013
EU,2025-11-12,EU,eu,938.9399,1141.9695,82.22,3519,822.38,1713.5,891.2,11960.63,20188.08,-0.08,C,82.22,91.106,GIE AGSI+ API v013
EU,2025-11-13,EU,eu,937.6918,1141.9695,82.11,3519,682.14,1896.8,1214.7,11970.34,20188.25,-0.11,C,82.11,90.942,GIE AGSI+ API v013
EU,2025-11-14,EU,eu,936.8021,1141.9695,82.03,3519,739.24,1993.1,1253.9,11970.14,20188.41,-0.08,C,82.03,90.81,GIE AGSI+ API v013
EU,2025-11-15,EU,eu,936.1688,1141.9695,81.98,3519,825.07,1449.1,624.1,11969.9,20188.56,-0.06,C,81.98,90.642,GIE AGSI+ API v013
EU,2025-11-16,EU,eu,935.1818,1141.9695,81.89,3519,631.66,1601.3,969.6,11969.85,20187.58,-0.09,C,81.89,90.44,GIE AGSI+ API v013
EU,2025-11-17,EU,eu,932.1093,1141.9695,81.62,3519,300.7,3352.8,3052.1,11969.83,20187.6,-0.27,C,81.62,90.248,GIE AGSI+ API v013
EU,2025-11-18,EU,eu,926.8668,1141.9695,81.16,3519,234.59,4992.2,4757.6,11970.01,20187.6,-0.46,C,81.16,90.048,GIE AGSI+ API v013
EU,2025-11-19,EU,eu,921.5243,1141.9695,80.7,3519,185.87,5658.3,5472.5,11946.51,20151.71,-0.47,C,80.7,89.866,GIE AGSI+ API v013
EU,2025-11-20,EU,eu,915.1674,1141.9695,80.14,3519,143.62,6500.1,6356.4,11946.96,20187.41,-0.56,C,80.14,89.638,GIE AGSI+ API v013
EU,2025-11-21,EU,eu,908.2727,1141.9695,79.54,3519,146.31,7037.8,6891.5,11947.48,20240.91,-0.6,C,79.54,89.366,GIE AGSI+ API v013
EU,2025-11-22,EU,eu,902.917,1141.9695,79.07,3519,233.77,5584.9,5351.1,11948.08,20240.91,-0.47,C,79.07,89.024,GIE AGSI+ API v013
EU,2025-11-23,EU,eu,897.9167,1141.9695,78.63,3519,342.89,5299.3,4956.4,11948.53,20240.77,-0.44,C,78.63,88.69,GIE AGSI+ API v013
EU,2025-11-24,EU,eu,891.6433,1141.9695,78.08,3519,172.67,6439.5,6266.8,11925.25,20154.16,-0.55,C,78.08,88.374,GIE AGSI+ API v013
EU,2025-11-25,EU,eu,885.2277,1141.9695,77.52,3519,133.53,6582.9,6449.3,11926.2,20153.23,-0.56,C,77.52,88.036,GIE AGSI+ API v013
EU,2025-11-26,EU,eu,878.5321,1141.9695,76.93,3519,134.54,6828.8,6694.3,11927.21,20152.3,-0.59,C,76.93,87.69,GIE AGSI+ API v013
EU,2025-11-27,EU,eu,872.4564,1141.9695,76.4,3519,236.09,6288.1,6052,11952.21,20236.99,-0.53,C,76.4,87.322,GIE AGSI+ API v013
EU,2025-11-28,EU,eu,867.2126,1141.9695,75.94,3519,233.11,5446.4,5213.3,11953.07,20236.13,-0.46,C,75.94,86.906,GIE AGSI+ API v013
EU,2025-11-29,EU,eu,863.5209,1141.9695,75.62,3519,367.74,4012.6,3644.9,11953.61,20235.6,-0.32,C,75.62,86.406,GIE AGSI+ API v013
EU,2025-11-30,EU,eu,858.8652,1141.9695,75.21,3519,326.57,3926.1,3599.5,11953.82,20235.6,-0.41,C,75.21,85.924,GIE AGSI+ API v013
EU,2025-12-01,EU,eu,854.0887,1141.9695,74.79,3519,175.39,6004.6,5829.2,11930.05,20223.42,-0.42,E,74.79,85.424,GIE AGSI+ API v013
EU,2025-12-02,EU,eu,848.0658,1141.9695,74.26,3519,161.07,6205.5,6044.4,11930.45,20223.42,-0.53,C,74.26,84.9,GIE AGSI+ API v013
EU,2025-12-03,EU,eu,841.2033,1141.9695,73.66,3519,151.74,6994.9,6843.2,11931.44,20222.52,-0.6,E,73.66,84.408,GIE AGSI+ API v013
EU,2025-12-04,EU,eu,834.9909,1141.9695,73.12,3519,158.45,6557.8,6399.3,11932.39,20221.54,-0.54,E,73.12,83.91,GIE AGSI+ API v013
EU,2025-12-05,EU,eu,829.1842,1142.6223,72.57,3519,236.16,5901.1,5665,12061.17,20415.29,-0.51,C,72.57,83.436,GIE AGSI+ API v013
EU,2025-12-06,EU,eu,825.7073,1142.6223,72.26,3519,389.14,3801.6,3412.5,12086.07,20500.26,-0.3,C,72.26,82.93,GIE AGSI+ API v013
EU,2025-12-07,EU,eu,823.0926,1142.6223,72.04,3519,645.71,3200.8,2555.1,12086.27,20500.26,-0.23,C,72.04,82.42,GIE AGSI+ API v013
EU,2025-12-08,EU,eu,820.2888,1142.6223,71.79,3519,679.87,3442,2762.1,12086.46,20414.58,-0.25,C,71.79,81.936,GIE AGSI+ API v013
EU,2025-12-09,EU,eu,817.2467,1142.6223,71.52,3519,366.65,3402.2,3035.6,12062.61,20414.58,-0.27,C,71.52,81.414,GIE AGSI+ API v013
EU,2025-12-10,EU,eu,813.9344,1142.6223,71.23,3519,451.92,3768.3,3316.4,12060.79,20410.59,-0.29,C,71.23,80.912,GIE AGSI+ API v013
EU,2025-12-11,EU,eu,809.4842,1142.6223,70.84,3519,299.14,4768.7,4469.5,12087.84,20495.02,-0.39,C,70.84,80.39,GIE AGSI+ API v013
EU,2025-12-12,EU,eu,804.3106,1142.6223,70.39,3519,306.87,5472.6,5165.8,12088.68,20494.31,-0.45,E,70.39,79.868,GIE AGSI+ API v013
EU,2025-12-13,EU,eu,800.2998,1142.6223,70.04,3519,420.22,4304.6,3884.4,12089.58,20493.6,-0.35,C,70.04,79.328,GIE AGSI+ API v013
EU,2025-12-14,EU,eu,796.7007,1142.6223,69.73,3519,434.24,4130.1,3695.9,12090.04,20493.6,-0.31,C,69.73,78.824,GIE AGSI+ API v013
EU,2025-12-15,EU,eu,791.2735,1142.6223,69.25,3519,261.52,5544.2,5282.7,12090.47,20493.6,-0.47,C,69.25,78.372,GIE AGSI+ API v013
EU,2025-12-16,EU,eu,784.2598,1142.6223,68.64,3519,211.08,6322.1,6111.1,12090.89,20493.5,-0.61,C,68.64,77.958,GIE AGSI+ API v013
EU,2025-12-17,EU,eu,778.7355,1142.6223,68.15,3519,224.89,5747.2,5522.3,12081.31,20457.8,-0.48,E,68.15,77.578,GIE AGSI+ API v013
EU,2025-12-18,EU,eu,775.3372,1142.6223,67.86,3519,1031.06,4415,3384,12091.56,20493.38,-0.3,C,67.86,77.206,GIE AGSI+ API v013
EU,2025-12-19,EU,eu,771.4063,1142.6223,67.51,3519,342.83,4269.2,3926.3,12088.55,20499.37,-0.34,C,67.51,76.866,GIE AGSI+ API v013
EU,2025-12-20,EU,eu,767.4224,1142.6223,67.16,3519,336.3,4277.9,3941.6,12088.88,20499.36,-0.35,C,67.16,76.486,GIE AGSI+ API v013
EU,2025-12-21,EU,eu,764.2556,1142.6223,66.89,3519,466.8,3581.5,3114.8,12089.36,20493.36,-0.28,C,66.89,76.128,GIE AGSI+ API v013
EU,2025-12-22,EU,eu,759.6671,1142.6223,66.48,3519,264,4839.5,4575.5,12089.59,20493.35,-0.4,C,66.48,75.808,GIE AGSI+ API v013
EU,2025-12-23,EU,eu,755.0847,1142.6223,66.08,3519,195.61,4768.4,4572.8,12089.95,20493.35,-0.4,C,66.08,75.542,GIE AGSI+ API v013
EU,2025-12-24,EU,eu,750.3407,1142.6223,65.67,3519,243.39,4967.3,4724,12080.2,20457.56,-0.42,C,65.67,75.374,GIE AGSI+ API v013
EU,2025-12-25,EU,eu,744.4001,1142.6223,65.15,3519,158.58,6096.8,5938.3,12090.63,20492.85,-0.52,C,65.15,75.242,GIE AGSI+ API v013
EU,2025-12-26,EU,eu,738.1811,1142.6223,64.6,3519,190.63,6383,6192.4,12091.51,20492.35,-0.54,C,64.6,75.058,GIE AGSI+ API v013
EU,2025-12-27,EU,eu,733.0463,1142.6223,64.15,3519,287.55,5384.7,5097.1,12092.38,20491.66,-0.45,C,64.15,74.8,GIE AGSI+ API v013
EU,2025-12-28,EU,eu,727.8156,1142.6223,63.7,3519,236.71,5423.8,5187.1,12093.31,20490.5,-0.46,E,63.7,74.534,GIE AGSI+ API v013
EU,2025-12-29,EU,eu,721.1907,1142.6223,63.12,3519,119.34,6734.2,6614.8,12094.15,20489.64,-0.58,E,63.12,74.308,GIE AGSI+ API v013
EU,2025-12-30,EU,eu,714.5191,1142.6223,62.53,3519,121.86,6781.9,6660,12095.2,20488.52,-0.58,C,62.53,74.07,GIE AGSI+ API v013
EU,2025-12-31,EU,eu,707.9809,1142.6223,61.96,3519,151.92,6656.7,6504.7,12086.21,20451.63,-0.57,C,61.96,73.898,GIE AGSI+ API v013
EU,2026-01-01,EU,eu,702.7194,1142.6223,61.5,3519,311.6,5538.9,5227.3,12097.16,20475.32,0,C,61.5,73.796,GIE AGSI+ API v013
EU,2026-01-02,EU,eu,696.5524,1142.6223,60.96,3519,278.39,6433.9,6155.5,12097.82,20474.53,-0.54,C,60.96,73.548,GIE AGSI+ API v013
EU,2026-01-03,EU,eu,690.0975,1142.6223,60.4,3519,243.71,6669.6,6425.9,12098.89,20473.33,-0.56,C,60.4,73.232,GIE AGSI+ API v013
EU,2026-01-04,EU,eu,682.5092,1142.6223,59.73,3519,151.36,7717.4,7566,12099.96,20472.12,-0.66,C,59.73,72.834,GIE AGSI+ API v013
EU,2026-01-05,EU,eu,672.7386,1142.6223,58.88,3519,67.46,9909.9,9842.4,12101.11,20470.57,-0.86,C,58.88,72.4,GIE AGSI+ API v013
EU,2026-01-06,EU,eu,663.0624,1142.6223,58.03,3519,57.85,9964.8,9907,12098.4,20475.69,-0.85,C,58.03,72,GIE AGSI+ API v013
EU,2026-01-07,EU,eu,652.8195,1142.6377,57.13,3519,68.95,10450.5,10381.6,12088.44,20440.3,-0.9,C,57.13,71.524,GIE AGSI+ API v013
EU,2026-01-08,EU,eu,642.5818,1142.6377,56.24,3519,94.97,10361.7,10266.7,12099.48,20474.3,-0.9,E,56.24,70.968,GIE AGSI+ API v013
EU,2026-01-09,EU,eu,633.9911,1142.6377,55.48,3519,124.16,8662.5,8538.3,12100.81,20472.71,-0.75,C,55.48,70.394,GIE AGSI+ API v013
EU,2026-01-10,EU,eu,625.2855,1142.6377,54.72,3519,140.28,8799.6,8659.3,12102.04,20471.23,-0.76,C,54.72,69.724,GIE AGSI+ API v013
EU,2026-01-11,EU,eu,616.6043,1142.6377,53.96,3519,169.53,8818.2,8648.7,12150.12,20454.41,-0.76,E,53.96,69.078,GIE AGSI+ API v013
EU,2026-01-12,EU,eu,607.6028,1142.6332,53.18,3519,192.35,9198.6,9006.2,12151.26,20452.52,-0.79,E,53.18,68.436,GIE AGSI+ API v013
EU,2026-01-13,EU,eu,599.6731,1142.6332,52.48,3519,129.41,8015.7,7886.3,12152.38,20450.43,-0.69,E,52.48,67.802,GIE AGSI+ API v013
EU,2026-01-14,EU,eu,592.6439,1142.6332,51.87,3519,338.98,7355.5,7016.5,12143.63,20412.66,-0.62,E,51.87,67.168,GIE AGSI+ API v013
EU,2026-01-15,EU,eu,586.4279,1142.6332,51.32,3519,297.42,6584.6,6287.2,12154.61,20446.85,-0.54,C,51.32,66.522,GIE AGSI+ API v013
EU,2026-01-16,EU,eu,580.6842,1142.6332,50.82,3519,481.55,6427.8,5946.3,12155.58,20391.19,-0.5,C,50.82,65.862,GIE AGSI+ API v013
EU,2026-01-17,EU,eu,574.9999,1142.6332,50.32,3519,398.34,6050.8,5652.5,12156.67,20389.53,-0.5,C,50.32,65.162,GIE AGSI+ API v013
EU,2026-01-18,EU,eu,569.1522,1142.6332,49.81,3519,439.04,6270.4,5831.3,12157.76,20387.82,-0.51,C,49.81,64.44,GIE AGSI+ API v013
EU,2026-01-19,EU,eu,560.8588,1142.6332,49.08,3519,64.27,8387.7,8323.4,12159.04,20386.14,-0.73,C,49.08,63.748,GIE AGSI+ API v013
EU,2026-01-20,EU,eu,551.883,1142.6332,48.3,3519,84.07,9081.8,8997.8,12160.58,20383.66,-0.79,C,48.3,63.074,GIE AGSI+ API v013
EU,2026-01-21,EU,eu,543.5855,1142.6332,47.57,3519,243.44,8572.6,8329.1,12152.08,20327.06,-0.73,C,47.57,62.422,GIE AGSI+ API v013
EU,2026-01-22,EU,eu,534.9317,1142.6332,46.82,3519,186.64,8796,8609.3,12163.09,20360.66,-0.76,C,46.82,61.816,GIE AGSI+ API v013
EU,2026-01-23,EU,eu,526.7837,1142.6332,46.1,3519,224.82,8347.5,8122.6,12164.68,20358.19,-0.71,C,46.1,61.232,GIE AGSI+ API v013
EU,2026-01-24,EU,eu,519.9876,1142.6332,45.51,3519,389.22,7052.6,6663.4,12166.36,20355.62,-0.59,C,45.51,60.662,GIE AGSI+ API v013
EU,2026-01-25,EU,eu,513.1807,1142.6332,44.91,3519,487.52,7174.4,6686.8,12168.04,20352.09,-0.6,C,44.91,60.07,GIE AGSI+ API v013
EU,2026-01-26,EU,eu,504.9772,1142.6332,44.19,3519,456.32,8621.4,8165.1,12170.19,20348.02,-0.72,C,44.19,59.482,GIE AGSI+ API v013
EU,2026-01-27,EU,eu,497.3464,1142.6332,43.53,3519,225.52,8164.4,7938.9,12171.72,20342.15,-0.67,E,43.53,58.938,GIE AGSI+ API v013
EU,2026-01-28,EU,eu,489.5725,1142.6332,42.85,3519,152.48,7931.1,7778.7,12165.24,20303.79,-0.68,E,42.85,58.432,GIE AGSI+ API v013
EU,2026-01-29,EU,eu,481.6663,1142.6332,42.15,3519,175.3,8118.6,7943.3,12177.58,20335.5,-0.69,E,42.15,57.972,GIE AGSI+ API v013
EU,2026-01-30,EU,eu,474.6302,1142.6332,41.54,3519,265.93,7322.7,7056.7,12179.97,20331.47,-0.62,C,41.54,57.488,GIE AGSI+ API v013
EU,2026-01-31,EU,eu,468.7076,1142.6332,41.02,3519,231.93,6452.2,6220.2,12181.61,20328.74,-0.52,C,41.02,56.972,GIE AGSI+ API v013
EU,2026-02-01,EU,eu,463.0615,1142.6332,40.53,3519,344.49,5791.1,5446.7,12182.82,20326.43,-0.49,E,40.53,56.474,GIE AGSI+ API v013
EU,2026-02-02,EU,eu,455.5248,1142.6332,39.87,3519,109.47,7785.4,7675.9,12183.84,20324.4,-0.66,C,39.87,55.986,GIE AGSI+ API v013
EU,2026-02-03,EU,eu,447.6683,1142.6332,39.18,3519,175.16,8452,8276.9,12162.01,20322.23,-0.69,C,39.18,55.574,GIE AGSI+ API v013
EU,2026-02-04,EU,eu,439.9291,1142.6332,38.5,3519,337.24,7964.1,7626.8,12164.1,20275.58,-0.68,E,38.5,55.148,GIE AGSI+ API v013
EU,2026-02-05,EU,eu,432.9572,1142.6332,37.89,3519,360.34,7335.4,6975.1,12165.84,20308.02,-0.61,E,37.89,54.758,GIE AGSI+ API v013
EU,2026-02-06,EU,eu,426.9671,1142.6332,37.37,3519,406.98,6366.1,5959.1,12167.61,20296.72,-0.52,C,37.37,54.308,GIE AGSI+ API v013
EU,2026-02-07,EU,eu,423.2156,1142.6332,37.04,3519,725.87,4483.4,3757.5,12168.15,20294.03,-0.33,C,37.04,53.796,GIE AGSI+ API v013
EU,2026-02-08,EU,eu,419.0197,1142.6332,36.67,3519,483.8,4677.1,4193.3,12168.88,20281.74,-0.37,C,36.67,53.25,GIE AGSI+ API v013
EU,2026-02-09,EU,eu,412.7173,1142.6332,36.12,3519,221.72,6441.2,6219.4,12169.93,20279.92,-0.55,C,36.12,52.708,GIE AGSI+ API v013
EU,2026-02-10,EU,eu,406.9948,1142.6332,35.62,3519,272.85,6023.4,5750.5,12171.6,20276.99,-0.5,E,35.62,52.194,GIE AGSI+ API v013
EU,2026-02-11,EU,eu,402.1776,1142.6332,35.2,3519,415.05,5134.2,4719.1,12172.98,20238.87,-0.42,E,35.2,51.72,GIE AGSI+ API v013
EU,2026-02-12,EU,eu,397.6345,1142.6332,34.8,3519,420.51,4933,4512.4,12173.24,20274.12,-0.4,E,34.8,51.136,GIE AGSI+ API v013
EU,2026-02-13,EU,eu,392.7498,1142.6332,34.37,3519,348.01,5241.1,4893.1,12174.05,20272.7,-0.43,C,34.37,50.634,GIE AGSI+ API v013
EU,2026-02-14,EU,eu,387.8839,1142.6332,33.95,3519,232.11,5132,4899.9,12175.8,20269.63,-0.43,E,33.95,50.126,GIE AGSI+ API v013
EU,2026-02-15,EU,eu,383.1784,1142.6332,33.53,3519,259.27,4907.3,4648.1,12177.35,20255.91,-0.41,C,33.53,49.652,GIE AGSI+ API v013
EU,2026-02-16,EU,eu,377.2896,1142.6332,33.02,3519,175.79,5986.7,5810.9,12178.69,20253.57,-0.52,E,33.02,49.256,GIE AGSI+ API v013
EU,2026-02-17,EU,eu,371.3612,1142.6332,32.5,3519,134.04,6033.4,5899.4,12180.23,20250.87,-0.52,C,32.5,48.898,GIE AGSI+ API v013
EU,2026-02-18,EU,eu,365.2517,1142.6332,31.97,3519,136.47,6231.5,6095.1,12181.18,20213.52,-0.53,E,31.97,48.57,GIE AGSI+ API v013
EU,2026-02-19,EU,eu,359.5198,1142.6332,31.46,3519,130.4,5867.5,5737.1,12182.63,20246.7,-0.5,C,31.46,48.228,GIE AGSI+ API v013
EU,2026-02-20,EU,eu,355.0132,1142.6332,31.07,3519,208.34,5105.3,4896.9,12184.17,20244.02,-0.39,C,31.07,47.944,GIE AGSI+ API v013
EU,2026-02-21,EU,eu,352.5875,1142.6332,30.86,3519,776.55,3188.7,2412.2,12184.59,20243.28,-0.21,C,30.86,47.66,GIE AGSI+ API v013
EU,2026-02-22,EU,eu,351.772,1142.6332,30.79,3519,1739.59,2543.6,804,12183.93,20244.44,-0.07,C,30.79,47.372,GIE AGSI+ API v013
EU,2026-02-23,EU,eu,349.6367,1142.6337,30.6,3519,712.71,2896.8,2184.1,12183.08,20246.03,-0.19,C,30.6,47.116,GIE AGSI+ API v013
EU,2026-02-24,EU,eu,346.7547,1142.6337,30.35,3519,464.59,3392.4,2927.8,12182.92,20246.53,-0.25,C,30.35,46.874,GIE AGSI+ API v013
EU,2026-02-25,EU,eu,344.9971,1142.6337,30.19,3519,848.6,2628.2,1779.6,12183.89,20209.34,-0.15,C,30.19,46.62,GIE AGSI+ API v013
EU,2026-02-26,EU,eu,343.8723,1142.6337,30.09,3519,1075.66,2226.4,1150.7,12183.48,20245.31,-0.1,E,30.09,46.348,GIE AGSI+ API v013
EU,2026-02-27,EU,eu,343.3812,1142.6337,30.05,3519,1452.77,1970.7,517.9,12183.73,20244.89,-0.04,E,30.05,46,GIE AGSI+ API v013
EU,2026-02-28,EU,eu,342.5502,1142.6337,29.98,3519,1780.41,1863,82.6,12183.95,20244.5,-0.07,E,29.98,45.536,GIE AGSI+ API v013
EU,2026-03-01,EU,eu,342.4953,1142.6337,29.97,3519,1344.21,1361.6,17.4,12182.39,20247.24,-0,E,29.97,45.216,GIE AGSI+ API v013
EU,2026-03-02,EU,eu,341.494,1142.6337,29.89,3519,1095.5,2073.4,977.9,12183.3,20245.64,-0.09,E,29.89,44.92,GIE AGSI+ API v013
EU,2026-03-03,EU,eu,339.9485,1142.6337,29.75,3519,988.07,2449.2,1461.1,12184.03,20244.37,-0.14,E,29.75,44.624,GIE AGSI+ API v013
EU,2026-03-04,EU,eu,338.1372,1142.6337,29.59,3519,909.89,2680.4,1770.5,12214.04,20208.65,-0.16,E,29.59,44.346,GIE AGSI+ API v013
EU,2026-03-05,EU,eu,337.3323,1142.6337,29.52,3519,1324.89,2581.6,1256.7,12208.26,20243.96,-0.07,E,29.52,44.014,GIE AGSI+ API v013
EU,2026-03-06,EU,eu,336.1935,1142.6337,29.42,3519,1199.28,2324.4,1125.1,12232.83,20244.72,-0.1,E,29.42,43.728,GIE AGSI+ API v013
EU,2026-03-07,EU,eu,335.9394,1142.6337,29.4,3519,1523.27,1694.9,171.6,12232.31,20245.63,-0.02,C,29.4,43.398,GIE AGSI+ API v013
EU,2026-03-08,EU,eu,335.9106,1142.6337,29.4,3519,1717.76,1616.6,-101.2,12231.95,20246.26,-0,C,29.4,43.09,GIE AGSI+ API v013
EU,2026-03-09,EU,eu,334.7405,1142.6337,29.3,3519,1106.58,2270.7,1164.1,12231.4,20161.54,-0.1,C,29.3,42.85,GIE AGSI+ API v013
EU,2026-03-10,EU,eu,334.4125,1142.6337,29.27,3519,1126.56,2184.8,1058.2,12231.02,20162.2,-0.03,C,29.27,42.654,GIE AGSI+ API v013
EU,2026-03-11,EU,eu,334.1502,1142.6337,29.24,3519,1184.37,1883.1,698.8,12231.13,20162.02,-0.02,C,29.24,42.448,GIE AGSI+ API v013
EU,2026-03-12,EU,eu,333.2505,1142.6337,29.17,3519,972.39,1859.8,887.5,12230.64,20162.88,-0.08,E,29.17,42.308,GIE AGSI+ API v013
EU,2026-03-13,EU,eu,332.5552,1142.6337,29.1,3519,1135,1810.3,675.3,12229.69,20164.55,-0.06,C,29.1,42.116,GIE AGSI+ API v013
EU,2026-03-14,EU,eu,332.0709,1142.6337,29.06,3519,941.32,1838.7,897.4,12253.51,20250.53,-0.04,C,29.06,41.954,GIE AGSI+ API v013
EU,2026-03-15,EU,eu,331.8297,1142.6337,29.04,3519,1321.29,1494.8,173.5,12254.1,20249.51,-0.02,E,29.04,41.758,GIE AGSI+ API v013
EU,2026-03-16,EU,eu,330.9655,1142.6337,28.97,3519,1063.89,1930.2,866.3,12254.47,20248.86,-0.08,E,28.97,41.6,GIE AGSI+ API v013
EU,2026-03-17,EU,eu,329.2693,1142.6337,28.82,3519,808.69,2095.7,1287,12255.24,20247.51,-0.15,E,28.82,41.434,GIE AGSI+ API v013
EU,2026-03-18,EU,eu,327.8383,1142.6337,28.69,3519,783.03,2106.2,1323.2,12198.99,20210.85,-0.13,C,28.69,41.274,GIE AGSI+ API v013
EU,2026-03-19,EU,eu,326.6069,1142.6337,28.58,3519,816.34,2036.5,1220.1,12208.45,20247.5,-0.11,C,28.58,41.122,GIE AGSI+ API v013
EU,2026-03-20,EU,eu,325.7905,1142.6337,28.51,3519,982.61,1818.3,835.7,12208.19,20247.94,-0.07,E,28.51,41.04,GIE AGSI+ API v013
EU,2026-03-21,EU,eu,325.4803,1142.6337,28.49,3519,1336.57,1588.4,251.9,12208.03,20248.22,-0.03,C,28.49,40.968,GIE AGSI+ API v013
EU,2026-03-22,EU,eu,325.3977,1142.6337,28.48,3519,1447.6,1514.7,67.1,12207.67,20248.86,-0.01,C,28.48,40.92,GIE AGSI+ API v013
EU,2026-03-23,EU,eu,324.7242,1142.6337,28.42,3519,933.99,2048.3,1114.3,12207.37,20249.39,-0.06,C,28.42,40.9,GIE AGSI+ API v013
EU,2026-03-24,EU,eu,325.0724,1142.6337,28.45,3519,1544.85,1475.8,-69.1,12207.51,20249.19,0.03,C,28.45,40.892,GIE AGSI+ API v013
EU,2026-03-25,EU,eu,324.9293,1142.6337,28.44,3519,1325.91,1482.9,157,12197.31,20213.9,-0.01,C,28.44,40.878,GIE AGSI+ API v013
EU,2026-03-26,EU,eu,323.2825,1142.6337,28.29,3519,648.19,2286.1,1637.9,12207.56,20249.24,-0.14,C,28.29,40.894,GIE AGSI+ API v013
EU,2026-03-27,EU,eu,321.5738,1142.5345,28.15,3519,688.88,2426.9,1738,12238.77,20247.04,-0.15,C,28.15,40.892,GIE AGSI+ API v013
EU,2026-03-28,EU,eu,321.0274,1141.0268,28.13,3519,1062.46,1555.7,493.2,12007.11,19905.36,-0.05,E,28.13,40.856,GIE AGSI+ API v013
EU,2026-03-29,EU,eu,321.107,1142.5345,28.1,3519,1064.81,1624.9,560.1,12211.14,20300.94,0.01,E,28.1,40.88,GIE AGSI+ API v013
EU,2026-03-30,EU,eu,319.6875,1142.5345,27.98,3519,675.72,1953.7,1278,12221.08,20313.95,-0.12,C,27.98,40.948,GIE AGSI+ API v013
EU,2026-03-31,EU,eu,313.7922,1136.2748,27.62,3519,481.76,2517.8,2036.1,12084.33,20036.14,-0.52,E,27.62,40.888,GIE AGSI+ API v013
EU,2026-04-01,EU,eu,316.1464,1133.7278,27.89,3519,571.52,2207.4,1635.9,12226.69,20050.42,0.21,E,27.89,41.286,GIE AGSI+ API v013
EU,2026-04-02,EU,eu,315.6317,1131.9995,27.88,3519,866.79,2081.1,1214.3,12243.16,20090.78,-0.05,E,27.88,41.372,GIE AGSI+ API v013
EU,2026-04-03,EU,eu,316.2059,1131.9995,27.93,3519,1531.04,928.2,-602.9,12245.1,20087.39,0.05,E,27.93,41.412,GIE AGSI+ API v013
EU,2026-04-04,EU,eu,318.6326,1131.9995,28.15,3519,2762.3,302.5,-2459.8,12246.48,20084.96,0.21,E,28.15,41.446,GIE AGSI+ API v013
EU,2026-04-05,EU,eu,321.3078,1131.9995,28.38,3519,2897.68,280,-2617.7,12246.49,20084.95,0.24,E,28.38,41.498,GIE AGSI+ API v013
EU,2026-04-06,EU,eu,323.5249,1131.9995,28.58,3519,2559.92,350.7,-2209.2,12246.29,20085.3,0.2,E,28.58,41.626,GIE AGSI+ API v013
EU,2026-04-07,EU,eu,325.3243,1131.9859,28.74,3519,2186.04,404.9,-1781.1,12246.86,20084.29,0.16,E,28.74,41.632,GIE AGSI+ API v013
EU,2026-04-08,EU,eu,327.014,1131.9859,28.89,3519,2129.42,406.1,-1723.4,12237.75,20047.03,0.15,E,28.89,41.696,GIE AGSI+ API v013
EU,2026-04-09,EU,eu,328.539,1132.6532,29.01,3519,2133.04,543.4,-1589.6,12248.01,20082.28,0.13,E,29.01,41.728,GIE AGSI+ API v013
EU,2026-04-10,EU,eu,329.9205,1132.2303,29.14,3519,1999.48,617.5,-1382,12248.59,20081.26,0.12,E,29.14,41.838,GIE AGSI+ API v013
EU,2026-04-11,EU,eu,332.4353,1132.2303,29.36,3519,2447.48,342,-2105.5,12249.16,20080.26,0.22,E,29.36,41.994,GIE AGSI+ API v013
EU,2026-04-12,EU,eu,333.9792,1132.2303,29.5,3519,2376.85,380.6,-1996.3,12249.54,20079.61,0.14,E,29.5,42.1,GIE AGSI+ API v013
EU,2026-04-13,EU,eu,334.2243,1132.2303,29.52,3519,1668.95,1398.7,-270.2,12249.77,20079.19,0.02,E,29.52,42.234,GIE AGSI+ API v013
EU,2026-04-14,EU,eu,334.1328,1132.2303,29.51,3519,1229.74,1302.4,72.7,12251.85,20075.54,-0.01,E,29.51,42.344,GIE AGSI+ API v013
EU,2026-04-15,EU,eu,334.7714,1132.7695,29.55,3519,1573.24,917.8,-655.5,12242.02,20039.56,0.06,E,29.55,42.472,GIE AGSI+ API v013
EU,2026-04-16,EU,eu,336.4578,1132.7695,29.7,3519,2074.52,492.9,-1581.6,12252.45,20059.5,0.15,E,29.7,42.57,GIE AGSI+ API v013
EU,2026-04-17,EU,eu,338.9122,1132.7695,29.92,3519,2801.56,304.8,-2496.7,12252.43,20059.53,0.22,E,29.92,42.708,GIE AGSI+ API v013
EU,2026-04-18,EU,eu,342.0918,1132.7695,30.2,3519,3424.54,195.8,-3228.7,12252.2,20059.94,0.28,E,30.2,42.86,GIE AGSI+ API v013
EU,2026-04-19,EU,eu,345.0441,1132.7695,30.46,3519,3154.66,216.5,-2938.2,12252.14,20060.04,0.26,E,30.46,42.994,GIE AGSI+ API v013
EU,2026-04-20,EU,eu,346.7528,1132.7695,30.61,3519,2075.52,409.6,-1665.9,12252.51,20059.4,0.15,E,30.61,43.144,GIE AGSI+ API v013
EU,2026-04-21,EU,eu,347.8268,1132.7695,30.71,3519,1778.3,672.5,-1105.8,12247.45,20052.08,0.09,E,30.71,43.304,GIE AGSI+ API v013
EU,2026-04-22,EU,eu,349.1441,1132.7695,30.82,3519,1817.35,500.9,-1316.5,12242.86,20023.07,0.12,E,30.82,43.464,GIE AGSI+ API v013
EU,2026-04-23,EU,eu,350.6005,1132.7695,30.95,3519,1933.06,460.1,-1473,12252.95,20058.63,0.13,E,30.95,43.648,GIE AGSI+ API v013
EU,2026-04-24,EU,eu,353.2082,1132.5795,31.19,3519,2841.7,241.6,-2600.1,12253.15,20058.27,0.23,E,31.19,43.85,GIE AGSI+ API v013
EU,2026-04-25,EU,eu,356.4516,1132.5795,31.47,3519,3458.47,201.7,-3256.8,12252.87,20058.75,0.29,E,31.47,44.014,GIE AGSI+ API v013
EU,2026-04-26,EU,eu,359.6138,1132.5795,31.75,3519,3358.52,193.8,-3164.7,12252.73,20059.01,0.28,E,31.75,44.14,GIE AGSI+ API v013
EU,2026-04-27,EU,eu,362.1243,1132.5795,31.97,3519,2805.16,295.2,-2509.9,12252.24,20059.86,0.22,E,31.97,44.34,GIE AGSI+ API v013
EU,2026-04-28,EU,eu,365.0716,1132.5795,32.23,3519,3131.32,201.3,-2930,12251.88,20060.5,0.26,E,32.23,44.552,GIE AGSI+ API v013
EU,2026-04-29,EU,eu,367.9275,1132.5795,32.49,3519,3071.51,191,-2880.5,12240.89,20026.54,0.25,E,32.49,44.786,GIE AGSI+ API v013
EU,2026-04-30,EU,eu,370.7137,1132.5809,32.73,3519,3016.15,259,-2757.2,12228.4,20084.8,0.25,E,32.73,45.022,GIE AGSI+ API v013
EU,2026-05-01,EU,eu,374.3047,1132.1209,33.06,3519,3927.06,85.2,-3841.9,12258.14,20044.26,0.32,E,33.06,45.334,GIE AGSI+ API v013
EU,2026-05-02,EU,eu,378.4168,1132.1209,33.43,3519,4187.18,63.9,-4123.3,12250.94,20036.43,0.36,E,33.43,45.616,GIE AGSI+ API v013
EU,2026-05-03,EU,eu,382.4172,1132.1209,33.78,3519,4092.37,78.5,-4013.9,12249.86,20038.32,0.35,E,33.78,45.892,GIE AGSI+ API v013
EU,2026-05-04,EU,eu,385.5517,1132.1539,34.05,3519,3238.84,138.7,-3100.1,12249.16,20039.54,0.28,C,34.05,46.162,GIE AGSI+ API v013
EU,2026-05-05,EU,eu,387.6695,1132.1539,34.24,3519,2965.23,595.6,-2369.6,12224.94,19954.26,0.19,C,34.24,46.4,GIE AGSI+ API v013
EU,2026-05-06,EU,eu,389.2507,1132.1539,34.38,3519,2087.6,494.1,-1593.5,12225.73,19952.88,0.14,C,34.38,46.63,GIE AGSI+ API v013
EU,2026-05-07,EU,eu,390.5793,1132.1539,34.5,3519,1993.71,658.5,-1335.3,12226.34,19951.81,0.12,C,34.5,46.88,GIE AGSI+ API v013
EU,2026-05-08,EU,eu,393.1524,1132.1539,34.73,3519,2716.31,134.4,-2581.9,12251,20036.32,0.23,C,34.73,47.144,GIE AGSI+ API v013
EU,2026-05-09,EU,eu,396.5856,1131.8689,35.04,3519,3556.07,107.5,-3448.5,12250.78,20036.7,0.3,C,35.04,47.454,GIE AGSI+ API v013
EU,2026-05-10,EU,eu,400.0892,1131.8845,35.35,3519,3665.59,135.9,-3529.7,12252.54,20037.49,0.31,C,35.35,47.772,GIE AGSI+ API v013
EU,2026-05-11,EU,eu,402.5463,1131.8845,35.56,3519,2673.26,239,-2434.2,12252.3,20037.91,0.22,C,35.56,48.11,GIE AGSI+ API v013
EU,2026-05-12,EU,eu,404.1957,1131.8845,35.71,3519,2176.96,531,-1646,12252.16,20038.16,0.15,C,35.71,48.434,GIE AGSI+ API v013
EU,2026-05-13,EU,eu,405.5868,1131.8845,35.83,3519,2167.97,781.9,-1386.1,12242.63,20001.63,0.12,C,35.83,48.8,GIE AGSI+ API v013
EU,2026-05-14,EU,eu,407.3007,1131.8845,35.98,3519,2149.3,435.4,-1713.9,12253.91,20035.09,0.15,E,35.98,49.172,GIE AGSI+ API v013
EU,2026-05-15,EU,eu,409.0593,1131.8845,36.14,3519,2227.11,465.8,-1761.3,12254.28,20034.43,0.16,E,36.14,49.494,GIE AGSI+ API v013
EU,2026-05-16,EU,eu,411.3285,1131.8845,36.34,3519,2583.41,280.7,-2302.7,12253.97,20034.99,0.2,E,36.34,49.802,GIE AGSI+ API v013
EU,2026-05-17,EU,eu,413.7894,1131.8845,36.56,3519,2716.91,246.3,-2470.6,12253.76,20035.35,0.22,E,36.56,50.09,GIE AGSI+ API v013
EU,2026-05-18,EU,eu,415.6689,1131.8845,36.72,3519,2112.98,421,-1692,12253.3,20036.15,0.17,E,36.72,50.37,GIE AGSI+ API v013
EU,2026-05-19,EU,eu,417.3713,1131.8845,36.87,3519,2278.07,474.7,-1803.4,12232.81,19960.29,0.15,C,36.87,50.64,GIE AGSI+ API v013
EU,2026-05-20,EU,eu,418.6346,1131.8845,36.99,3519,1923.92,690.8,-1233.1,12241.16,19988.24,0.11,E,36.99,50.964,GIE AGSI+ API v013
EU,2026-05-21,EU,eu,420.8071,1131.8845,37.18,3519,2610.62,424.8,-2185.8,12254.69,20033.72,0.19,C,37.18,51.274,GIE AGSI+ API v013
EU,2026-05-22,EU,eu,423.8875,1131.8845,37.45,3519,3247.85,147,-3100.8,12254.73,20033.65,0.27,C,37.45,51.582,GIE AGSI+ API v013
EU,2026-05-23,EU,eu,428.1555,1131.8845,37.83,3519,4355.59,80.5,-4275.1,12253.96,20035.01,0.38,C,37.83,51.884,GIE AGSI+ API v013
EU,2026-05-24,EU,eu,432.5348,1131.8845,38.21,3519,4473.73,103.5,-4370.2,12253.44,20035.92,0.39,C,38.21,52.176,GIE AGSI+ API v013
EU,2026-05-25,EU,eu,435.8617,1131.4655,38.52,3519,3943.8,207.8,-3736,12253.26,20036.23,0.29,C,38.52,52.492,GIE AGSI+ API v013
EU,2026-05-26,EU,eu,439.2978,1131.4655,38.83,3519,3657.31,228.8,-3428.6,12252.96,20036.75,0.3,E,38.83,52.818,GIE AGSI+ API v013
EU,2026-05-27,EU,eu,442.7626,1131.4655,39.13,3519,3669.21,218.3,-3450.9,12241.68,20003.3,0.31,C,39.13,53.13,GIE AGSI+ API v013
EU,2026-05-28,EU,eu,445.9829,1131.4655,39.42,3519,3394.48,187.9,-3206.5,12251.08,20040.05,0.28,C,39.42,53.452,GIE AGSI+ API v013
EU,2026-05-29,EU,eu,449.5794,1131.4655,39.73,3519,3690.1,104.2,-3585.9,12250.94,20040.29,0.32,C,39.73,53.806,GIE AGSI+ API v013
EU,2026-05-30,EU,eu,453.5937,1131.4655,40.09,3519,4115.12,95.7,-4019.4,12249.66,20042.55,0.35,C,40.09,54.124,GIE AGSI+ API v013
EU,2026-05-31,EU,eu,457.9534,1131.4655,40.47,3519,4322.1,66.3,-4255.8,12249.4,20043,0.39,E,40.47,54.428,GIE AGSI+ API v013
EU,2026-06-01,EU,eu,461.182,1131.466,40.76,3519,3473.92,299.9,-3174,12248.95,20043.79,0.29,C,40.76,54.75,GIE AGSI+ API v013
EU,2026-06-02,EU,eu,464.1877,1131.466,41.03,3519,3316.22,311.9,-3004.3,12248.4,20044.75,0.27,C,41.03,55.114,GIE AGSI+ API v013
EU,2026-06-03,EU,eu,466.7315,1131.466,41.25,3519,3039.53,492.1,-2547.5,12236.89,20011.71,0.22,C,41.25,55.448,GIE AGSI+ API v013
EU,2026-06-04,EU,eu,469.8594,1131.466,41.53,3519,3481.02,356.1,-3124.9,12245.97,20049.01,0.28,E,41.53,55.796,GIE AGSI+ API v013
EU,2026-06-05,EU,eu,472.8126,1131.466,41.79,3519,3228.22,287,-2941.2,12249.3,20052.07,0.26,E,41.79,56.12,GIE AGSI+ API v013
EU,2026-06-06,EU,eu,476.638,1131.466,42.13,3519,4004.49,119.6,-3884.9,12248.07,20054.31,0.34,C,42.13,56.456,GIE AGSI+ API v013
EU,2026-06-07,EU,eu,480.6597,1131.466,42.48,3519,4108.31,83,-4025.3,12246.35,20057.47,0.36,C,42.48,56.758,GIE AGSI+ API v013
EU,2026-06-08,EU,eu,484.1785,1131.466,42.79,3519,3643.99,119.2,-3524.7,12244.61,20060.64,0.31,E,42.79,57.07,GIE AGSI+ API v013
EU,2026-06-09,EU,eu,487.5966,1131.466,43.09,3519,3600.16,190.8,-3409.4,12243.6,20062.56,0.3,C,43.09,57.358,GIE AGSI+ API v013
EU,2026-06-10,EU,eu,490.5758,1131.466,43.36,3519,3251.59,286.4,-2965.2,12242.47,20064.76,0.26,E,43.36,57.652,GIE AGSI+ API v013
EU,2026-06-11,EU,eu,493.2224,1131.466,43.59,3519,3047.67,384,-2663.6,12241.88,20066,0.23,E,43.59,57.996,GIE AGSI+ API v013
EU,2026-06-12,EU,eu,496.7879,1131.466,43.91,3519,3763,91.4,-3671.6,12241.38,20066.95,0.32,E,43.91,58.344,GIE AGSI+ API v013
EU,2026-06-13,EU,eu,501.2415,1130.511,44.34,3519,4560.11,88.8,-4471.3,12235.17,20068.8,0.39,C,44.34,58.674,GIE AGSI+ API v013
EU,2026-06-14,EU,eu,505.5306,1130.511,44.72,3519,4432.88,133.5,-4299.4,12233.76,20071.22,0.38,C,44.72,58.998,GIE AGSI+ API v013
EU,2026-06-15,EU,eu,509.032,1130.511,45.03,3519,3716.51,195.8,-3520.7,12232.62,20073.18,0.31,C,45.03,59.304,GIE AGSI+ API v013
EU,2026-06-16,EU,eu,512.0382,1130.511,45.29,3519,3256.99,245.8,-3011.2,12237.35,20073.83,0.27,C,45.29,59.57,GIE AGSI+ API v013
EU,2026-06-17,EU,eu,515.0695,1130.511,45.56,3519,3239.72,190.4,-3049.4,12227.67,20037.54,0.27,E,45.56,59.908,GIE AGSI+ API v013
EU,2026-06-18,EU,eu,517.9738,1130.511,45.82,3519,3082.95,187.5,-2895.5,12237.28,20073.87,0.26,E,45.82,60.258,GIE AGSI+ API v013
EU,2026-06-19,EU,eu,521.1504,1130.511,46.1,3519,3339.93,154.7,-3185.2,12236.92,20074.48,0.28,E,46.1,60.594,GIE AGSI+ API v013
EU,2026-06-20,EU,eu,524.6596,1130.511,46.41,3519,3712.56,206.2,-3506.3,12235.79,20076.39,0.31,E,46.41,60.906,GIE AGSI+ API v013
EU,2026-06-21,EU,eu,528.2319,1130.511,46.73,3519,3792.08,205.2,-3586.9,12235.03,20077.72,0.32,E,46.73,61.144,GIE AGSI+ API v013
EU,2026-06-22,EU,eu,531.082,1130.511,46.98,3519,3167.67,329.7,-2838,12234.12,20079.29,0.25,E,46.98,61.422,GIE AGSI+ API v013
EU,2026-06-23,EU,eu,533.6936,1130.511,47.21,3519,2885.72,349.4,-2536.3,12233.38,20080.58,0.23,C,47.21,61.704,GIE AGSI+ API v013
EU,2026-06-24,EU,eu,536.271,1130.511,47.44,3519,2880.25,288.3,-2591.9,12229.48,20054.63,0.23,E,47.44,61.996,GIE AGSI+ API v013
EU,2026-06-25,EU,eu,539.2202,1130.511,47.7,3519,3288.48,330.4,-2958.1,12238.75,20091.58,0.26,C,47.7,62.306,GIE AGSI+ API v013
EU,2026-06-26,EU,eu,542.3953,1130.511,47.98,3519,3468.71,280.4,-3188.3,12237.33,20093.99,0.28,C,47.98,62.626,GIE AGSI+ API v013
EU,2026-06-27,EU,eu,546.1231,1130.511,48.31,3519,3916.41,181.6,-3734.8,12235.45,20097.23,0.33,C,48.31,62.918,GIE AGSI+ API v013
EU,2026-06-28,EU,eu,549.7981,1130.511,48.63,3519,3878.11,191.3,-3686.9,12233.77,20100.12,0.33,E,48.63,63.222,GIE AGSI+ API v013
EU,2026-06-29,EU,eu,552.4998,1130.511,48.87,3519,3112.67,391.8,-2720.9,12232.78,20101.8,0.24,C,48.87,63.528,GIE AGSI+ API v013
EU,2026-06-30,EU,eu,554.9405,1130.511,49.09,3519,2781.59,276.9,-2504.6,12232.37,20102.47,0.22,C,49.09,63.82,GIE AGSI+ API v013
EU,2026-07-01,EU,eu,556.6692,1130.511,49.24,3519,3008.39,525.8,-2482.6,12239.92,19987.81,0.15,C,49.24,64.092,GIE AGSI+ API v013
EU,2026-07-02,EU,eu,559.2822,1130.511,49.47,3519,3014.31,390.5,-2623.8,12249.89,20023.56,0.23,E,49.47,64.408,GIE AGSI+ API v013
EU,2026-07-03,EU,eu,562.1145,1130.511,49.72,3519,3226.81,383.4,-2843.4,12244.91,20014.37,0.25,E,49.72,64.732,GIE AGSI+ API v013
EU,2026-07-04,EU,eu,565.776,1130.511,50.05,3519,3881.77,192.5,-3689.3,12250.38,20022.62,0.32,C,50.05,65.046,GIE AGSI+ API v013
EU,2026-07-05,EU,eu,569.42,1130.511,50.37,3519,3877.57,220.5,-3657,12249.68,20023.83,0.32,E,50.37,65.368,GIE AGSI+ API v013
EU,2026-07-06,EU,eu,572.4729,1130.511,50.64,3519,3358.95,299.8,-3059.1,12249.01,20024.96,0.27,C,50.64,65.67,GIE AGSI+ API v013
EU,2026-07-07,EU,eu,575.3388,1130.511,50.89,3519,3192.79,328.6,-2864.2,12248.71,20025.46,0.25,C,50.89,65.964,GIE AGSI+ API v013
EU,2026-07-08,EU,eu,577.8095,1130.511,51.11,3519,2985.63,499.2,-2486.4,12238.48,19990.16,0.22,C,51.11,66.336,GIE AGSI+ API v013
EU,2026-07-09,EU,eu,580.1694,1130.511,51.32,3519,2930.86,577.5,-2353.4,12248.52,20025.79,0.21,E,51.32,66.608,GIE AGSI+ API v013
EU,2026-07-10,EU,eu,582.57,1130.511,51.53,3519,2880.07,434.6,-2445.5,12248.87,20025.15,0.21,C,51.53,66.958,GIE AGSI+ API v013
EU,2026-07-11,EU,eu,586.4139,1130.511,51.87,3519,4054.67,207.9,-3846.7,12248.93,20025.06,0.34,C,51.87,67.244,GIE AGSI+ API v013
EU,2026-07-12,EU,eu,590.547,1130.511,52.24,3519,4335.33,206.6,-4128.7,12247.64,20027.28,0.37,C,52.24,67.514,GIE AGSI+ API v013
EU,2026-07-13,EU,eu,593.7819,1130.511,52.52,3519,3516.84,292.4,-3224.5,12245.76,20030.64,0.29,C,52.52,67.784,GIE AGSI+ API v013
EU,2026-07-14,EU,eu,596.5936,1130.511,52.77,3519,3168.95,334.9,-2834.1,12245.03,20031.95,0.25,E,52.77,68.054,GIE AGSI+ API v013
EU,2026-07-15,EU,eu,598.991,1130.2074,53,3519,2752.82,364.7,-2388.2,12240.6,19983.7,0.21,C,53,68.342,GIE AGSI+ API v013
EU,2026-07-16,EU,eu,600.7477,1130.2074,53.15,3519,2460.24,709,-1751.2,12250.47,20019.62,0.16,C,53.15,68.65,GIE AGSI+ API v013
EU,2026-07-17,EU,eu,603.1366,1130.2074,53.37,3519,2856.63,463.3,-2393.4,12251.15,20018.43,0.21,C,53.37,68.938,GIE AGSI+ API v013
EU,2026-07-18,EU,eu,606.6213,1130.2074,53.67,3519,3678.57,158.7,-3519.9,12251.53,20017.76,0.31,E,53.67,69.202,GIE AGSI+ API v013
EU,2026-07-19,EU,eu,610.2775,1130.2074,54,3519,3781.35,138.1,-3643.2,12251.36,20018.03,0.32,C,54,69.462,GIE AGSI+ API v013
EU,2026-07-20,EU,eu,612.6144,1130.2074,54.2,3519,2786.83,455.4,-2331.4,12251.08,20018.49,0.21,C,54.2,69.73,GIE AGSI+ API v013
EU,2026-07-21,EU,eu,614.62,1130.2074,54.38,3519,2718.46,714.3,-2004.2,12251.18,20018.28,0.18,C,54.38,69.992,GIE AGSI+ API v013
EU,2026-07-22,EU,eu,617.1709,1130.2074,54.61,3519,2862.77,305.1,-2557.7,12241.67,19981.7,0.23,C,54.61,70.27,GIE AGSI+ API v013
EU,2026-07-23,EU,eu,619.5878,1130.2074,54.82,3519,2814.6,369.1,-2445.5,12251.55,20017.63,0.21,E,54.82,70.596,GIE AGSI+ API v013
EU,2026-07-24,EU,eu,622.3389,1130.2074,55.06,3519,3090.97,320.9,-2770.1,12251.82,20017.17,0.24,E,55.06,70.904,GIE AGSI+ API v013
EU,2026-07-25,EU,eu,625.552,1130.2074,55.35,3519,3588.17,366.5,-3221.7,12251.92,20017.01,0.28,E,55.35,71.204,GIE AGSI+ API v013
EU,2026-07-26,EU,eu,629.1458,1130.2074,55.67,3519,3732.26,191.4,-3540.8,12251.55,20017.72,0.32,C,55.67,71.514,GIE AGSI+ API v013
EU,2026-07-27,EU,eu,631.9298,1130.2074,55.91,3519,3073.63,283.8,-2789.8,12251.38,20018.06,0.25,C,55.91,71.846,GIE AGSI+ API v013
EU,2026-07-28,EU,eu,634.6094,1130.2074,56.15,3519,2930.2,255,-2675.2,12251.35,20018.09,0.24,C,56.15,72.158,GIE AGSI+ API v013
EU,2026-07-29,EU,eu,637.3745,1130.2074,56.39,3519,3013.07,256.3,-2756.7,12241.49,19982.19,0.24,C,56.39,72.484,GIE AGSI+ API v013
EU,2026-07-30,EU,eu,640.0512,1130.2074,56.63,3519,2901.31,219.9,-2681.4,12251.27,20018.27,0.24,E,56.63,72.824,GIE AGSI+ API v013
EU,2026-07-31,EU,eu,642.5951,1130.2074,56.86,3519,3126.32,394.7,-2731.6,12251.46,20017.94,0.23,C,56.86,73.138,GIE AGSI+ API v013
EU,2026-08-01,EU,eu,645.1964,1130.2074,57.09,3519,3582.72,527.1,-3055.6,12251.87,20017.25,0.23,C,57.09,73.448,GIE AGSI+ API v013
EU,2026-08-02,EU,eu,648.8461,1130.2074,57.41,3519,3791.16,141.2,-3649.9,12251.92,20017.21,0.32,C,57.41,73.774,GIE AGSI+ API v013
EU,2026-08-03,EU,eu,651.4476,1130.2074,57.64,3519,2879.49,293.2,-2586.3,12251.83,20017.34,0.23,C,57.64,74.092,GIE AGSI+ API v013
EU,2026-08-04,EU,eu,653.7889,1130.2074,57.85,3519,2677.38,340.8,-2336.6,12246.14,20018.25,0.21,C,57.85,74.382,GIE AGSI+ API v013
EU,2026-08-05,EU,eu,656.3637,1130.2074,58.07,3519,2894.8,320.9,-2573.9,12235.48,19983.67,0.23,C,58.07,74.598,GIE AGSI+ API v013
EU,2026-08-06,EU,eu,658.902,1130.2074,58.3,3519,2944.9,391.1,-2553.8,12244.87,20020.48,0.22,C,58.3,74.926,GIE AGSI+ API v013
EU,2026-08-07,EU,eu,661.5039,1130.2074,58.53,3519,2978.7,359.6,-2619.1,12244.93,20020.39,0.23,E,58.53,75.264,GIE AGSI+ API v013
EU,2026-08-08,EU,eu,664.7386,1130.2074,58.82,3519,3442.15,191.3,-3250.9,12244.78,20020.63,0.29,C,58.82,75.582,GIE AGSI+ API v013
EU,2026-08-09,EU,eu,667.9836,1130.2074,59.1,3519,3427.68,168.3,-3259.4,12244.13,20021.77,0.29,C,59.1,75.89,GIE AGSI+ API v013
EU,2026-08-10,EU,eu,671.0612,1130.2074,59.38,3519,3281.54,188.1,-3093.4,12243.4,19937.35,0.27,C,59.38,76.234,GIE AGSI+ API v013
EU,2026-08-11,EU,eu,673.9994,1130.2074,59.64,3519,3202.95,251,-2951.9,12243.02,19938.02,0.26,C,59.64,76.552,GIE AGSI+ API v013
EU,2026-08-12,EU,eu,676.9821,1130.2074,59.9,3519,3222.84,248.2,-2974.7,12232.88,19938.26,0.26,C,59.9,76.848,GIE AGSI+ API v013
EU,2026-08-13,EU,eu,679.9672,1130.2074,60.16,3519,3189.64,253.5,-2936.1,12242.58,19938.77,0.26,E,60.16,77.168,GIE AGSI+ API v013
EU,2026-08-14,EU,eu,683.1062,1130.2094,60.44,3519,3330.54,289.4,-3041.1,12243.03,19955.88,0.28,E,60.44,77.494,GIE AGSI+ API v013
EU,2026-08-15,EU,eu,687.104,1130.2094,60.79,3519,3771.99,227.3,-3544.6,12242.42,20025,0.35,C,60.79,77.802,GIE AGSI+ API v013
EU,2026-08-16,EU,eu,690.8809,1130.2094,61.13,3519,3902.71,188.9,-3713.9,12242,20025.93,0.33,C,61.13,78.12,GIE AGSI+ API v013
EU,2026-08-17,EU,eu,693.6279,1130.2094,61.37,3519,3178.2,426.2,-2752,12242.11,20025.74,0.24,C,61.37,78.432,GIE AGSI+ API v013
EU,2026-08-18,EU,eu,696.2622,1130.2094,61.6,3519,3013.91,460.2,-2553.8,12242.27,20025.52,0.23,C,61.6,78.742,GIE AGSI+ API v013
EU,2026-08-19,EU,eu,698.6311,1130.2094,61.81,3519,3054.11,704.5,-2349.6,12232.78,19988.98,0.21,C,61.81,79.052,GIE AGSI+ API v013
EU,2026-08-20,EU,eu,701.1782,1130.2094,62.04,3519,3041.06,502.4,-2538.7,12243.28,20023.84,0.23,C,62.04,79.372,GIE AGSI+ API v013
EU,2026-08-21,EU,eu,704.3246,1130.2094,62.32,3519,3296.46,204.7,-3091.7,12243.56,20023.4,0.28,C,62.32,79.682,GIE AGSI+ API v013
EU,2026-08-22,EU,eu,708.0276,1130.2594,62.64,3519,3713.52,99.1,-3614.4,12243.52,20023.44,0.33,C,62.64,79.936,GIE AGSI+ API v013
EU,2026-08-23,EU,eu,711.9203,1130.2594,62.99,3519,3915.36,127.4,-3788,12243.66,20023.17,0.34,C,62.99,80.228,GIE AGSI+ API v013
EU,2026-08-24,EU,eu,715.2245,1130.2594,63.28,3519,3439.41,167.4,-3272,12243.53,20023.36,0.29,C,63.28,80.5,GIE AGSI+ API v013
EU,2026-08-25,EU,eu,718.2556,1130.2594,63.55,3519,3149.61,203.7,-2945.9,12243.58,20023.19,0.27,C,63.55,80.772,GIE AGSI+ API v013
EU,2026-08-26,EU,eu,721.2086,1130.2594,63.81,3519,3077.07,150.6,-2926.5,12234.62,19988.68,0.26,C,63.81,81.016,GIE AGSI+ API v013
EU,2026-08-27,EU,eu,724.3371,1130.2594,64.09,3519,3187.68,122.8,-3064.9,12244.62,20024.39,0.28,C,64.09,81.28,GIE AGSI+ API v013
EU,2026-08-28,EU,eu,727.6248,1130.2594,64.38,3519,3322.48,118.1,-3204.4,12244.86,20023.98,0.29,C,64.38,81.494,GIE AGSI+ API v013
EU,2026-08-29,EU,eu,731.6968,1130.2684,64.74,3519,4036.26,88.5,-3947.7,12244.86,20023.85,0.36,C,64.74,81.71,GIE AGSI+ API v013
EU,2026-08-30,EU,eu,735.8072,1130.2594,65.1,3519,4161.3,121.8,-4039.5,12243.85,20025.57,0.36,C,65.1,81.934,GIE AGSI+ API v013
EU,2026-08-31,EU,eu,739.1548,1130.2594,65.4,3519,3416.05,99.4,-3316.7,12219.09,20026.87,0.3,C,65.4,82.12,GIE AGSI+ API v013
EU,2026-09-01,EU,eu,741.9196,1130.3626,65.64,3519,2666.6,143.3,-2523.3,12218.54,20027.89,0.24,C,65.64,82.332,GIE AGSI+ API v013
EU,2026-09-02,EU,eu,744.3131,1130.3626,65.85,3519,2646.14,255.4,-2390.8,12218.15,19942.85,0.21,C,65.85,82.5,GIE AGSI+ API v013
EU,2026-09-03,EU,eu,746.9782,1130.3626,66.08,3519,2806.96,134.6,-2672.4,12242,19942.99,0.24,E,66.08,82.72,GIE AGSI+ API v013
